code,date,open,close,high,low,volume,turnover,amount,close_hfq,market_cap_yuan
000001,2020-12-01,19.7,20.05,20.51,19.4,1263719.75,0.006500000000000001,2516010800.0,3152.36,389088659869.9
000001,2020-12-02,19.93,19.63,20.06,19.52,889385.29,0.0046,1758639200.0000002,3089.14,380938174226.74
000001,2020-12-03,19.78,19.54,19.86,19.17,714452.3,0.0037,1393085000.0,3075.59,379191641588.92
000001,2020-12-04,19.47,19.3,19.47,18.97,891347.84,0.0046,1707639100.0,3039.46,374534221221.4
000001,2020-12-07,19.31,18.91,19.39,18.68,873806.61,0.0045000000000000005,1655173500.0,2980.75,366965913124.18
000001,2020-12-08,18.92,18.71,19.03,18.53,719647.51,0.0037,1345951700.0000002,2950.65,363084729484.58
000001,2020-12-09,18.79,18.71,19.05,18.68,677221.15,0.0034999999999999996,1277484400.0,2950.65,363084729484.58
000001,2020-12-10,18.73,18.65,18.88,18.45,607866.55,0.0031,1130916300.0,2941.61,361920374392.7
000001,2020-12-11,18.71,18.52,18.8,18.22,887793.87,0.0046,1642392300.0,2922.04,359397605026.96
000001,2020-12-14,18.6,18.88,19.06,18.5,835991.74,0.0043,1575396000.0,2976.24,366383735578.24
000001,2020-12-15,18.8,18.74,18.85,18.15,788857.94,0.0040999999999999995,1458268599.9999998,2955.16,363666907030.52
000001,2020-12-16,18.8,19.01,19.1,18.58,689070.42,0.0036,1302133800.0,2995.81,368906504943.98
000001,2020-12-17,18.91,18.95,19.07,18.6,686140.69,0.0034999999999999996,1294658300.0,2986.77,367742149852.1
000001,2020-12-18,19.0,18.36,19.1,18.23,1058756.36,0.0055000000000000005,1959764100.0,2897.96,356292658115.28
000001,2020-12-21,18.3,18.28,18.64,18.03,906878.11,0.004699999999999999,1662649800.0,2885.92,354740184659.44
000001,2020-12-22,18.36,17.9,18.65,17.88,1028737.51,0.0053,1873638700.0,2828.71,347365935744.2
000001,2020-12-23,17.96,18.0,18.07,17.79,750082.73,0.0039000000000000003,1345650700.0,2843.77,349306527564.0
000001,2020-12-24,18.15,18.26,18.49,18.05,632950.12,0.0033,1155767300.0,2882.91,354352066295.48
000001,2020-12-25,18.26,18.04,18.26,17.8,577077.33,0.003,1038128200.0000001,2849.79,350082764291.92
000001,2020-12-28,18.02,18.85,18.86,17.96,1270337.06,0.006500000000000001,2352947300.0,2971.72,365801558032.3
000001,2020-12-29,18.87,19.17,19.3,18.7,963092.23,0.005,1837947200.0,3019.89,372011451855.66
000001,2020-12-30,19.0,19.2,19.2,18.72,978497.78,0.005,1854082800.0,3024.41,372593629401.6
000001,2020-12-31,19.21,19.34,19.58,19.02,924503.43,0.0048,1781736300.0,3045.48,375310457949.32
000001,2021-01-04,19.1,18.6,19.1,18.44,1554216.43,0.008,2891682300.0,2934.09,360950078482.8
000001,2021-01-05,18.4,18.17,18.48,17.8,1821352.1,0.009399999999999999,3284606900.0,2869.36,352605533657.66
000001,2021-01-06,18.08,19.56,19.56,18.0,1934945.12,0.01,3648521900.0,3078.6,379579759952.88
000001,2021-01-07,19.52,19.9,19.98,19.23,1584185.3,0.008199999999999999,3111274600.0,3129.78,386177772140.2
000001,2021-01-08,19.9,19.85,20.1,19.31,1195473.22,0.0062,2348316400.0,3122.26,385207476230.3
000001,2021-01-11,20.0,20.38,20.64,20.0,1790457.14,0.0092,3652546599.9999995,3202.04,395492612875.24
000001,2021-01-12,20.39,21.0,21.0,20.18,1288165.5,0.0066,2657687400.0,3295.37,407524282158.0
000001,2021-01-13,21.0,20.7,21.01,20.4,1049119.73,0.0054,2161849700.0,3250.21,401702506698.6
000001,2021-01-14,20.68,20.17,20.89,19.95,1130155.62,0.0058,2306404500.0,3170.43,391417370053.66
000001,2021-01-15,21.0,21.0,21.95,20.82,2480688.98,0.0128,5311218100.000001,3295.37,407524282158.0
000001,2021-01-18,21.2,22.7,22.78,21.2,2157301.78,0.0111,4792909400.0,3551.28,440514343094.6
000001,2021-01-19,22.51,22.34,22.84,22.05,1242088.34,0.0064,2790056599.9999995,3497.09,433528212543.32
000001,2021-01-20,22.15,22.47,22.97,22.12,1280793.16,0.0066,2889249900.0,3516.66,436050981909.06
000001,2021-01-21,22.5,22.23,22.8,22.15,944778.6,0.0049,2114252700.0,3480.53,431393561541.54
000001,2021-01-22,22.23,22.03,22.23,21.51,924434.42,0.0048,2025834800.0,3450.43,427512377901.94
000001,2021-01-25,21.72,22.49,22.6,21.43,1028365.27,0.0053,2269032800.0,3519.67,436439100273.02
000001,2021-01-26,22.3,22.37,23.32,22.3,1126720.55,0.0058,2558575500.0,3501.61,434110390089.26
000001,2021-01-27,22.31,23.08,23.47,22.31,1294152.72,0.0067,2976801000.0,3608.49,447888592009.84
000001,2021-01-28,22.78,22.81,23.18,22.45,857476.96,0.0044,1948881099.9999998,3567.84,442648994096.38
000001,2021-01-29,22.81,23.09,23.54,22.71,1240258.41,0.0064,2864101400.0,3609.99,448082651191.82
000001,2021-02-01,23.0,24.55,24.99,22.7,1475239.3,0.0076,3529557000.0,3829.78,476415291760.9
000001,2021-02-02,23.38,23.28,24.1,22.91,2416168.77,0.0125,5679179900.0,3638.6,451769775649.44
000001,2021-02-03,23.48,24.95,25.18,23.38,1923271.59,0.009899999999999999,4690176500.0,3889.99,484177659040.1
000001,2021-02-04,24.18,24.6,25.24,24.04,1255247.5,0.006500000000000001,3084553800.0,3837.3,477385587670.8
000001,2021-02-05,24.6,24.93,25.31,24.27,1015575.59,0.0052,2517804200.0,3886.98,483789540676.14
000001,2021-02-08,24.9,24.8,24.9,24.1,1084264.67,0.005600000000000001,2650948300.0,3867.41,481266771310.4
000001,2021-02-09,24.79,24.58,24.84,24.17,942093.55,0.0049,2302978200.0,3834.29,476997469306.84
000001,2021-02-10,24.6,23.82,24.96,23.38,1918867.1,0.009899999999999999,4569742000.0,3719.88,462248971476.36
000001,2021-02-18,24.0,24.3,24.55,23.48,1505230.81,0.0078000000000000005,3619387700.0,3792.14,471563812211.4
000001,2021-02-19,23.96,23.85,24.19,23.57,922583.14,0.0048,2197558300.0,3724.4,462831149022.3
000001,2021-02-22,23.8,22.38,23.8,22.26,1956842.48,0.0101,4445818500.0,3503.11,434304449271.24
000001,2021-02-23,22.38,21.93,22.68,21.82,1870460.13,0.0096,4160776599.9999995,3435.37,425571786082.14
000001,2021-02-24,22.27,22.16,22.28,21.56,1428499.85,0.0074,3144209099.9999995,3470.0,430035147267.68
000001,2021-02-25,22.4,22.09,22.56,21.68,1593403.47,0.008199999999999999,3524600800.0,3459.46,428676732993.82
000001,2021-02-26,21.6,21.38,21.96,21.21,1124977.3,0.0058,2424653800.0,3352.58,414898531073.24
000001,2021-03-01,21.54,21.45,21.68,21.18,1125386.53,0.0058,2408050900.0,3363.11,416256945347.1
000001,2021-03-02,21.62,21.65,22.15,21.26,1473425.05,0.0076,3196537000.0,3393.22,420138128986.7
000001,2021-03-03,21.58,23.01,23.08,21.46,1919635.27,0.009899999999999999,4320024400.0,3597.95,446530177735.98
000001,2021-03-04,22.77,22.92,23.49,22.65,1213579.37,0.0063,2799747100.0,3584.4,444783645098.16
000001,2021-03-05,22.7,22.34,22.98,21.86,880171.41,0.0045000000000000005,1960439100.0,3497.09,433528212543.32
000001,2021-03-08,22.44,21.6,22.69,21.48,993773.97,0.0051,2189191000.0,3385.7,419167833076.8
000001,2021-03-09,21.68,20.85,21.92,20.58,1361895.33,0.006999999999999999,2882931900.0,3272.79,404613394428.3
000001,2021-03-10,20.84,20.4,20.91,20.28,1149416.57,0.0059,2356185000.0,3205.05,395880731239.2
000001,2021-03-11,20.58,21.27,21.38,20.56,1048659.39,0.0054,2213107800.0,3336.02,412763880071.46
000001,2021-03-12,21.37,21.48,21.7,21.2,697200.6,0.0036,1494219100.0,3367.63,416839122893.04
000001,2021-03-15,21.4,21.6,22.12,21.11,958748.7,0.0049,2077984900.0,3385.7,419167833076.8
000001,2021-03-16,21.6,21.66,22.11,21.27,939684.32,0.0048,2038470700.0,3394.73,420332188168.68
000001,2021-03-17,21.45,21.2,21.55,20.9,821488.65,0.0042,1738185900.0,3325.48,411405465797.6
000001,2021-03-18,21.3,21.73,21.73,21.0,691610.19,0.0036,1483801500.0,3405.26,421690602442.54
000001,2021-03-19,21.53,20.47,21.65,20.37,1525622.27,0.0079,3159181000.0,3215.59,397239145513.06
000001,2021-03-22,20.55,21.55,21.55,20.53,1451190.08,0.0075,3087549500.0,3378.17,418197537166.9
000001,2021-03-23,21.57,21.23,21.65,20.96,682903.38,0.0034999999999999996,1448043599.9999998,3330.0,411987643343.54
000001,2021-03-24,21.21,20.53,21.28,20.45,850085.07,0.0044,1757688599.9999998,3224.62,398403500604.94
000001,2021-03-25,20.58,20.75,20.83,20.4,492665.74,0.0025,1017166000.0,3257.74,402672802608.5
000001,2021-03-26,20.84,21.14,21.4,20.76,822108.06,0.0042,1733412600.0,3316.45,410241110705.72
000001,2021-03-29,21.28,21.49,21.65,21.2,785666.68,0.004,1684397900.0,3369.14,417033182075.02
000001,2021-03-30,21.38,21.93,21.93,21.21,738654.81,0.0038,1601238500.0,3435.37,425571786082.14
000001,2021-03-31,21.77,22.01,22.07,21.6,777028.07,0.004,1699922200.0,3447.41,427124259537.98
000001,2021-04-01,22.08,21.78,22.11,21.5,544448.98,0.0028000000000000004,1183868000.0,3412.79,422660898352.44
000001,2021-04-02,21.7,21.5,21.73,21.36,581083.52,0.003,1249405400.0,3370.64,417227241257.0
000001,2021-04-06,21.55,21.68,22.09,21.51,401102.82,0.0021,873387000.0,3397.74,420720306532.64
000001,2021-04-07,21.88,21.64,21.93,21.31,517604.59,0.0027,1116774500.0,3391.72,419944069804.72
000001,2021-04-08,21.46,21.56,21.73,21.33,383029.5,0.002,825170800.0,3379.67,418391596348.88
000001,2021-04-09,21.71,21.3,21.72,21.08,398960.28,0.0021,849870900.0,3340.53,413346057617.4
000001,2021-04-12,21.51,20.7,21.51,20.63,594743.14,0.0031,1240067300.0,3250.21,401702506698.6
000001,2021-04-13,20.72,20.78,20.88,20.59,499904.18,0.0026,1036992700.0,3262.26,403254980154.44
000001,2021-04-14,20.79,20.67,20.94,20.42,537438.49,0.0028000000000000004,1113001500.0,3245.7,401120329152.66
000001,2021-04-15,20.76,20.36,20.77,20.08,735865.05,0.0038,1494016000.0,3199.03,395104494511.28
000001,2021-04-16,20.36,20.26,20.43,19.81,729998.26,0.0038,1466509100.0,3183.98,393163902691.48
000001,2021-04-19,20.03,21.15,21.24,19.91,1112282.62,0.005699999999999999,2304021500.0,3317.95,410435169887.7
000001,2021-04-20,21.08,21.69,21.95,20.92,834772.72,0.0043,1798249000.0,3399.24,420914365714.62
000001,2021-04-21,22.3,23.01,23.19,22.29,1597099.65,0.008199999999999999,3644577500.0,3597.95,446530177735.98
000001,2021-04-22,23.19,22.98,23.23,22.78,829693.88,0.0043,1905208900.0000002,3593.43,445948000190.04
000001,2021-04-23,23.32,23.29,23.65,23.07,823230.15,0.0042,1920413500.0,3640.1,451963834831.42
000001,2021-04-26,23.87,22.94,24.23,22.9,872417.67,0.0045000000000000005,2037109600.0,3587.41,445171763462.12
000001,2021-04-27,22.95,22.94,23.19,22.86,470431.4,0.0024,1083043600.0,3587.41,445171763462.12
000001,2021-04-28,23.29,23.35,23.45,22.78,593837.93,0.0031,1375141400.0000002,3649.13,453128189923.3
000001,2021-04-29,23.34,23.59,23.71,23.11,614836.88,0.0032,1439824000.0,3685.26,457785610290.82
000001,2021-04-30,23.35,23.29,23.49,23.01,561981.32,0.0029,1308177200.0,3640.1,451963834831.42
000001,2021-05-06,23.1,23.5,23.7,23.1,500295.22,0.0026,1174181600.0,3671.71,456039077653.0
000001,2021-05-07,23.67,24.05,24.3,23.39,802214.21,0.0040999999999999995,1929112400.0,3754.51,466712332661.9
000001,2021-05-10,24.0,23.86,24.04,23.02,661438.9,0.0034000000000000002,1566860799.9999998,3725.91,463025208204.28
000001,2021-05-11,23.62,23.53,23.75,23.06,497223.45,0.0026,1161846400.0,3676.23,456621255198.94
000001,2021-05-12,23.29,23.55,23.64,22.88,533265.26,0.0027,1245517700.0,3679.24,457009373562.9
000001,2021-05-13,23.52,23.07,23.59,22.84,549652.5,0.0028000000000000004,1271946300.0,3606.98,447694532827.86
000001,2021-05-14,23.14,23.32,23.43,22.6,563785.36,0.0029,1300250900.0,3671.71,452546012377.36
000001,2021-05-17,23.15,23.6,23.82,22.95,527564.65,0.0027,1241605200.0,3713.86,457979669472.8
000001,2021-05-18,23.85,23.9,24.11,23.4,395414.98,0.002,939786700.0,3759.02,463801444932.2
000001,2021-05-19,23.82,23.6,24.13,23.52,429420.33,0.0022,1022553700.0,3713.86,457979669472.8
000001,2021-05-20,23.41,23.82,23.84,23.27,405788.37,0.0021,957478900.0,3746.98,462248971476.36
000001,2021-05-21,23.88,23.49,24.09,23.03,539335.74,0.0028000000000000004,1263058100.0,3697.3,455845018471.02
000001,2021-05-24,23.48,23.48,23.6,23.19,343935.63,0.0018,806092200.0,3695.8,455650959289.04
000001,2021-05-25,23.54,24.6,24.73,23.45,972374.62,0.005,2363145900.0,3864.4,477385587670.8
000001,2021-05-26,24.64,25.01,25.12,24.5,919263.78,0.004699999999999999,2286540200.0,3926.12,485342014131.98
000001,2021-05-27,24.91,24.79,25.16,24.52,504091.36,0.0026,1246712000.0,3893.0,481072712128.42
000001,2021-05-28,24.68,24.5,24.71,24.16,492400.73,0.0025,1200523300.0,3849.35,475444995851.0
000001,2021-05-31,24.33,24.2,24.53,23.91,515350.81,0.0027,1244209000.0,3804.18,469623220391.6
000001,2021-06-01,24.2,23.92,24.25,23.5,625017.96,0.0032,1490476600.0,3762.03,464189563296.16
000001,2021-06-02,23.89,23.89,23.92,23.38,497527.02,0.0026,1176608100.0,3757.52,463607385750.22
000001,2021-06-03,23.72,23.77,24.14,23.68,400900.85,0.0021,958876500.0,3739.45,461278675566.46
000001,2021-06-04,23.99,24.54,24.96,23.8,756739.42,0.0039000000000000003,1851425799.9999998,3855.37,476221232578.92
000001,2021-06-07,24.48,24.3,24.48,23.93,447914.1,0.0023,1081738800.0,3819.24,471563812211.4
000001,2021-06-08,24.15,24.53,24.57,23.95,570077.92,0.0029,1384120300.0,3853.86,476027173396.94
000001,2021-06-09,24.43,24.65,24.88,24.18,453831.5,0.0023,1116771400.0,3871.93,478355883580.7
000001,2021-06-10,24.66,24.2,25.06,24.15,530215.16,0.0027,1294972600.0,3804.18,469623220391.6
000001,2021-06-11,24.31,23.37,24.35,23.12,834665.04,0.0043,1965393100.0,3679.24,453516308287.26
000001,2021-06-15,23.35,23.22,23.43,22.8,660622.59,0.0034000000000000002,1524503500.0,3656.66,450605420557.56
000001,2021-06-16,23.22,23.26,23.4,23.01,378208.04,0.0019,878470800.0,3662.68,451381657285.48
000001,2021-06-17,23.02,23.1,23.69,23.02,453282.09,0.0023,1059121799.9999999,3638.6,448276710373.8
000001,2021-06-18,23.13,22.65,23.28,22.39,694099.3,0.0036,1574437700.0,3570.85,439544047184.7
000001,2021-06-21,22.6,22.16,22.67,22.01,718272.74,0.0037,1600119900.0,3497.09,430035147267.68
000001,2021-06-22,22.38,22.97,23.09,22.25,757751.41,0.0039000000000000003,1720058000.0,3619.03,445753941008.06
000001,2021-06-23,22.85,23.14,23.41,22.72,447907.78,0.0023,1035835700.0000001,3644.62,449052947101.72
000001,2021-06-24,23.03,23.08,23.12,22.68,390283.49,0.002,894502100.0000001,3635.58,447888592009.84
000001,2021-06-25,23.08,23.36,23.6,23.06,559972.95,0.0029,1310287400.0,3677.73,453322249105.28
000001,2021-06-28,23.36,22.78,23.39,22.48,626257.37,0.0032,1425702200.0,3590.42,442066816550.44
000001,2021-06-29,22.58,22.34,22.79,22.0,1049749.39,0.0054,2341926400.0,3524.19,433528212543.32
000001,2021-06-30,22.36,22.62,22.93,22.35,403435.46,0.0021,913285200.0,3566.34,438961869638.76
000001,2021-07-01,22.81,23.2,23.5,22.52,664833.3,0.0034000000000000002,1530548800.0,3653.65,450217302193.6
000001,2021-07-02,22.72,21.81,22.74,21.76,1070677.56,0.0055000000000000005,2360189800.0,3444.4,423243075898.38
000001,2021-07-05,21.69,22.06,22.15,21.09,859341.29,0.0044,1859394300.0,3482.04,428094555447.88
000001,2021-07-06,22.08,22.78,23.0,21.85,791957.26,0.0040999999999999995,1784792800.0,3590.42,442066816550.44
000001,2021-07-07,22.68,22.55,23.05,22.5,468944.87,0.0024,1063910100.0,3555.8,437603455364.9
000001,2021-07-08,22.78,21.51,22.78,21.2,1457059.47,0.0075,3140657400.0,3399.24,417421300438.98
000001,2021-07-09,21.3,21.27,21.63,21.02,762364.74,0.0039000000000000003,1625461600.0,3363.11,412763880071.46
000001,2021-07-12,21.5,21.16,21.5,20.89,877901.02,0.0045000000000000005,1859059500.0,3346.56,410629229069.68
000001,2021-07-13,21.15,21.12,21.34,20.54,657613.95,0.0034000000000000002,1382029100.0,3340.53,409852992341.76
000001,2021-07-14,21.0,20.76,21.0,20.41,847950.55,0.0044,1755810900.0,3286.34,402866861790.48
000001,2021-07-15,20.72,21.62,21.72,20.63,956003.05,0.0049,2040266300.0,3415.8,419555951440.76
000001,2021-07-16,21.41,21.34,21.82,21.3,573002.61,0.003,1230180800.0,3373.65,414122294345.32
000001,2021-07-19,21.36,21.21,21.43,20.78,522135.95,0.0027,1098434700.0,3354.08,411599524979.58
000001,2021-07-20,21.1,20.6,21.2,20.47,804034.33,0.0040999999999999995,1665315500.0,3262.26,399761914878.8
000001,2021-07-21,20.58,20.45,20.8,20.2,753076.52,0.0039000000000000003,1535327600.0,3239.68,396851027149.1
000001,2021-07-22,20.45,20.38,20.66,20.24,868648.09,0.0045000000000000005,1773999300.0,3229.14,395492612875.24
000001,2021-07-23,20.38,20.1,20.38,20.0,727404.33,0.0037,1461467500.0,3186.99,390058955779.8
000001,2021-07-26,19.96,18.8,19.99,18.43,1451303.94,0.0075,2770236700.0,2991.29,364831262122.4
000001,2021-07-27,18.87,17.76,18.99,17.6,1357551.48,0.006999999999999999,2461708400.0,2834.73,344649107196.48
000001,2021-07-28,17.85,17.75,18.07,17.68,1062994.21,0.0055000000000000005,1898562600.0,2833.23,344455048014.5
000001,2021-07-29,17.91,17.96,18.24,17.78,872378.12,0.0045000000000000005,1566107800.0,2864.84,348530290836.08
000001,2021-07-30,17.92,17.69,18.05,17.24,950155.88,0.0049,1679747300.0,2824.2,343290692922.62
000001,2021-08-02,17.64,18.01,18.14,17.18,1159922.63,0.006,2056014200.0000002,2872.37,349500586745.98
000001,2021-08-03,17.99,17.89,18.15,17.66,896948.57,0.0046,1609422600.0,2854.3,347171876562.22
000001,2021-08-04,18.04,17.81,18.07,17.6,729620.08,0.0038,1300164300.0,2842.26,345619403106.38
000001,2021-08-05,17.7,17.68,18.05,17.58,621573.88,0.0032,1104903000.0,2822.69,343096633740.64
000001,2021-08-06,17.55,17.86,17.9,17.45,567454.13,0.0029,1005870900.0,2849.79,346589699016.28
000001,2021-08-09,17.91,19.06,19.25,17.84,1752798.0,0.009000000000000001,3313803200.0,3030.43,369876800853.88
000001,2021-08-10,19.09,19.73,19.98,18.9,1301988.44,0.0067,2535428000.0,3131.29,382878766046.54
000001,2021-08-11,19.99,19.81,20.58,19.7,1048308.44,0.0054,2104975100.0,3143.33,384431239502.38
000001,2021-08-12,19.79,19.89,20.3,19.63,666458.0,0.0034000000000000002,1330388000.0,3155.38,385983712958.22
000001,2021-08-13,19.78,19.89,19.92,19.5,562885.02,0.0029,1110191400.0,3155.38,385983712958.22
000001,2021-08-16,20.09,19.95,20.2,19.57,627050.22,0.0032,1247681200.0,3164.41,387148068050.1
000001,2021-08-17,19.85,19.67,20.22,19.61,476021.94,0.0025,947385500.0,3122.26,381714410954.66
000001,2021-08-18,19.67,20.62,21.2,19.55,1332732.16,0.0069,2732213500.0,3265.27,400150033242.76
000001,2021-08-19,20.48,20.34,20.62,20.02,649975.61,0.0033,1315320400.0,3223.12,394716376147.32
000001,2021-08-20,19.97,19.42,20.07,18.7,1614627.93,0.0083,3119152600.0,3084.62,376862931405.16
000001,2021-08-23,19.5,19.3,20.05,19.11,1191849.35,0.0060999999999999995,2315871600.0,3066.56,374534221221.4
000001,2021-08-24,19.35,19.36,19.97,19.21,868953.3,0.0045000000000000005,1690760799.9999998,3075.59,375698576313.28
000001,2021-08-25,19.42,19.16,19.47,18.95,698083.97,0.0036,1341330400.0,3045.48,371817392673.68
000001,2021-08-26,19.2,18.46,19.26,18.41,951619.0,0.0049,1783725000.0,2940.11,358233249935.08
000001,2021-08-27,18.56,18.39,18.88,18.31,728820.23,0.0038,1354409000.0,2929.57,356874835661.22
000001,2021-08-30,18.21,17.72,18.29,17.55,1252211.01,0.006500000000000001,2221855900.0,2828.71,343872870468.56
000001,2021-08-31,17.72,17.8,17.93,17.31,1174867.86,0.0060999999999999995,2072006800.0,2840.75,345425343924.4
000001,2021-09-01,17.48,17.88,17.92,17.01,2316894.09,0.011899999999999999,4046284200.0,2852.8,346977817380.24
000001,2021-09-02,18.0,18.4,18.78,17.8,2422603.54,0.0125,4454545300.0,2931.08,357068894843.2
000001,2021-09-03,18.5,18.04,18.5,17.7,1394818.71,0.0072,2523273200.0,2876.88,350082764291.92
000001,2021-09-06,17.93,18.45,18.6,17.78,1515225.56,0.0078000000000000005,2780281100.0,2938.6,358039190753.1
000001,2021-09-07,18.6,19.24,19.56,18.35,1622344.16,0.0084,3067365700.0,3057.53,373369866129.52
000001,2021-09-08,19.24,19.23,19.55,19.1,1026201.05,0.0053,1979771500.0,3056.02,373175806947.54
000001,2021-09-09,19.11,19.0,19.15,18.8,739505.85,0.0038,1399536000.0,3021.4,368712445762.0
000001,2021-09-10,18.89,20.57,20.77,18.84,2314945.28,0.011899999999999999,4668361800.0,3257.74,399179737332.86
000001,2021-09-13,20.36,20.21,20.51,19.81,1297228.02,0.0067,2606152400.0,3203.55,392193606781.58
000001,2021-09-14,20.18,19.37,20.27,19.27,1158173.15,0.006,2272080200.0,3077.1,375892635495.26
000001,2021-09-15,19.31,19.52,20.99,19.19,841618.41,0.0043,1639298400.0,3099.68,378803523224.96
000001,2021-09-16,19.3,19.08,19.5,18.73,1176953.56,0.0060999999999999995,2234474900.0,3033.44,370264919217.84
000001,2021-09-17,18.9,18.53,19.0,18.41,1124879.63,0.0058,2098715200.0,2950.65,359591664208.94
000001,2021-09-22,17.87,17.98,18.05,17.42,1473365.21,0.0076,2616707200.0,2867.85,348918409200.04
000001,2021-09-23,18.1,17.68,18.32,17.65,1379837.59,0.0070999999999999995,2465683700.0,2822.69,343096633740.64
000001,2021-09-24,17.6,17.35,17.68,17.34,1265696.28,0.006500000000000001,2209461900.0,2773.01,336692680735.3
000001,2021-09-27,17.21,17.57,17.68,17.06,1140667.59,0.0059,1979196700.0000002,2806.13,340961982738.86
000001,2021-09-28,17.47,17.97,18.17,17.45,1293167.47,0.0067,2311265500.0,2866.35,348724350018.06
000001,2021-09-29,17.86,18.15,18.44,17.71,1230121.75,0.0063,2225416500.0,2893.44,352217415293.7
000001,2021-09-30,18.09,17.93,18.2,17.71,795611.05,0.0040999999999999995,1424675900.0,2860.32,347948113290.14
000001,2021-10-08,18.17,18.64,18.89,18.02,1159200.62,0.006,2146983900.0000002,2967.21,361726315210.72
000001,2021-10-11,19.0,19.4,19.74,19.0,1455338.35,0.0075,2829310800.0,3081.61,376474813041.2
000001,2021-10-12,19.3,19.35,19.71,19.2,1031232.18,0.0053,2004824000.0,3074.09,375504517131.3
000001,2021-10-13,19.3,19.58,19.91,19.17,807896.68,0.0042,1577612500.0,3108.71,379967878316.84
000001,2021-10-14,19.59,19.21,19.92,18.89,842989.87,0.0043,1623970400.0,3053.01,372787688583.58
000001,2021-10-15,19.0,19.66,19.9,19.0,993493.78,0.0051,1948647200.0,3120.75,381520351772.68
000001,2021-10-18,19.45,19.29,19.55,19.1,729622.5,0.0038,1408737800.0,3065.05,374340162039.42
000001,2021-10-19,19.15,19.57,19.68,19.15,682415.15,0.0034999999999999996,1330501300.0,3107.2,379773819134.86
000001,2021-10-20,19.75,19.24,19.78,19.19,662955.55,0.0034000000000000002,1283356200.0,3057.53,373369866129.52
000001,2021-10-21,19.52,20.0,20.06,19.25,1621661.01,0.0084,3198266200.0,3171.93,388118363960.0
000001,2021-10-22,20.16,20.04,20.59,19.8,1134963.63,0.0058,2287284900.0,3177.96,388894600687.92
000001,2021-10-25,19.71,20.12,20.2,19.5,730828.23,0.0038,1458800100.0,3190.0,390447074143.76
000001,2021-10-26,20.06,20.05,20.45,19.86,652806.84,0.0034000000000000002,1313475900.0,3179.46,389088659869.9
000001,2021-10-27,20.0,19.92,20.17,19.59,687600.19,0.0034999999999999996,1365982800.0,3159.89,386565890504.16
000001,2021-10-28,19.8,19.72,19.94,19.37,619010.89,0.0032,1211946100.0,3129.78,382684706864.56
000001,2021-10-29,19.63,19.5,19.74,19.32,539929.76,0.0028000000000000004,1052760300.0,3096.67,378415404861.0
000001,2021-11-01,19.33,19.39,19.73,19.01,841490.2,0.0043,1626762000.0,3080.11,376280753859.22
000001,2021-11-02,19.37,18.18,19.49,17.99,1997690.5,0.0103,3691356300.0,2897.96,352799592839.64
000001,2021-11-03,18.1,18.03,18.24,17.85,1114972.04,0.005699999999999999,2009325100.0,2875.38,349888705109.94
000001,2021-11-04,18.08,17.87,18.1,17.8,983410.98,0.0051,1760671900.0,2851.29,346783758198.26
000001,2021-11-05,17.85,17.64,18.0,17.57,1096039.88,0.005600000000000001,1942415600.0,2816.67,342320397012.72
000001,2021-11-08,17.62,17.42,17.81,17.36,1376814.82,0.0070999999999999995,2406417800.0,2783.55,338051095009.16
000001,2021-11-09,17.48,17.53,17.65,17.26,1240572.75,0.0064,2163193100.0,2800.11,340185746010.94
000001,2021-11-10,17.46,17.4,17.47,17.16,1220850.88,0.0063,2109735100.0,2780.54,337662976645.2
000001,2021-11-11,17.35,18.35,18.43,17.32,2084729.0,0.010700000000000001,3752413900.0,2923.55,356098598933.3
000001,2021-11-12,18.31,18.27,18.63,18.11,957546.46,0.0049,1753072700.0,2911.51,354546125477.46
000001,2021-11-15,18.35,18.43,18.63,18.2,655089.99,0.0034000000000000002,1203764100.0,2935.59,357651072389.14
000001,2021-11-16,18.36,18.22,18.54,18.17,601110.48,0.0031,1099113400.0,2903.98,353575829567.56
000001,2021-11-17,18.15,18.11,18.3,17.98,664640.38,0.0034000000000000002,1203859200.0,2887.42,351441178565.78
000001,2021-11-18,18.09,17.8,18.12,17.73,799843.77,0.0040999999999999995,1430058299.9999998,2840.75,345425343924.4
000001,2021-11-19,17.8,18.15,18.24,17.7,786371.56,0.0040999999999999995,1414506400.0000002,2893.44,352217415293.7
000001,2021-11-22,18.03,18.12,18.25,17.9,738617.8,0.0038,1337768200.0,2888.93,351635237747.76
000001,2021-11-23,18.11,17.88,18.35,17.68,1235977.96,0.0064,2213817600.0,2852.8,346977817380.24
000001,2021-11-24,17.77,17.87,17.95,17.66,741310.84,0.0038,1316774400.0,2851.29,346783758198.26
000001,2021-11-25,17.74,17.68,17.79,17.63,603532.7,0.0031,1068221300.0,2822.69,343096633740.64
000001,2021-11-26,17.62,17.58,17.67,17.52,694499.88,0.0036,1219937300.0,2807.64,341156041920.84
000001,2021-11-29,17.41,17.51,17.57,17.36,512594.71,0.0026,895106000.0,2797.1,339797627646.98
000001,2021-11-30,17.54,17.44,17.68,17.35,733616.06,0.0038,1280384600.0,2786.56,338439213373.12
000001,2021-12-01,17.43,17.64,17.77,17.37,706925.19,0.0036,1243666800.0,2816.67,342320397012.72
000001,2021-12-02,17.62,17.59,17.81,17.37,994798.35,0.0051,1749164600.0,2809.14,341350101102.82
000001,2021-12-03,17.64,17.65,17.7,17.41,707599.74,0.0036,1242375100.0,2818.17,342514456194.7
000001,2021-12-06,17.85,18.1,18.56,17.8,2145625.28,0.0111,3896385200.0,2885.92,351247119383.8
000001,2021-12-07,18.3,18.46,18.67,18.15,1616443.87,0.0083,2979969000.0,2940.11,358233249935.08
000001,2021-12-08,18.45,18.47,18.55,18.16,980281.18,0.0051,1798691099.9999998,2941.61,358427309117.06
000001,2021-12-09,18.49,18.7,19.06,18.37,1455886.68,0.0075,2726663400.0000005,2976.24,362890670302.6
000001,2021-12-10,18.51,18.38,18.7,18.27,989255.13,0.0051,1824076500.0,2928.07,356680776479.24
000001,2021-12-13,18.47,18.27,18.88,18.18,1314490.27,0.0068000000000000005,2427803700.0,2911.51,354546125477.46
000001,2021-12-14,18.16,17.58,18.17,17.52,1937208.9,0.01,3434156300.0,2807.64,341156041920.84
000001,2021-12-15,17.51,17.55,17.66,17.4,1294627.41,0.0067,2269821000.0,2803.12,340573864374.9
000001,2021-12-16,17.55,17.72,17.73,17.46,819479.51,0.0042,1445483400.0,2828.71,343872870468.56
000001,2021-12-17,17.7,17.57,17.75,17.57,602369.67,0.0031,1062875500.0,2806.13,340961982738.86
000001,2021-12-20,17.56,17.52,17.65,17.45,746435.2,0.0038,1309029300.0,2798.61,339991686828.96
000001,2021-12-21,17.49,17.59,17.71,17.48,893734.04,0.0046,1572895600.0,2809.14,341350101102.82
000001,2021-12-22,17.62,17.39,17.64,17.3,976927.75,0.005,1701772600.0,2779.04,337468917463.22
000001,2021-12-23,17.4,17.32,17.43,17.21,1059575.94,0.0055000000000000005,1831122700.0,2768.5,336110503189.36
000001,2021-12-24,17.33,17.31,17.35,17.21,488251.49,0.0025,843109700.0,2766.99,335916444007.38
000001,2021-12-27,17.33,17.22,17.35,17.16,731118.99,0.0038,1260455300.0,2753.44,334169911369.56
000001,2021-12-28,17.22,17.17,17.33,17.09,1126638.91,0.0058,1934461099.9999998,2745.92,333199615459.66
000001,2021-12-29,17.16,16.75,17.16,16.7,1469373.98,0.0076,2480534600.0,2682.69,325049129816.5
000001,2021-12-30,16.76,16.82,16.95,16.72,796663.6,0.0040999999999999995,1342374200.0000002,2693.23,326407544090.36
000001,2021-12-31,16.86,16.48,16.9,16.4,1750760.89,0.009000000000000001,2899617100.0,2642.05,319809531903.04
000001,2022-01-04,16.48,16.66,16.66,16.18,1169259.33,0.006,1918887100.0,2669.14,323302597178.68
000001,2022-01-05,16.58,17.15,17.22,16.55,1961998.17,0.0101,3344124600.0,2742.91,332811497095.7
000001,2022-01-06,17.11,17.12,17.27,17.0,1107885.19,0.005699999999999999,1896535799.9999998,2738.39,332229319549.76
000001,2022-01-07,17.1,17.2,17.28,17.06,1126630.7,0.0058,1937711000.0,2750.43,333781793005.6
000001,2022-01-10,17.29,17.19,17.42,17.03,909774.01,0.004699999999999999,1563414600.0,2748.93,333587733823.62
000001,2022-01-11,17.26,17.41,17.54,17.14,1581999.4,0.008199999999999999,2752485400.0,2782.05,337857035827.18
000001,2022-01-12,17.41,17.0,17.45,16.9,1502163.55,0.0077,2561266400.0,2720.33,329900609366.0
000001,2022-01-13,16.91,16.98,17.24,16.82,909422.65,0.004699999999999999,1550319200.0000002,2717.32,329512491002.04
000001,2022-01-14,17.0,16.33,17.02,16.3,2103094.91,0.0108,3459950800.0,2619.47,316898644173.34
000001,2022-01-17,16.35,16.22,16.48,16.12,1143689.43,0.0059,1855633800.0,2602.91,314763993171.56
000001,2022-01-18,16.25,16.52,16.54,16.16,1152974.31,0.0059,1891094600.0,2648.07,320585768630.96
000001,2022-01-19,16.54,16.5,16.69,16.36,988391.85,0.0051,1630973599.9999998,2645.06,320197650267.0
000001,2022-01-20,16.47,17.33,17.46,16.42,3031193.77,0.015600000000000001,5195805600.0,2770.0,336304562371.34
000001,2022-01-21,17.45,17.35,17.56,17.21,1481682.95,0.0076,2575115100.0,2773.01,336692680735.3
000001,2022-01-24,17.34,17.2,17.38,16.98,874770.87,0.0045000000000000005,1501390300.0,2750.43,333781793005.6
000001,2022-01-25,17.08,16.85,17.08,16.81,1093283.97,0.005600000000000001,1851999000.0,2697.75,326989721636.3
000001,2022-01-26,16.95,16.65,17.1,16.54,984975.22,0.0051,1646385000.0,2667.64,323108537996.7
000001,2022-01-27,16.5,16.3,16.54,16.25,1024643.11,0.0053,1677261300.0,2614.95,316316466627.4
000001,2022-01-28,16.39,15.83,16.45,15.82,1675563.67,0.0086,2695470300.0000005,2544.2,307195685074.34
000001,2022-02-07,16.02,16.39,16.41,15.89,1515476.3,0.0078000000000000005,2451798500.0,2628.5,318062999265.22
000001,2022-02-08,16.3,16.83,16.97,16.26,1754695.28,0.009000000000000001,2950309000.0,2694.74,326601603272.34
000001,2022-02-09,16.92,16.86,17.0,16.71,1051161.66,0.0054,1774253599.9999998,2699.25,327183780818.28
000001,2022-02-10,16.77,16.99,17.03,16.67,784557.35,0.004,1326848900.0000002,2718.82,329706550184.02
000001,2022-02-11,17.03,17.1,17.34,17.03,1078139.14,0.005600000000000001,1852167500.0,2735.38,331841201185.8
000001,2022-02-14,17.1,16.58,17.15,16.51,1150658.51,0.0059,1917613400.0,2657.1,321750123722.84
000001,2022-02-15,16.5,16.28,16.67,16.1,1208264.37,0.0062,1968985400.0,2611.94,315928348263.44
000001,2022-02-16,16.35,16.41,16.53,16.21,782399.59,0.004,1282234200.0,2631.51,318451117629.18
000001,2022-02-17,16.39,16.42,16.55,16.32,794501.84,0.0040999999999999995,1306514400.0,2633.02,318645176811.16
000001,2022-02-18,16.32,16.77,16.77,16.31,802499.4,0.0040999999999999995,1330233400.0,2685.7,325437248180.46
000001,2022-02-21,16.66,16.51,16.67,16.32,800994.55,0.0040999999999999995,1316023700.0,2646.56,320391709448.98
000001,2022-02-22,16.31,16.23,16.44,16.16,894956.73,0.0046,1454156200.0,2604.41,314958052353.54
000001,2022-02-23,16.3,16.19,16.31,16.04,886742.44,0.0046,1431289900.0,2598.39,314181815625.62
000001,2022-02-24,16.13,15.91,16.15,15.8,1324086.85,0.0068000000000000005,2112842600.0,2556.24,308748158530.18
000001,2022-02-25,15.99,15.9,16.08,15.87,726397.07,0.0037,1157890300.0,2554.74,308554099348.2
000001,2022-02-28,15.9,15.75,15.92,15.62,723990.45,0.0037,1137154100.0,2532.16,305643211618.5
000001,2022-03-01,15.79,15.92,15.95,15.62,935040.34,0.0048,1474694000.0,2557.75,308942217712.16
000001,2022-03-02,15.79,15.68,15.87,15.66,760760.86,0.0039000000000000003,1196321900.0,2521.62,304284797344.64
000001,2022-03-03,15.73,15.71,15.81,15.63,578285.05,0.003,908171600.0,2526.14,304866974890.58
000001,2022-03-04,15.62,15.33,15.63,15.28,990935.66,0.0051,1523793700.0,2468.93,297492725975.34
000001,2022-03-07,15.17,14.72,15.17,14.66,1113158.99,0.005699999999999999,1655959900.0,2377.1,285655115874.56
000001,2022-03-08,14.62,14.31,14.86,14.25,1003032.69,0.0052,1463145900.0,2315.38,277698689413.38
000001,2022-03-09,14.4,13.84,14.45,13.22,1800760.17,0.009300000000000001,2492043000.0,2244.63,268577907860.32
000001,2022-03-10,14.18,14.57,14.75,14.09,2249158.16,0.0116,3269867800.0000005,2354.52,282744228144.86
000001,2022-03-11,14.4,14.9,14.98,14.15,1493646.97,0.0077,2187480600.0,2404.2,289148181150.2
000001,2022-03-14,14.63,14.49,14.93,14.45,1118407.34,0.0058,1637278500.0,2342.48,281191754689.02
000001,2022-03-15,14.4,13.68,14.4,13.6,1781408.87,0.0092,2479769600.0,2220.55,265472960948.64
000001,2022-03-16,13.86,14.31,14.4,13.51,1531779.06,0.0079,2141637100.0,2315.38,277698689413.38
000001,2022-03-17,14.66,14.45,14.71,14.24,1730061.42,0.0089,2506504200.0,2336.46,280415517961.1
000001,2022-03-18,14.36,14.7,14.85,14.14,1528807.13,0.0079,2222158800.0,2374.09,285266997510.6
000001,2022-03-21,14.5,14.59,14.82,14.39,1208868.05,0.0062,1765673900.0000002,2357.53,283132346508.82
000001,2022-03-22,14.59,15.18,15.22,14.5,1628656.58,0.0084,2443174100.0,2446.35,294581838245.64
000001,2022-03-23,15.11,15.0,15.19,14.9,1050102.38,0.0054,1577561300.0,2419.25,291088772970.0
000001,2022-03-24,14.92,15.2,15.31,14.81,1002359.95,0.0052,1518870100.0,2449.36,294969956609.6
000001,2022-03-25,15.15,14.98,15.25,14.82,742933.35,0.0038,1116354600.0,2416.24,290700654606.04
000001,2022-03-28,14.8,14.85,15.05,14.63,727136.99,0.0037,1078327300.0,2396.67,288177885240.3
000001,2022-03-29,14.88,14.68,14.95,14.6,615643.15,0.0032,909169600.0000001,2371.08,284878879146.64
000001,2022-03-30,14.86,15.21,15.27,14.76,1236791.55,0.0064,1859617000.0,2450.87,295164015791.58
000001,2022-03-31,15.1,15.38,15.57,15.06,1163746.74,0.006,1789209900.0,2476.46,298463021885.24
000001,2022-04-01,15.37,15.75,15.79,15.2,1484878.74,0.0077,2319616900.0,2532.16,305643211618.5
000001,2022-04-06,15.64,16.39,16.54,15.63,2488540.05,0.0128,4064051500.0,2628.5,318062999265.22
000001,2022-04-07,16.38,16.28,16.66,16.2,1659064.55,0.0085,2724002900.0,2611.94,315928348263.44
000001,2022-04-08,16.26,16.4,16.45,16.13,1066779.46,0.0055000000000000005,1741072100.0,2630.0,318257058447.2
000001,2022-04-11,16.35,16.05,16.4,15.8,1416735.36,0.0073,2277469100.0,2577.32,311464987077.9
000001,2022-04-12,16.05,15.92,16.26,15.66,1039261.42,0.0054,1654820100.0,2557.75,308942217712.16
000001,2022-04-13,15.89,15.8,16.08,15.72,890628.06,0.0046,1415496099.9999998,2539.68,306613507528.4
000001,2022-04-14,16.0,16.04,16.25,15.92,929614.94,0.0048,1493344000.0,2575.81,311270927895.92
000001,2022-04-15,15.9,16.42,16.53,15.86,1231761.03,0.0063,2014010100.0,2633.02,318645176811.16
000001,2022-04-18,16.15,15.9,16.2,15.81,1086887.56,0.005600000000000001,1734236500.0,2554.74,308554099348.2
000001,2022-04-19,15.9,15.81,15.97,15.62,821772.49,0.0042,1294227000.0,2541.19,306807566710.38
000001,2022-04-20,15.81,15.85,16.05,15.7,716555.28,0.0037,1137697800.0,2547.21,307583803438.3
000001,2022-04-21,15.77,15.81,15.98,15.7,709891.16,0.0037,1124663700.0,2541.19,306807566710.38
000001,2022-04-22,15.64,16.06,16.19,15.4,921274.08,0.004699999999999999,1468453000.0,2578.82,311659046259.88
000001,2022-04-25,15.67,14.85,15.91,14.78,1664480.98,0.0086,2527610200.0,2396.67,288177885240.3
000001,2022-04-26,14.88,14.73,14.98,14.45,988209.56,0.0051,1456929600.0,2378.61,285849175056.54
000001,2022-04-27,14.98,15.65,15.65,14.96,1490295.03,0.0077,2296798800.0,2517.1,303702619798.7
000001,2022-04-28,15.57,15.65,15.93,15.37,911771.87,0.004699999999999999,1426381900.0,2517.1,303702619798.7
000001,2022-04-29,15.69,15.32,15.74,14.97,1645013.08,0.0085,2503476800.0,2467.43,297298666793.36
000001,2022-05-05,15.2,15.32,15.45,15.15,790196.2,0.0040999999999999995,1208735100.0,2467.43,297298666793.36
000001,2022-05-06,15.02,14.96,15.2,14.91,832431.82,0.0043,1250995600.0,2413.23,290312536242.08
000001,2022-05-09,14.94,14.55,14.94,14.46,818621.35,0.0042,1197104200.0,2351.51,282356109780.9
000001,2022-05-10,14.5,14.59,14.6,14.11,992285.02,0.0051,1425836900.0,2357.53,283132346508.82
000001,2022-05-11,14.54,14.63,14.84,14.44,848573.62,0.0044,1240700400.0,2363.56,283908583236.74
000001,2022-05-12,14.48,14.38,14.56,14.33,685064.23,0.0034999999999999996,987061600.0,2325.92,279057103687.24
000001,2022-05-13,14.5,14.61,14.66,14.49,676311.91,0.0034999999999999996,985962899.9999999,2360.55,283520464872.78
000001,2022-05-16,14.66,14.41,14.73,14.35,668227.82,0.0034000000000000002,965652300.0,2330.44,279639281233.18
000001,2022-05-17,14.51,14.71,14.72,14.32,931406.39,0.0048,1357428400.0,2375.6,285461056692.58
000001,2022-05-18,14.85,14.75,14.89,14.67,778578.33,0.004,1150500400.0,2381.62,286237293420.5
000001,2022-05-19,14.55,14.62,14.7,14.5,590921.72,0.003,863214100.0,2362.05,283714524054.76
000001,2022-05-20,14.7,15.02,15.04,14.67,948597.78,0.0049,1415164700.0,2422.27,291476891333.96
000001,2022-05-23,15.07,14.83,15.07,14.76,647725.92,0.0033,962683700.0,2393.66,287789766876.34
000001,2022-05-24,14.87,14.4,14.87,14.4,933557.06,0.0048,1358693500.0,2328.93,279445222051.2
000001,2022-05-25,14.43,14.39,14.49,14.3,603228.26,0.0031,866228900.0,2327.43,279251162869.22
000001,2022-05-26,14.41,14.19,14.43,14.07,1011317.56,0.0052,1435689300.0,2297.32,275369979229.62
000001,2022-05-27,14.29,14.18,14.35,14.11,723066.74,0.0037,1029702200.0,2295.82,275175920047.64
000001,2022-05-30,14.26,14.08,14.28,14.04,896901.23,0.0046,1265573000.0,2280.76,273235328227.84
000001,2022-05-31,14.07,14.16,14.18,14.0,938868.55,0.0048,1325012000.0,2292.8,274787801683.68
000001,2022-06-01,14.14,14.08,14.14,14.0,845298.98,0.0044,1187423700.0,2280.76,273235328227.84
000001,2022-06-02,14.02,13.95,14.03,13.88,979268.22,0.005,1363740799.9999998,2261.19,270712558862.1
000001,2022-06-06,13.91,14.17,14.17,13.64,1710851.75,0.0088,2370807600.0,2294.31,274981860865.66
000001,2022-06-07,14.02,14.16,14.25,13.99,1315112.62,0.0068000000000000005,1860366700.0000002,2292.8,274787801683.68
000001,2022-06-08,14.16,14.16,14.17,14.01,1145521.24,0.0059,1613525000.0,2292.8,274787801683.68
000001,2022-06-09,14.14,14.35,14.46,14.1,1632901.34,0.0084,2339986700.0,2321.41,278474926141.3
000001,2022-06-10,14.26,14.32,14.33,14.13,1346012.31,0.0069,1914639700.0,2316.89,277892748595.36
000001,2022-06-13,14.18,13.91,14.19,13.88,1547752.85,0.008,2163340100.0,2255.17,269936322134.18
000001,2022-06-14,13.71,14.12,14.13,13.71,1151429.39,0.0059,1602169900.0,2286.78,274011564955.76
000001,2022-06-15,14.1,14.74,15.11,14.06,3413543.71,0.0176,5010292700.0,2380.12,286043234238.52
000001,2022-06-16,14.74,14.44,14.83,14.42,1332546.31,0.0069,1939976300.0,2334.95,280221458779.12
000001,2022-06-17,14.32,14.45,14.53,14.2,1053787.94,0.0054,1513925900.0,2336.46,280415517961.1
000001,2022-06-20,14.44,14.34,14.44,14.26,1032166.8,0.0053,1479529800.0,2319.9,278280866959.32
000001,2022-06-21,14.34,14.37,14.63,14.23,1321793.98,0.0068000000000000005,1905346099.9999998,2324.42,278863044505.26
000001,2022-06-22,14.36,14.08,14.36,14.08,1056045.92,0.0054,1498415799.9999998,2280.76,273235328227.84
000001,2022-06-23,14.09,14.2,14.23,14.06,806028.03,0.0042,1140899100.0,2298.83,275564038411.6
000001,2022-06-24,14.2,14.23,14.25,14.11,866040.61,0.0045000000000000005,1227798700.0,2303.34,276146215957.54
000001,2022-06-27,14.24,14.49,14.56,14.22,1497278.18,0.0077,2166380400.0,2342.48,281191754689.02
000001,2022-06-28,14.47,14.63,14.67,14.41,1125110.48,0.0058,1638673200.0,2363.56,283908583236.74
000001,2022-06-29,14.65,14.64,14.9,14.55,1266547.28,0.006500000000000001,1865064700.0,2365.06,284102642418.72
000001,2022-06-30,14.63,14.98,15.02,14.55,1548745.01,0.008,2304888700.0,2416.24,290700654606.04
000001,2022-07-01,15.0,14.92,15.07,14.84,779243.32,0.004,1164030800.0,2407.21,289536299514.16
000001,2022-07-04,14.95,14.94,14.98,14.75,834968.07,0.0043,1241453400.0,2410.22,289924417878.12
000001,2022-07-05,14.99,14.91,15.27,14.82,1115172.1,0.005699999999999999,1674719000.0,2405.71,289342240332.18
000001,2022-07-06,14.83,14.53,14.93,14.46,1043335.23,0.0054,1520022500.0,2348.5,281967991416.94
000001,2022-07-07,14.54,14.42,14.65,14.38,730160.98,0.0038,1057696500.0,2331.94,279833340415.16
000001,2022-07-08,14.5,14.54,14.65,14.37,639698.23,0.0033,928850300.0,2350.01,282162050598.92
000001,2022-07-11,14.5,14.46,14.57,14.36,611691.94,0.0032,883613800.0,2337.97,280609577143.08
000001,2022-07-12,14.41,14.42,14.73,14.38,742882.42,0.0038,1078432000.0,2331.94,279833340415.16
000001,2022-07-13,14.42,13.97,14.47,13.89,2175996.06,0.011200000000000002,3056913100.0,2264.2,271100677226.06
000001,2022-07-14,13.7,13.37,13.71,13.29,2632120.87,0.013600000000000001,3534578700.0,2173.88,259457126307.26
000001,2022-07-15,13.48,13.24,13.56,13.22,1598637.4,0.008199999999999999,2139915300.0,2154.31,256934356941.52
000001,2022-07-18,13.25,13.39,13.44,13.21,1153505.81,0.0059,1536341000.0,2176.89,259845244671.22
000001,2022-07-19,13.34,13.42,13.43,13.28,755597.1,0.0039000000000000003,1008562400.0,2181.41,260427422217.16
000001,2022-07-20,13.43,13.39,13.47,13.35,801458.66,0.0040999999999999995,1073936300.0,2176.89,259845244671.22
000001,2022-07-21,13.32,13.01,13.34,12.99,1970387.89,0.0102,2588696100.0,2119.69,252470995755.98
000001,2022-07-22,12.84,12.81,12.93,12.62,1376509.74,0.0070999999999999995,1755555700.0,2123.9,248589812116.38
000001,2022-07-25,12.8,12.82,12.85,12.67,763955.81,0.0039000000000000003,976071700.0,2125.41,248783871298.36
000001,2022-07-26,12.75,12.91,12.91,12.71,1024048.81,0.0053,1314310400.0,2138.96,250530403936.18
000001,2022-07-27,12.85,12.79,12.88,12.73,923914.08,0.0048,1182889800.0,2120.89,248201693752.42
000001,2022-07-28,12.81,12.88,12.91,12.78,750346.52,0.0039000000000000003,964903700.0,2134.44,249948226390.24
000001,2022-07-29,12.88,12.68,12.9,12.65,831497.47,0.0043,1059518600.0,2104.33,246067042750.64
000001,2022-08-01,12.66,12.42,12.66,12.4,1025732.71,0.0053,1277987000.0,2065.19,241021504019.16
000001,2022-08-02,12.22,12.26,12.34,11.94,1373009.3,0.0070999999999999995,1664397700.0,2041.11,237916557107.48
000001,2022-08-03,12.19,12.03,12.27,12.01,746136.53,0.0038,905653300.0,2006.49,233453195921.94
000001,2022-08-04,12.1,12.16,12.17,12.02,602675.62,0.0031,729351700.0,2026.05,235975965287.68
000001,2022-08-05,12.13,12.31,12.33,11.98,765297.87,0.0039000000000000003,930836400.0,2048.64,238886853017.38
000001,2022-08-08,12.25,12.2,12.36,12.16,551999.69,0.0028000000000000004,674950900.0,2032.08,236752202015.6
000001,2022-08-09,12.21,12.12,12.22,12.08,558447.57,0.0029,677098600.0,2020.03,235199728559.76
000001,2022-08-10,12.12,12.06,12.24,12.02,683023.21,0.0034999999999999996,825806000.0,2011.0,234035373467.88
000001,2022-08-11,12.08,12.35,12.39,12.04,1399303.61,0.0072,1710719500.0,2054.66,239663089745.3
000001,2022-08-12,12.26,12.38,12.41,12.2,820503.56,0.0042,1010612400.0,2059.17,240245267291.24
000001,2022-08-15,12.29,12.11,12.36,12.09,1172010.0,0.006,1425087500.0,2018.53,235005669377.78
000001,2022-08-16,12.11,12.13,12.2,12.1,631223.7,0.0033,765907200.0,2021.54,235393787741.74
000001,2022-08-17,12.15,12.4,12.42,12.07,1348506.58,0.0069,1656961600.0,2062.18,240633385655.2
000001,2022-08-18,12.48,12.25,12.54,12.16,1269700.94,0.006500000000000001,1560630600.0,2039.6,237722497925.5
000001,2022-08-19,12.27,12.57,12.75,12.23,2106417.24,0.0109,2653471100.0,2087.77,243932391748.86
000001,2022-08-22,12.58,12.5,12.68,12.41,1138076.58,0.0059,1423361900.0,2077.24,242573977475.0
000001,2022-08-23,12.45,12.34,12.49,12.28,921463.07,0.004699999999999999,1137300400.0,2053.15,239469030563.32
000001,2022-08-24,12.33,12.4,12.54,12.33,1295375.33,0.0067,1613309600.0,2062.18,240633385655.2
000001,2022-08-25,12.4,12.62,12.66,12.3,1064010.61,0.0055000000000000005,1329230400.0,2095.3,244902687658.76
000001,2022-08-26,12.68,12.61,12.75,12.46,927634.26,0.0048,1168951100.0,2093.8,244708628476.78
000001,2022-08-29,12.5,12.42,12.56,12.31,924490.65,0.0048,1145189200.0,2065.19,241021504019.16
000001,2022-08-30,12.43,12.48,12.54,12.28,799712.38,0.0040999999999999995,991447600.0,2074.23,242185859111.04
000001,2022-08-31,12.38,12.75,12.78,12.36,1653041.58,0.0085,2091408299.9999998,2114.87,247425457024.5
000001,2022-09-01,12.65,12.61,12.79,12.58,861981.95,0.0044,1092666300.0,2093.8,244708628476.78
000001,2022-09-02,12.62,12.51,12.69,12.43,786362.81,0.0040999999999999995,983433900.0,2078.74,242768036656.98
000001,2022-09-05,12.46,12.57,12.6,12.37,632039.98,0.0033,788451100.0,2087.77,243932391748.86
000001,2022-09-06,12.58,12.5,12.66,12.43,731294.99,0.0038,914692200.0,2077.24,242573977475.0
000001,2022-09-07,12.42,12.33,12.42,12.28,979812.81,0.005,1208329800.0,2051.65,239274971381.34
000001,2022-09-08,12.32,12.36,12.44,12.3,621116.92,0.0032,768913500.0,2056.16,239857148927.28
000001,2022-09-09,12.4,12.72,12.74,12.36,1951297.31,0.0101,2469131300.0,2110.36,246843279478.56
000001,2022-09-13,12.88,12.95,13.02,12.66,1722689.89,0.0089,2223707400.0,2144.98,251306640664.1
000001,2022-09-14,12.75,12.73,12.87,12.7,858035.84,0.0044,1095054800.0,2111.86,247037338660.54
000001,2022-09-15,12.8,13.0,13.1,12.77,1841017.88,0.0095,2393239500.0,2152.5,252276936574.0
000001,2022-09-16,12.92,12.56,12.95,12.56,1357447.81,0.006999999999999999,1719252800.0,2086.27,243738332566.88
000001,2022-09-19,12.54,12.57,12.67,12.48,632121.04,0.0033,793491300.0,2087.77,243932391748.86
000001,2022-09-20,12.61,12.34,12.63,12.32,889988.53,0.0046,1102212200.0,2053.15,239469030563.32
000001,2022-09-21,12.31,12.43,12.48,12.2,684197.39,0.0034999999999999996,845477200.0,2066.7,241215563201.14
000001,2022-09-22,12.33,12.29,12.36,12.25,586133.38,0.003,720058200.0000001,2045.62,238498734653.42
000001,2022-09-23,12.24,12.29,12.43,12.23,586441.06,0.003,722703100.0,2045.62,238498734653.42
000001,2022-09-26,12.16,12.0,12.28,11.99,903729.04,0.004699999999999999,1094060800.0,2001.97,232871018376.0
000001,2022-09-27,12.0,12.15,12.16,11.81,789622.29,0.0040999999999999995,946733000.0,2024.55,235781906105.7
000001,2022-09-28,12.09,12.11,12.25,11.92,780925.58,0.004,946211799.9999999,2018.53,235005669377.78
000001,2022-09-29,12.25,11.86,12.28,11.82,917718.04,0.004699999999999999,1100405200.0,1980.89,230154189828.28
000001,2022-09-30,11.87,11.84,11.96,11.83,537230.19,0.0028000000000000004,638906900.0,1977.88,229766071464.32
000001,2022-10-10,11.7,11.47,11.77,11.46,966080.18,0.005,1119089700.0,1922.19,222585881731.06
000001,2022-10-11,11.54,11.48,11.58,11.41,415253.37,0.0021,476749200.0,1923.69,222779940913.04
000001,2022-10-12,11.45,11.6,11.62,11.35,559572.43,0.0029,641776500.0,1941.75,225108651096.8
000001,2022-10-13,11.51,11.34,11.54,11.31,852615.97,0.0044,970021700.0,1902.62,220063112365.32
000001,2022-10-14,11.45,11.53,11.63,11.4,1096061.58,0.005600000000000001,1265486600.0,1931.22,223750236822.94
000001,2022-10-17,11.42,11.48,11.52,11.34,1024822.71,0.0053,1171523600.0,1923.69,222779940913.04
000001,2022-10-18,11.55,11.48,11.64,11.46,946837.09,0.0049,1091646600.0,1923.69,222779940913.04
000001,2022-10-19,11.42,11.29,11.49,11.28,923989.68,0.0048,1049700800.0,1895.09,219092816455.42
000001,2022-10-20,11.23,11.2,11.31,11.16,781923.23,0.004,876967200.0,1881.54,217346283817.6
000001,2022-10-21,11.21,11.09,11.25,11.07,785574.29,0.004,876648500.0,1864.98,215211632815.82
000001,2022-10-24,11.09,10.62,11.1,10.61,1383390.65,0.0070999999999999995,1496043900.0000002,1794.23,206090851262.76
000001,2022-10-25,10.7,10.65,10.81,10.6,1316979.4,0.0068000000000000005,1406437800.0,1798.75,206673028808.7
000001,2022-10-26,10.64,10.66,10.73,10.61,1143829.88,0.0059,1220733300.0,1800.25,206867087990.68
000001,2022-10-27,10.7,10.68,10.77,10.66,957383.46,0.0049,1024868000.0,1803.26,207255206354.64
000001,2022-10-28,10.63,10.42,10.7,10.41,1057947.01,0.0055000000000000005,1114999300.0,1764.12,202209667623.16
000001,2022-10-31,10.33,10.34,10.45,10.22,983095.69,0.0051,1016230000.0,1752.08,200657194167.32
000001,2022-11-01,10.38,10.67,10.68,10.36,1381234.13,0.0070999999999999995,1459758400.0,1801.76,207061147172.66
000001,2022-11-02,10.61,10.63,10.68,10.48,1302988.18,0.0067,1377816200.0,1795.73,206284910444.74
000001,2022-11-03,10.54,10.44,10.57,10.38,983535.61,0.0051,1028904299.9999999,1767.13,202597785987.12
000001,2022-11-04,10.4,10.82,10.85,10.39,1776112.23,0.0092,1903720900.0,1824.34,209972034902.36
000001,2022-11-07,10.81,10.88,10.91,10.73,988082.04,0.0051,1070554800.0,1833.37,211136389994.24
000001,2022-11-08,10.89,10.85,10.92,10.78,583222.05,0.003,632835800.0,1828.85,210554212448.3
000001,2022-11-09,10.84,10.89,11.08,10.82,832106.85,0.0043,911153600.0,1834.87,211330449176.22
000001,2022-11-10,10.79,10.87,10.9,10.69,552021.19,0.0028000000000000004,596916600.0,1831.86,210942330812.26
000001,2022-11-11,11.13,11.43,11.66,11.01,2545070.55,0.0131,2878557400.0,1916.16,221809645003.14
000001,2022-11-14,11.7,11.95,12.28,11.7,3872084.1,0.02,4637823400.0,1994.44,231900722466.1
000001,2022-11-15,11.86,12.01,12.18,11.83,1573901.34,0.008100000000000001,1891249600.0,2003.47,233065077557.98
000001,2022-11-16,11.97,11.82,12.05,11.79,1278692.88,0.0066,1519133900.0000002,1974.87,229377953100.36
000001,2022-11-17,11.81,11.69,11.84,11.58,1091047.16,0.005600000000000001,1273790900.0,1955.3,226855183734.62
000001,2022-11-18,11.74,11.59,11.78,11.57,868093.29,0.0045000000000000005,1011078700.0,1940.25,224914591914.82
000001,2022-11-21,11.48,11.46,11.5,11.22,1047737.07,0.0054,1189388600.0,1920.68,222391822549.08
000001,2022-11-22,11.46,11.82,11.93,11.44,1491323.88,0.0077,1748727400.0,1974.87,229377953100.36
000001,2022-11-23,11.78,11.82,12.05,11.72,1247656.53,0.0064,1483352700.0,1974.87,229377953100.36
000001,2022-11-24,11.92,11.77,11.99,11.69,796718.82,0.0040999999999999995,941002400.0,1967.35,228407657190.46
000001,2022-11-25,11.79,12.17,12.23,11.77,1760728.17,0.0091,2130171600.0,2027.56,236170024469.66
000001,2022-11-28,11.9,11.81,11.92,11.69,1331562.95,0.0069,1568351099.9999998,1973.37,229183893918.38
000001,2022-11-29,12.16,12.99,12.99,12.13,4749276.5,0.0245,6026006600.0,2151.0,252082877392.02
000001,2022-11-30,12.9,13.03,13.34,12.82,3209628.3,0.0165,4206404200.0,2157.02,252859114119.94
000001,2022-12-01,13.38,13.1,13.66,13.07,2002688.83,0.0103,2658203000.0,2167.56,254217528393.8
000001,2022-12-02,13.14,12.9,13.15,12.69,1404202.78,0.0072,1803658800.0,2137.45,250336344754.2
000001,2022-12-05,13.09,13.53,13.57,13.01,2287627.42,0.0118,3057232000.0,2232.29,262562073218.94
000001,2022-12-06,13.34,13.43,13.66,13.25,1252578.91,0.006500000000000001,1680593500.0,2217.24,260621481399.14
000001,2022-12-07,13.33,13.15,13.37,13.03,1377376.9,0.0070999999999999995,1815667700.0,2175.09,255187824303.7
000001,2022-12-08,13.15,13.36,13.52,13.12,1065722.8,0.0055000000000000005,1422047900.0,2206.7,259263067125.28
000001,2022-12-09,13.4,13.7,13.75,13.35,1615831.92,0.0083,2197501600.0,2257.88,265861079312.6
000001,2022-12-12,13.58,13.11,13.58,13.06,1392584.28,0.0072,1848278000.0,2169.06,254411587575.78
000001,2022-12-13,13.15,13.24,13.36,13.14,902285.13,0.004699999999999999,1194285300.0,2188.63,256934356941.52
000001,2022-12-14,13.23,13.23,13.4,13.08,974061.1,0.005,1287867900.0,2187.13,256740297759.54
000001,2022-12-15,13.14,13.1,13.28,12.94,835349.26,0.0043,1094434000.0,2167.56,254217528393.8
000001,2022-12-16,13.02,13.34,13.4,13.02,924251.67,0.0048,1225269200.0,2203.69,258874948761.32
000001,2022-12-19,13.33,13.04,13.47,12.95,1030866.06,0.0053,1355435600.0,2158.53,253053173301.92
000001,2022-12-20,12.97,12.76,13.08,12.67,896212.23,0.0046,1150630700.0,2116.38,247619516206.48
000001,2022-12-21,12.85,12.89,12.99,12.74,614590.0,0.0032,791782500.0,2135.95,250142285572.22
000001,2022-12-22,13.0,12.95,13.15,12.9,672394.0,0.0034999999999999996,876159800.0,2144.98,251306640664.1
000001,2022-12-23,12.85,12.98,13.06,12.8,564426.0,0.0029,730706000.0,2149.49,251888818210.04
000001,2022-12-26,12.99,12.77,13.04,12.71,797120.0,0.0040999999999999995,1021904000.0,2117.88,247813575388.46
000001,2022-12-27,12.87,13.11,13.22,12.87,886004.0,0.0046,1160090100.0,2169.06,254411587575.78
000001,2022-12-28,13.16,13.14,13.38,13.0,791192.0,0.0040999999999999995,1042402100.0000001,2173.58,254993765121.72
000001,2022-12-29,13.07,13.03,13.13,12.85,666890.0,0.0034000000000000002,865145000.0,2157.02,252859114119.94
000001,2022-12-30,13.04,13.16,13.28,12.96,818036.0,0.0042,1074756800.0,2176.59,255381883485.68
000001,2023-01-03,13.2,13.77,13.85,13.05,2194128.0,0.0113,2971547000.0,2268.42,267219493586.46
000001,2023-01-04,13.71,14.32,14.42,13.63,2189683.0,0.0113,3110729400.0,2351.21,277892748595.36
000001,2023-01-05,14.4,14.48,14.74,14.37,1665425.0,0.0086,2417272400.0,2375.3,280997695507.04
000001,2023-01-06,14.5,14.62,14.72,14.48,1195745.0,0.0062,1747915200.0,2396.37,283714524054.76
000001,2023-01-09,14.75,14.8,14.88,14.52,1057659.0,0.0055000000000000005,1561368500.0,2423.47,287207589330.4
000001,2023-01-10,14.76,14.44,14.89,14.39,1269423.0,0.006500000000000001,1851093700.0,2369.28,280221458779.12
000001,2023-01-11,14.45,14.67,14.78,14.39,830566.0,0.0043,1217450800.0,2403.9,284684819964.66
000001,2023-01-12,14.77,14.67,14.77,14.53,625695.0,0.0032,914367700.0,2403.9,284684819964.66
000001,2023-01-13,14.67,14.95,14.95,14.55,949086.0,0.0049,1407181099.9999998,2446.05,290118477060.1
000001,2023-01-16,14.95,15.08,15.28,14.85,1560040.0,0.008,2356400000.0,2465.62,292641246425.84
000001,2023-01-17,15.13,14.97,15.18,14.77,935835.0,0.0048,1396151500.0,2449.06,290506595424.06
000001,2023-01-18,14.95,15.11,15.18,14.91,718434.0,0.0037,1083363000.0,2470.14,293223423971.78
000001,2023-01-19,15.13,15.09,15.25,14.87,641875.0,0.0033,963744600.0000001,2467.13,292835305607.82
000001,2023-01-20,15.16,15.13,15.24,15.0,608590.0,0.0031,920144800.0,2473.15,293611542335.74
000001,2023-01-30,15.6,15.15,15.74,14.89,1374318.0,0.0070999999999999995,2096867600.0,2476.16,293999660699.7
000001,2023-01-31,15.24,14.99,15.51,14.96,1030498.0,0.0053,1568639300.0,2452.07,290894713788.02
000001,2023-02-01,15.03,14.7,15.08,14.51,1653421.0,0.0085,2426472000.0,2408.42,285266997510.6
000001,2023-02-02,14.74,14.6,14.78,14.27,1577900.0,0.008100000000000001,2280744900.0,2393.36,283326405690.8
000001,2023-02-03,14.45,14.32,14.55,14.16,1246383.0,0.0064,1782105900.0,2351.21,277892748595.36
000001,2023-02-06,14.1,14.0,14.13,13.86,1317610.0,0.0068000000000000005,1838428700.0,2303.04,271682854772.0
000001,2023-02-07,14.06,14.21,14.32,14.03,869460.0,0.0045000000000000005,1235297800.0,2334.65,275758097593.58
000001,2023-02-08,14.24,14.04,14.32,14.03,657893.0,0.0034000000000000002,928708900.0,2309.06,272459091499.92
000001,2023-02-09,14.01,14.13,14.3,13.96,830350.0,0.0043,1174362000.0,2322.61,274205624137.74
000001,2023-02-10,14.1,13.98,14.12,13.86,847284.0,0.0044,1184283400.0,2300.03,271294736408.04
000001,2023-02-13,13.94,13.82,13.94,13.6,1800054.0,0.009300000000000001,2473405200.0,2275.94,268189789496.36
000001,2023-02-14,13.85,13.96,13.98,13.8,909937.0,0.004699999999999999,1263892100.0,2297.02,270906618044.08
000001,2023-02-15,13.95,13.67,13.96,13.62,1250244.0,0.0064,1713566700.0000002,2253.36,265278901766.66
000001,2023-02-16,13.68,13.6,13.91,13.5,1279123.0,0.0066,1757431099.9999998,2242.83,263920487492.8
000001,2023-02-17,13.63,13.43,13.72,13.43,918364.0,0.004699999999999999,1246777400.0,2217.24,260621481399.14
000001,2023-02-20,13.5,14.15,14.15,13.49,2116191.0,0.0109,2945969800.0,2325.62,274593742501.7
000001,2023-02-21,14.06,14.1,14.2,13.92,990495.0,0.0051,1393153400.0,2318.09,273623446591.8
000001,2023-02-22,14.0,14.02,14.12,13.94,638922.0,0.0033,895742500.0,2306.05,272070973135.96
000001,2023-02-23,14.0,14.05,14.32,13.98,824491.0,0.0042,1165539900.0,2310.57,272653150681.9
000001,2023-02-24,14.02,13.86,14.03,13.8,729989.0,0.0038,1012653000.0,2281.97,268966026224.28
000001,2023-02-27,13.75,13.69,13.88,13.68,621462.0,0.0032,854854000.0,2256.37,265667020130.62
000001,2023-02-28,13.75,13.78,13.85,13.61,607936.0,0.0031,833316000.0,2269.92,267413552768.44
000001,2023-03-01,13.8,14.17,14.19,13.74,1223452.0,0.0063,1719710600.0,2328.63,274981860865.66
000001,2023-03-02,14.13,14.24,14.44,14.06,1015877.0,0.0052,1447566000.0,2339.17,276340275139.52
000001,2023-03-03,14.35,14.29,14.37,14.14,690954.0,0.0036,985552100.0000001,2346.7,277310571049.42
000001,2023-03-06,14.3,13.85,14.3,13.72,1455824.0,0.0075,2023954500.0,2280.46,268771967042.3
000001,2023-03-07,13.85,13.69,14.1,13.65,1279266.0,0.0066,1773654700.0,2256.37,265667020130.62
000001,2023-03-08,13.63,13.53,13.64,13.4,1096898.0,0.005699999999999999,1479839000.0,2232.29,262562073218.94
000001,2023-03-09,13.54,13.2,13.58,13.13,1736065.0,0.0089,2305765800.0,2182.61,256158120213.6
000001,2023-03-10,13.0,13.14,13.27,13.0,856996.0,0.0044,1128558400.0,2173.58,254993765121.72
000001,2023-03-13,13.12,13.05,13.29,13.0,1000635.0,0.0052,1309490100.0,2160.03,253247232483.9
000001,2023-03-14,12.99,12.87,13.0,12.73,1149076.0,0.0059,1474124200.0000002,2132.94,249754167208.26
000001,2023-03-15,13.05,13.05,13.18,12.94,979364.0,0.005,1278262200.0,2160.03,253247232483.9
000001,2023-03-16,12.89,12.82,13.03,12.8,916792.0,0.004699999999999999,1182054400.0,2125.41,248783871298.36
000001,2023-03-17,12.99,12.75,13.04,12.65,1556814.0,0.008,2000832400.0,2114.87,247425457024.5
000001,2023-03-20,12.76,12.57,12.85,12.55,1188816.0,0.0060999999999999995,1505893700.0,2087.77,243932391748.86
000001,2023-03-21,12.65,12.7,12.78,12.5,840743.0,0.0043,1060914100.0,2107.34,246455161114.6
000001,2023-03-22,12.75,12.79,12.88,12.71,876691.0,0.0045000000000000005,1121080800.0,2120.89,248201693752.42
000001,2023-03-23,12.7,12.9,12.9,12.63,804306.0,0.0040999999999999995,1029380500.0,2137.45,250336344754.2
000001,2023-03-24,12.85,12.82,12.86,12.76,621519.0,0.0032,796319500.0,2125.41,248783871298.36
000001,2023-03-27,12.8,12.6,12.81,12.46,1008422.0,0.0052,1266945100.0,2092.29,244514569294.8
000001,2023-03-28,12.66,12.64,12.73,12.55,673868.0,0.0034999999999999996,851797899.9999999,2098.31,245290806022.72
000001,2023-03-29,12.73,12.53,12.74,12.5,596064.0,0.0031,750687600.0,2081.75,243156155020.94
000001,2023-03-30,12.55,12.68,12.71,12.41,824546.0,0.0042,1035422899.9999999,2104.33,246067042750.64
000001,2023-03-31,12.69,12.53,12.77,12.51,865492.0,0.0045000000000000005,1092263400.0,2081.75,243156155020.94
000001,2023-04-03,12.55,12.67,12.69,12.46,740429.0,0.0038,934285200.0,2102.83,245872983568.66
000001,2023-04-04,12.64,12.65,12.72,12.59,647457.0,0.0033,817726500.0,2099.82,245484865204.7
000001,2023-04-06,12.6,12.58,12.61,12.5,563321.0,0.0029,706480700.0000001,2089.28,244126450930.84
000001,2023-04-07,12.57,12.62,12.69,12.5,607925.0,0.0031,767354800.0,2095.3,244902687658.76
000001,2023-04-10,12.64,12.68,12.7,12.58,640182.0,0.0033,809943100.0,2104.33,246067042750.64
000001,2023-04-11,12.7,12.54,12.72,12.52,777780.0,0.004,978302899.9999999,2083.26,243350214202.92
000001,2023-04-12,12.58,12.48,12.59,12.45,909957.0,0.004699999999999999,1136997700.0,2074.23,242185859111.04
000001,2023-04-13,12.41,12.56,12.67,12.3,1131591.0,0.0058,1413919000.0,2086.27,243738332566.88
000001,2023-04-14,12.6,12.69,12.9,12.58,1297995.0,0.0067,1653539500.0,2105.84,246261101932.62
000001,2023-04-17,12.66,12.93,12.94,12.6,1304213.0,0.0067,1669357600.0,2141.97,250918522300.14
000001,2023-04-18,12.93,13.0,13.2,12.89,1538936.0,0.0079,2009934900.0,2152.5,252276936574.0
000001,2023-04-19,13.02,12.85,13.07,12.83,1014378.0,0.0052,1309536000.0,2129.92,249366048844.3
000001,2023-04-20,12.9,12.75,12.9,12.62,811788.0,0.0042,1033330700.0000001,2114.87,247425457024.5
000001,2023-04-21,12.7,12.5,12.83,12.48,918668.0,0.004699999999999999,1160509800.0,2077.24,242573977475.0
000001,2023-04-24,12.48,12.1,12.5,12.03,1467672.0,0.0076,1798134000.0,2017.02,234811610195.8
000001,2023-04-25,12.14,12.28,12.37,12.12,1301901.0,0.0067,1595320200.0,2044.12,238304675471.44
000001,2023-04-26,12.25,12.12,12.25,11.99,991260.0,0.0051,1197555700.0,2020.03,235199728559.76
000001,2023-04-27,12.06,12.26,12.35,12.0,1004093.0,0.0052,1222755900.0,2041.11,237916557107.48
000001,2023-04-28,12.26,12.55,12.78,12.22,1445254.0,0.0074,1816868000.0,2084.76,243544273384.9
000001,2023-05-04,12.4,12.73,12.83,12.19,1478264.0,0.0076,1863146099.9999998,2111.86,247037338660.54
000001,2023-05-05,12.78,12.91,13.11,12.75,1762189.0,0.0091,2283981000.0,2138.96,250530403936.18
000001,2023-05-08,12.94,13.32,13.49,12.84,2630719.0,0.013600000000000001,3478891599.9999995,2200.68,258486830397.36
000001,2023-05-09,13.4,13.16,13.6,13.13,2422534.0,0.0125,3238716500.0,2176.59,255381883485.68
000001,2023-05-10,13.17,12.84,13.26,12.8,1237053.0,0.0064,1600190000.0,2128.42,249171989662.32
000001,2023-05-11,12.95,12.85,13.12,12.8,903758.0,0.004699999999999999,1166479400.0,2129.92,249366048844.3
000001,2023-05-12,12.82,12.62,12.87,12.61,885604.0,0.0046,1124579100.0,2095.3,244902687658.76
000001,2023-05-15,12.68,12.83,12.85,12.45,928326.0,0.0048,1173804200.0,2126.91,248977930480.34
000001,2023-05-16,12.8,12.62,12.92,12.57,998302.0,0.0051,1267712100.0,2095.3,244902687658.76
000001,2023-05-17,12.58,12.49,12.64,12.44,754621.0,0.0039000000000000003,945315200.0,2075.73,242379918293.02
000001,2023-05-18,12.57,12.49,12.64,12.43,687187.0,0.0034999999999999996,861347500.0,2075.73,242379918293.02
000001,2023-05-19,12.43,12.34,12.44,12.32,688414.0,0.0034999999999999996,851165600.0,2053.15,239469030563.32
000001,2023-05-22,12.31,12.38,12.45,12.31,549328.0,0.0028000000000000004,679754900.0,2059.17,240245267291.24
000001,2023-05-23,12.38,12.21,12.41,12.21,694364.0,0.0036,852871200.0,2033.58,236946261197.58
000001,2023-05-24,12.2,12.01,12.21,12.01,824251.0,0.0042,996600600.0,2003.47,233065077557.98
000001,2023-05-25,11.99,11.93,12.0,11.81,882744.0,0.0045000000000000005,1050002500.0,1991.43,231512604102.14
000001,2023-05-26,11.93,12.1,12.13,11.84,511429.0,0.0026,613772900.0,2017.02,234811610195.8
000001,2023-05-29,12.11,11.98,12.13,11.95,566074.0,0.0029,680275600.0,1998.96,232482900012.04
000001,2023-05-30,11.98,11.87,11.99,11.8,763997.0,0.0039000000000000003,906316400.0,1982.4,230348249010.26
000001,2023-05-31,11.82,11.6,11.84,11.58,1179587.0,0.0060999999999999995,1376758400.0,1941.75,225108651096.8
000001,2023-06-01,11.6,11.59,11.68,11.5,743023.0,0.0038,861646500.0,1940.25,224914591914.82
000001,2023-06-02,11.68,11.93,11.97,11.64,1221843.0,0.0063,1446502700.0,1991.43,231512604102.14
000001,2023-06-05,11.88,11.91,12.0,11.82,521846.0,0.0027,620531400.0,1988.42,231124485738.18
000001,2023-06-06,11.91,11.84,12.09,11.82,833273.0,0.0043,997039299.9999999,1977.88,229766071464.32
000001,2023-06-07,11.89,11.94,12.07,11.88,643698.0,0.0033,770386900.0,1992.94,231706663284.12
000001,2023-06-08,11.96,12.12,12.2,11.86,869397.0,0.0045000000000000005,1048266200.0,2020.03,235199728559.76
000001,2023-06-09,12.06,11.88,12.09,11.85,1315285.0,0.0068000000000000005,1566929300.0,1983.9,230542308192.24
000001,2023-06-12,11.82,11.79,11.9,11.76,758747.0,0.0039000000000000003,896015700.0000001,1970.36,228795775554.42
000001,2023-06-13,11.76,11.77,11.84,11.69,849988.0,0.0044,1000183600.0,1967.35,228407657190.46
000001,2023-06-14,11.55,11.47,11.73,11.46,1069200.0,0.0055000000000000005,1237376800.0,1965.09,222585881731.06
000001,2023-06-15,11.49,11.61,11.63,11.39,925301.0,0.0048,1064567200.0,1986.16,225302710278.78
000001,2023-06-16,11.61,11.63,11.67,11.57,842034.0,0.0043,978869299.9999999,1989.17,225690828642.74
000001,2023-06-19,11.63,11.45,11.63,11.41,953997.0,0.0049,1096351100.0,1962.08,222197763367.1
000001,2023-06-20,11.44,11.36,11.46,11.35,544551.0,0.0028000000000000004,620374300.0,1948.53,220451230729.28
000001,2023-06-21,11.36,11.35,11.48,11.34,616583.0,0.0032,703681600.0,1947.02,220257171547.3
000001,2023-06-26,11.3,11.18,11.3,11.15,676577.0,0.0034999999999999996,757976000.0,1921.43,216958165453.64
000001,2023-06-27,11.2,11.28,11.32,11.17,461702.0,0.0024,519520700.0,1936.49,218898757273.44
000001,2023-06-28,11.28,11.3,11.33,11.22,365396.0,0.0019,412039400.0,1939.5,219286875637.4
000001,2023-06-29,11.29,11.18,11.29,11.17,485906.0,0.0025,544534800.0,1921.43,216958165453.64
000001,2023-06-30,11.18,11.23,11.31,11.15,519053.0,0.0027,583494700.0,1928.96,217928461363.54
000001,2023-07-03,11.24,11.49,11.53,11.23,885091.0,0.0046,1009887400.0,1968.1,222974000095.02
000001,2023-07-04,11.46,11.4,11.49,11.32,616301.0,0.0032,701885300.0,1954.55,221227467457.2
000001,2023-07-05,11.36,11.34,11.4,11.3,423482.0,0.0022,479726300.0,1945.52,220063112365.32
000001,2023-07-06,11.3,11.24,11.34,11.21,597096.0,0.0031,672396799.9999999,1930.46,218122520545.52
000001,2023-07-07,11.2,11.2,11.27,11.18,484441.0,0.0025,543212500.0,1924.44,217346283817.6
000001,2023-07-10,11.25,11.2,11.28,11.17,495882.0,0.0026,556581600.0,1924.44,217346283817.6
000001,2023-07-11,11.22,11.21,11.26,11.19,570809.0,0.0029,640131800.0,1925.95,217540342999.58
000001,2023-07-12,11.23,11.24,11.36,11.22,736084.0,0.0038,830230800.0,1930.46,218122520545.52
000001,2023-07-13,11.32,11.43,11.47,11.27,1124230.0,0.0058,1281848400.0,1959.07,221809645003.14
000001,2023-07-14,11.43,11.46,11.55,11.4,719147.0,0.0037,825295700.0000001,1963.58,222391822549.08
000001,2023-07-17,11.41,11.31,11.41,11.26,608343.0,0.0031,687262899.9999999,1941.0,219480934819.38
000001,2023-07-18,11.29,11.25,11.32,11.22,471966.0,0.0024,531299800.00000006,1931.97,218316579727.5
000001,2023-07-19,11.23,11.31,11.32,11.23,382196.0,0.002,430771300.0,1941.0,219480934819.38
000001,2023-07-20,11.33,11.32,11.44,11.29,554070.0,0.0029,629696100.0,1942.51,219674994001.36
000001,2023-07-21,11.31,11.34,11.39,11.28,377103.0,0.0019,427376000.0,1945.52,220063112365.32
000001,2023-07-24,11.33,11.26,11.33,11.24,426852.0,0.0022,480713399.99999994,1933.48,218510638909.48
000001,2023-07-25,11.45,11.72,11.73,11.44,2032958.0,0.0105,2358815200.0,2002.72,227437361280.56
000001,2023-07-26,11.65,11.67,11.74,11.56,751663.0,0.0039000000000000003,875260100.0,1995.19,226467065370.66
000001,2023-07-27,11.68,11.75,11.87,11.65,1115196.0,0.005699999999999999,1314228299.9999998,2007.24,228019538826.5
000001,2023-07-28,11.69,12.26,12.3,11.67,2347013.0,0.0121,2839828200.0,2084.01,237916557107.48
000001,2023-07-31,12.3,12.32,12.5,12.23,1854952.0,0.0096,2288940400.0,2093.04,239080912199.36
000001,2023-08-01,12.26,12.16,12.37,12.13,957735.0,0.0049,1169570700.0,2068.96,235975965287.68
000001,2023-08-02,12.06,12.03,12.24,11.93,1115900.0,0.0058,1343864200.0000002,2049.39,233453195921.94
000001,2023-08-03,11.99,12.33,12.37,11.95,1175848.0,0.0060999999999999995,1433255500.0,2094.55,239274971381.34
000001,2023-08-04,12.42,12.3,12.53,12.21,1303131.0,0.0067,1611435400.0,2090.03,238692793835.4
000001,2023-08-07,12.21,12.16,12.25,12.12,646913.0,0.0033,786506500.0,2068.96,235975965287.68
000001,2023-08-08,12.12,12.1,12.21,12.0,725705.0,0.0037,877489200.0,2059.93,234811610195.8
000001,2023-08-09,12.06,12.17,12.2,12.05,577608.0,0.003,702060800.0,2070.46,236170024469.66
000001,2023-08-10,12.15,12.16,12.21,12.06,475595.0,0.0025,577123900.0,2068.96,235975965287.68
000001,2023-08-11,12.17,11.89,12.27,11.89,943539.0,0.0049,1132867200.0,2028.31,230736367374.22
000001,2023-08-14,11.76,11.67,11.78,11.59,975920.0,0.005,1139185200.0,1995.19,226467065370.66
000001,2023-08-15,11.69,11.73,11.8,11.6,712813.0,0.0037,834163000.0,2004.23,227631420462.54
000001,2023-08-16,11.67,11.73,11.85,11.61,572904.0,0.003,671706000.0,2004.23,227631420462.54
000001,2023-08-17,11.67,11.57,11.7,11.46,965058.0,0.005,1116292700.0,1980.14,224526473550.86
000001,2023-08-18,11.58,11.56,11.74,11.53,659819.0,0.0034000000000000002,767047300.0,1978.64,224332414368.88
000001,2023-08-21,11.56,11.32,11.58,11.32,701498.0,0.0036,799641400.0,1942.51,219674994001.36
000001,2023-08-22,11.38,11.37,11.45,11.31,606808.0,0.0031,689991200.0,1950.03,220645289911.26
000001,2023-08-23,11.35,11.25,11.42,11.24,691810.0,0.0036,783102800.0,1931.97,218316579727.5
000001,2023-08-24,11.29,11.13,11.32,11.05,1291271.0,0.0067,1439197100.0,1913.91,215987869543.74
000001,2023-08-25,11.1,11.23,11.33,11.08,845350.0,0.0044,946760300.0,1928.96,217928461363.54
000001,2023-08-28,11.84,11.52,11.93,11.49,1997610.0,0.0103,2336205800.0,1972.61,223556177640.96
000001,2023-08-29,11.47,11.31,11.49,11.13,1964961.0,0.0101,2217588600.0,1941.0,219480934819.38
000001,2023-08-30,11.27,11.13,11.27,11.13,1375638.0,0.0070999999999999995,1537573599.9999998,1913.91,215987869543.74
000001,2023-08-31,11.14,11.13,11.22,11.12,806474.0,0.0042,900123600.0,1913.91,215987869543.74
000001,2023-09-01,11.19,11.32,11.36,11.19,1138705.0,0.0059,1285169000.0,1942.51,219674994001.36
000001,2023-09-04,11.35,11.56,11.59,11.33,1410029.0,0.0073,1621769200.0000002,1978.64,224332414368.88
000001,2023-09-05,11.5,11.39,11.51,11.36,804177.0,0.0040999999999999995,917888900.0,1953.04,221033408275.22
000001,2023-09-06,11.33,11.43,11.46,11.3,634841.0,0.0033,721905700.0000001,1959.07,221809645003.14
000001,2023-09-07,11.4,11.33,11.44,11.32,540042.0,0.0028000000000000004,613812200.0,1944.01,219869053183.34
000001,2023-09-08,11.28,11.27,11.32,11.23,479030.0,0.0025,539625000.0,1934.98,218704698091.46
000001,2023-09-11,11.3,11.34,11.4,11.27,654486.0,0.0034000000000000002,741764900.0,1945.52,220063112365.32
000001,2023-09-12,11.35,11.28,11.35,11.25,495485.0,0.0026,559058500.0,1936.49,218898757273.44
000001,2023-09-13,11.29,11.25,11.32,11.21,490218.0,0.0025,551747600.0,1931.97,218316579727.5
000001,2023-09-14,11.28,11.29,11.33,11.25,551650.0,0.0028000000000000004,622906100.0,1937.99,219092816455.42
000001,2023-09-15,11.35,11.22,11.4,11.2,890476.0,0.0046,1005529200.0,1927.45,217734402181.56
000001,2023-09-18,11.22,11.23,11.24,11.14,501325.0,0.0026,561449800.0,1928.96,217928461363.54
000001,2023-09-19,11.22,11.21,11.23,11.16,503664.0,0.0026,564044000.0,1925.95,217540342999.58
000001,2023-09-20,11.2,11.15,11.22,11.15,558872.0,0.0029,624785500.0,1916.92,216375987907.7
000001,2023-09-21,11.14,11.05,11.14,11.04,843930.0,0.0043,934673200.0000001,1901.86,214435396087.9
000001,2023-09-22,11.03,11.24,11.25,11.03,911484.0,0.004699999999999999,1017137899.9999999,1930.46,218122520545.52
000001,2023-09-25,11.24,11.22,11.32,11.19,761211.0,0.0039000000000000003,856022500.0,1927.45,217734402181.56
000001,2023-09-26,11.22,11.16,11.26,11.14,444980.0,0.0023,497885800.0,1918.42,216570047089.68
000001,2023-09-27,11.15,11.17,11.22,11.15,490311.0,0.0025,547905800.0,1919.93,216764106271.66
000001,2023-09-28,11.19,11.2,11.24,11.18,520697.0,0.0027,583649700.0,1924.44,217346283817.6
000001,2023-10-09,11.16,11.11,11.17,11.06,695828.0,0.0036,772959400.0,1910.89,215599751179.78
000001,2023-10-10,11.19,11.02,11.2,11.02,820749.0,0.0042,910160300.0,1897.35,213853218541.96
000001,2023-10-11,11.09,10.98,11.09,10.96,724116.0,0.0037,797663800.0,1891.33,213076981814.04
000001,2023-10-12,11.11,11.11,11.16,11.04,853058.0,0.0044,947562300.0,1910.89,215599751179.78
000001,2023-10-13,11.03,11.0,11.07,10.95,684483.0,0.0034999999999999996,753110700.0000001,1894.34,213465100178.0
000001,2023-10-16,11.0,11.01,11.03,10.95,501624.0,0.0026,550988700.0,1895.84,213659159359.98
000001,2023-10-17,11.01,11.02,11.05,10.96,493525.0,0.0025,543170900.0,1897.35,213853218541.96
000001,2023-10-18,10.99,10.95,11.02,10.91,651825.0,0.0034000000000000002,713979900.0,1886.81,212494804268.1
000001,2023-10-19,10.91,10.6,10.92,10.59,1188961.0,0.0060999999999999995,1271914700.0,1834.12,205702732898.8
000001,2023-10-20,10.55,10.6,10.67,10.51,526139.0,0.0027,557618600.0,1834.12,205702732898.8
000001,2023-10-23,10.59,10.5,10.6,10.43,530404.0,0.0027,557032200.0,1819.07,203762141079.0
000001,2023-10-24,10.54,10.55,10.61,10.44,760653.0,0.0039000000000000003,801528400.0,1826.59,204732436988.9
000001,2023-10-25,10.51,10.38,10.54,10.36,1411450.0,0.0073,1470971900.0,1801.0,201433430895.24
000001,2023-10-26,10.31,10.41,10.42,10.3,599991.0,0.0031,621915300.0,1805.52,202015608441.18
000001,2023-10-27,10.38,10.45,10.48,10.33,919771.0,0.004699999999999999,957587500.0,1811.54,202791845169.1
000001,2023-10-30,10.4,10.45,10.47,10.35,805690.0,0.0042,837646000.0,1811.54,202791845169.1
000001,2023-10-31,10.43,10.46,10.49,10.41,652855.0,0.0034000000000000002,682212100.0000001,1813.05,202985904351.08
000001,2023-11-01,10.55,10.48,10.56,10.45,567300.0,0.0029,595211900.0,1816.06,203374022715.04
000001,2023-11-02,10.5,10.48,10.6,10.47,619430.0,0.0032,652316700.0,1816.06,203374022715.04
000001,2023-11-03,10.49,10.48,10.52,10.43,705463.0,0.0036,738879700.0,1816.06,203374022715.04
000001,2023-11-06,10.51,10.69,10.69,10.51,1007062.0,0.0052,1069206799.9999999,1847.67,207449265536.62
000001,2023-11-07,10.66,10.6,10.66,10.58,640866.0,0.0033,679815600.0,1834.12,205702732898.8
000001,2023-11-08,10.58,10.5,10.6,10.45,877819.0,0.0045000000000000005,923622000.0,1819.07,203762141079.0
000001,2023-11-09,10.46,10.49,10.52,10.43,639136.0,0.0033,669639100.0,1817.56,203568081897.02
000001,2023-11-10,10.45,10.3,10.47,10.29,1045044.0,0.0054,1080649700.0,1788.96,199880957439.4
000001,2023-11-13,10.31,10.25,10.33,10.22,770043.0,0.004,789007100.0000001,1781.43,198910661529.5
000001,2023-11-14,10.24,10.27,10.33,10.23,596859.0,0.0031,613377700.0,1784.44,199298779893.46
000001,2023-11-15,10.37,10.37,10.45,10.34,1109140.0,0.005699999999999999,1152154800.0,1799.5,201239371713.26
000001,2023-11-16,10.38,10.24,10.39,10.23,922622.0,0.0048,948395100.0,1779.93,198716602347.52
000001,2023-11-17,10.22,10.15,10.25,10.12,903362.0,0.004699999999999999,917616700.0,1766.38,196970069709.7
000001,2023-11-20,10.15,10.19,10.22,10.1,639528.0,0.0033,650077400.0,1772.4,197746306437.62
000001,2023-11-21,10.23,10.28,10.35,10.22,1041166.0,0.0054,1072311500.0,1785.95,199492839075.44
000001,2023-11-22,10.26,10.16,10.31,10.14,737490.0,0.0038,753064800.0,1767.89,197164128891.68
000001,2023-11-23,10.15,10.15,10.16,10.07,846656.0,0.0044,855904299.9999999,1766.38,196970069709.7
000001,2023-11-24,10.11,10.1,10.13,10.08,684695.0,0.0034999999999999996,691423400.0,1758.85,195999773799.8
000001,2023-11-27,10.09,10.01,10.09,9.97,836188.0,0.0043,836268400.0,1745.31,194253241161.98
000001,2023-11-28,9.99,9.95,10.02,9.95,786175.0,0.0040999999999999995,784405800.0,1736.27,193088886070.1
000001,2023-11-29,9.95,9.72,9.97,9.7,1467597.0,0.0076,1438320300.0,1701.65,188625524884.56
000001,2023-11-30,9.69,9.68,9.73,9.62,901765.0,0.0046,871481700.0,1695.63,187849288156.64
000001,2023-12-01,9.65,9.66,9.68,9.58,778057.0,0.004,749668400.0,1692.62,187461169792.68
000001,2023-12-04,9.67,9.63,9.68,9.61,605438.0,0.0031,583664300.0,1688.1,186878992246.74
000001,2023-12-05,9.61,9.48,9.62,9.47,787378.0,0.0040999999999999995,750961200.0,1665.52,183968104517.04
000001,2023-12-06,9.44,9.5,9.57,9.4,753056.0,0.0039000000000000003,714029500.0,1668.53,184356222881.0
000001,2023-12-07,9.49,9.44,9.49,9.38,585380.0,0.003,552224800.0,1659.5,183191867789.12
000001,2023-12-08,9.41,9.3,9.45,9.3,1021152.0,0.0053,957664600.0000001,1638.42,180475039241.4
000001,2023-12-11,9.22,9.35,9.38,9.13,1133663.0,0.0058,1044765700.0000001,1645.95,181445335151.3
000001,2023-12-12,9.31,9.42,9.5,9.3,855016.0,0.0044,805067600.0,1656.49,182803749425.16
000001,2023-12-13,9.38,9.16,9.39,9.15,1061302.0,0.0055000000000000005,981001200.0,1617.35,177758210693.68
000001,2023-12-14,9.21,9.15,9.28,9.15,742901.0,0.0038,683211500.0,1615.84,177564151511.7
000001,2023-12-15,9.2,9.21,9.35,9.19,988939.0,0.0051,915126100.0,1624.88,178728506603.58
000001,2023-12-18,9.18,9.13,9.24,9.09,654426.0,0.0034000000000000002,599379000.0,1612.83,177176033147.74
000001,2023-12-19,9.12,9.1,9.17,9.07,644071.0,0.0033,586716700.0,1608.32,176593855601.8
000001,2023-12-20,9.11,9.03,9.15,9.03,715634.0,0.0037,650511300.0,1597.78,175235441327.94
000001,2023-12-21,9.01,9.17,9.19,8.99,1017047.0,0.0052,925407100.0000001,1618.86,177952269875.66
000001,2023-12-22,9.19,9.2,9.28,9.11,1005645.0,0.0052,924998800.0,1623.37,178534447421.6
000001,2023-12-25,9.18,9.19,9.2,9.14,413971.0,0.0021,379638200.0,1621.87,178340388239.62
000001,2023-12-26,9.19,9.1,9.2,9.07,541896.0,0.0028000000000000004,493746600.00000006,1608.32,176593855601.8
000001,2023-12-27,9.1,9.12,9.13,9.02,641534.0,0.0033,582036700.0,1611.33,176981973965.76
000001,2023-12-28,9.11,9.45,9.47,9.08,1661592.0,0.0086,1550256600.0,1661.01,183385926971.1
000001,2023-12-29,9.42,9.39,9.48,9.35,853853.0,0.0044,803196700.0,1651.97,182221571879.22
000001,2024-01-02,9.39,9.21,9.42,9.21,1158366.0,0.006,1075742300.0,1624.88,178728506603.58
000001,2024-01-03,9.19,9.2,9.22,9.15,733610.0,0.0038,673673600.0,1623.37,178534447421.6
000001,2024-01-04,9.19,9.11,9.19,9.08,864194.0,0.0045000000000000005,787470100.0,1609.82,176787914783.78
000001,2024-01-05,9.1,9.27,9.44,9.07,1991622.0,0.0103,1852659700.0,1633.91,179892861695.46
000001,2024-01-08,9.23,9.15,9.3,9.11,1121156.0,0.0058,1029006500.0,1615.84,177564151511.7
000001,2024-01-09,9.16,9.18,9.19,9.09,766194.0,0.0039000000000000003,700375700.0000001,1620.36,178146329057.64
000001,2024-01-10,9.16,9.09,9.19,9.09,858621.0,0.0044,783771200.0,1606.81,176399796419.82
000001,2024-01-11,9.08,9.17,9.22,9.03,934686.0,0.0048,853890200.0,1618.86,177952269875.66
000001,2024-01-12,9.13,9.19,9.27,9.11,772582.0,0.004,711018300.0,1621.87,178340388239.62
000001,2024-01-15,9.16,9.21,9.29,9.13,745133.0,0.0038,685951000.0,1624.88,178728506603.58
000001,2024-01-16,9.19,9.34,9.35,9.16,1438313.0,0.0074,1334465400.0,1644.45,181251275969.32
000001,2024-01-17,9.33,9.23,9.39,9.23,1482296.0,0.0076,1380725100.0,1627.89,179116624967.54
000001,2024-01-18,9.21,9.2,9.24,9.0,1755132.0,0.009000000000000001,1597853700.0,1623.37,178534447421.6
000001,2024-01-19,9.16,9.17,9.2,9.1,963981.0,0.005,881865000.0,1618.86,177952269875.66
000001,2024-01-22,9.16,9.1,9.26,9.04,1580320.0,0.008100000000000001,1449858200.0,1608.32,176593855601.8
000001,2024-01-23,9.05,9.16,9.18,8.96,1135545.0,0.0059,1030898400.0,1617.35,177758210693.68
000001,2024-01-24,9.23,9.33,9.34,9.07,1759123.0,0.0091,1620099300.0,1642.94,181057216787.34
000001,2024-01-25,9.33,9.5,9.54,9.27,2162514.0,0.0111,2037648400.0,1668.53,184356222881.0
000001,2024-01-26,9.47,9.62,9.67,9.44,2272287.0,0.011699999999999999,2172799800.0,1686.6,186684933064.76
000001,2024-01-29,9.69,9.7,9.88,9.58,2376252.0,0.012199999999999999,2312173300.0,1698.64,188237406520.6
000001,2024-01-30,9.61,9.5,9.7,9.49,1579122.0,0.008100000000000001,1515156600.0,1668.53,184356222881.0
000001,2024-01-31,9.46,9.46,9.56,9.38,1357217.0,0.006999999999999999,1286857400.0,1662.51,183579986153.08
000001,2024-02-01,9.41,9.41,9.48,9.34,1055260.0,0.0054,993481900.0,1654.98,182609690243.18
000001,2024-02-02,9.42,9.27,9.47,9.07,1634214.0,0.0084,1520605700.0,1633.91,179892861695.46
000001,2024-02-05,9.19,9.38,9.43,9.11,1803592.0,0.009300000000000001,1674566500.0,1650.47,182027512697.24
000001,2024-02-06,9.3,9.68,9.68,9.29,1995410.0,0.0103,1900324200.0000002,1695.63,187849288156.64
000001,2024-02-07,9.62,9.61,9.67,9.48,2062015.0,0.0106,1975435100.0,1685.09,186490873882.78
000001,2024-02-08,9.58,9.67,9.67,9.52,1656814.0,0.0085,1593505700.0,1694.12,187655228974.66
000001,2024-02-19,9.76,9.81,9.81,9.65,1605243.0,0.0083,1564088400.0,1715.2,190372057522.38
000001,2024-02-20,9.79,9.82,9.84,9.73,1123564.0,0.0058,1098987800.0,1716.7,190566116704.36
000001,2024-02-21,9.78,10.8,10.8,9.77,5055285.0,0.026099999999999998,5295259399.999999,1864.23,209583916538.4
000001,2024-02-22,10.65,10.9,10.91,10.62,4922325.0,0.0254,5307736400.0,1879.28,211524508358.2
000001,2024-02-23,10.88,10.85,11.24,10.84,3567480.0,0.0184,3917316300.0,1871.76,210554212448.3
000001,2024-02-26,10.78,10.53,10.88,10.5,2862609.0,0.0148,3048205000.0,1823.58,204344318624.94
000001,2024-02-27,10.49,10.5,10.6,10.46,1981905.0,0.0102,2083027100.0,1819.07,203762141079.0
000001,2024-02-28,10.51,10.49,10.7,10.4,3082693.0,0.0159,3253340400.0,1817.56,203568081897.02
000001,2024-02-29,10.42,10.59,10.59,10.41,1845344.0,0.0095,1936021000.0,1832.62,205508673716.82
000001,2024-03-01,10.59,10.49,10.6,10.43,1828103.0,0.009399999999999999,1917689300.0,1817.56,203568081897.02
000001,2024-03-04,10.45,10.33,10.5,10.32,1655930.0,0.0085,1719562900.0,1793.48,200463134985.34
000001,2024-03-05,10.3,10.43,10.47,10.26,1817319.0,0.009399999999999999,1889144300.0,1808.53,202403726805.14
000001,2024-03-06,10.4,10.33,10.45,10.33,1345640.0,0.0069,1396940100.0,1793.48,200463134985.34
000001,2024-03-07,10.33,10.38,10.64,10.33,2016166.0,0.0104,2109589200.0000002,1801.0,201433430895.24
000001,2024-03-08,10.35,10.38,10.44,10.3,1113974.0,0.005699999999999999,1154491300.0,1801.0,201433430895.24
000001,2024-03-11,10.38,10.47,10.47,10.34,1210673.0,0.0062,1260212000.0,1814.55,203179963533.06
000001,2024-03-12,10.48,10.56,10.59,10.41,1641262.0,0.0085,1721999700.0,1828.1,204926496170.88
000001,2024-03-13,10.53,10.33,10.55,10.3,1768039.0,0.0091,1834655000.0,1793.48,200463134985.34
000001,2024-03-14,10.3,10.23,10.38,10.2,1409400.0,0.0073,1448499700.0,1778.42,198522543165.54
000001,2024-03-15,10.55,10.6,10.75,10.5,3750208.0,0.019299999999999998,3973799099.9999995,1834.12,205702732898.8
000001,2024-03-18,10.56,10.54,10.61,10.49,1671397.0,0.0086,1761249200.0000002,1825.09,204538377806.92
000001,2024-03-19,10.53,10.4,10.54,10.39,1293216.0,0.0067,1351069600.0,1804.01,201821549259.2
000001,2024-03-20,10.38,10.45,10.47,10.37,872663.0,0.0045000000000000005,910278600.0,1811.54,202791845169.1
000001,2024-03-21,10.45,10.47,10.52,10.42,864466.0,0.0045000000000000005,905422300.0,1814.55,203179963533.06
000001,2024-03-22,10.45,10.36,10.45,10.31,1028142.0,0.0053,1065535600.0,1797.99,201045312531.28
000001,2024-03-25,10.35,10.4,10.49,10.32,953202.0,0.0049,993304100.0,1804.01,201821549259.2
000001,2024-03-26,10.45,10.6,10.66,10.42,1740021.0,0.009000000000000001,1835376200.0,1834.12,205702732898.8
000001,2024-03-27,10.56,10.53,10.63,10.51,1274136.0,0.0066,1347397200.0,1823.58,204344318624.94
000001,2024-03-28,10.51,10.49,10.57,10.38,1302189.0,0.0067,1362980400.0,1817.56,203568081897.02
000001,2024-03-29,10.45,10.52,10.57,10.43,872759.0,0.0045000000000000005,917332300.0,1822.08,204150259442.96
000001,2024-04-01,10.52,10.64,10.65,10.51,1191088.0,0.0060999999999999995,1261770400.0,1840.14,206478969626.72
000001,2024-04-02,10.63,10.55,10.68,10.53,1085458.0,0.005600000000000001,1149700800.0,1826.59,204732436988.9
000001,2024-04-03,10.53,10.46,10.55,10.42,981846.0,0.0051,1028648900.0,1813.05,202985904351.08
000001,2024-04-08,10.42,10.43,10.49,10.37,906361.0,0.004699999999999999,945290399.9999999,1808.53,202403726805.14
000001,2024-04-09,10.43,10.4,10.47,10.36,857157.0,0.0044,891469000.0,1804.01,201821549259.2
000001,2024-04-10,10.38,10.28,10.41,10.27,1246391.0,0.0064,1288696200.0,1785.95,199492839075.44
000001,2024-04-11,10.24,10.25,10.29,10.12,1010213.0,0.0052,1030820100.0,1781.43,198910661529.5
000001,2024-04-12,10.22,10.06,10.27,10.04,1305454.0,0.0067,1322011800.0,1752.83,195223537071.88
000001,2024-04-15,10.07,10.29,10.32,10.06,1453203.0,0.0075,1486326200.0,1787.46,199686898257.42
000001,2024-04-16,10.28,10.28,10.39,10.22,1478036.0,0.0076,1523138500.0,1785.95,199492839075.44
000001,2024-04-17,10.26,10.62,10.63,10.21,2232641.0,0.0115,2337576600.0,1837.13,206090851262.76
000001,2024-04-18,10.58,10.8,11.03,10.56,3165914.0,0.0163,3427339000.0,1864.23,209583916538.4
000001,2024-04-19,10.71,10.69,10.82,10.66,1457675.0,0.0075,1562376099.9999998,1847.67,207449265536.62
000001,2024-04-22,10.64,10.5,10.81,10.45,2009818.0,0.0104,2125722700.0,1819.07,203762141079.0
000001,2024-04-23,10.51,10.54,10.65,10.46,1240027.0,0.0064,1308866100.0,1825.09,204538377806.92
000001,2024-04-24,10.52,10.53,10.57,10.46,941568.0,0.0049,989093500.0,1823.58,204344318624.94
000001,2024-04-25,10.5,10.61,10.62,10.48,1113812.0,0.005699999999999999,1176304500.0,1835.63,205896792080.78
000001,2024-04-26,10.59,10.6,10.67,10.48,1607628.0,0.0083,1698581400.0000002,1834.12,205702732898.8
000001,2024-04-29,10.56,10.81,10.9,10.52,2169177.0,0.011200000000000002,2337350900.0,1865.73,209777975720.38
000001,2024-04-30,10.8,10.79,10.88,10.73,1324557.0,0.0068000000000000005,1431407700.0,1862.72,209389857356.42
000001,2024-05-06,10.96,10.89,11.11,10.84,1784101.0,0.0092,1953817500.0,1877.78,211330449176.22
000001,2024-05-07,10.87,10.88,10.89,10.76,1087057.0,0.005600000000000001,1176786400.0,1876.27,211136389994.24
000001,2024-05-08,10.84,10.73,10.88,10.71,1221791.0,0.0063,1318612000.0,1853.69,208225502264.54
000001,2024-05-09,10.71,10.76,10.82,10.71,1069461.0,0.0055000000000000005,1150726900.0,1858.21,208807679810.48
000001,2024-05-10,10.77,10.94,10.96,10.76,1767836.0,0.0091,1923452200.0,1885.3,212300745086.12
000001,2024-05-13,10.9,10.97,11.01,10.81,1402499.0,0.0072,1530058900.0000002,1889.82,212882922632.06
000001,2024-05-14,11.0,10.91,11.06,10.88,1075784.0,0.0055000000000000005,1176577300.0,1880.79,211718567540.18
000001,2024-05-15,10.9,10.83,10.92,10.81,868297.0,0.0045000000000000005,942908000.0,1868.74,210166094084.34
000001,2024-05-16,10.85,11.17,11.21,10.83,3076292.0,0.0159,3410151900.0,1919.93,216764106271.66
000001,2024-05-17,11.18,11.42,11.42,11.13,2841749.0,0.0146,3200736599.9999995,1957.56,221615585821.16
000001,2024-05-20,11.43,11.38,11.53,11.31,2170210.0,0.011200000000000002,2475290200.0,1951.54,220839349093.24
000001,2024-05-21,11.32,11.55,11.62,11.31,2030049.0,0.0105,2336192900.0,1977.13,224138355186.9
000001,2024-05-22,11.56,11.56,11.74,11.46,2115531.0,0.0109,2458449000.0,1978.64,224332414368.88
000001,2024-05-23,11.53,11.4,11.59,11.37,1841623.0,0.0095,2110799300.0,1954.55,221227467457.2
000001,2024-05-24,11.37,11.31,11.49,11.3,1398276.0,0.0072,1593330300.0,1941.0,219480934819.38
000001,2024-05-27,11.31,11.51,11.53,11.31,1454361.0,0.0075,1663272100.0,1971.11,223362118458.98
000001,2024-05-28,11.5,11.4,11.58,11.36,1204323.0,0.0062,1377107200.0,1954.55,221227467457.2
000001,2024-05-29,11.38,11.26,11.45,11.23,1444811.0,0.0074,1635445600.0,1933.48,218510638909.48
000001,2024-05-30,11.24,11.12,11.34,11.06,1325496.0,0.0068000000000000005,1481608700.0,1912.4,215793810361.76
000001,2024-05-31,11.14,11.11,11.19,11.11,826707.0,0.0043,921248100.0,1910.89,215599751179.78
000001,2024-06-03,11.12,10.98,11.13,10.91,1326697.0,0.0068000000000000005,1456086000.0,1891.33,213076981814.04
000001,2024-06-04,10.95,11.02,11.05,10.91,981005.0,0.0051,1079356600.0,1897.35,213853218541.96
000001,2024-06-05,11.04,10.87,11.07,10.87,1018968.0,0.0053,1114156000.0,1874.77,210942330812.26
000001,2024-06-06,10.9,10.9,10.98,10.88,1049332.0,0.0054,1145989400.0,1879.28,211524508358.2
000001,2024-06-07,10.92,10.99,11.01,10.89,1170126.0,0.006,1281663000.0,1892.83,213271040996.02
000001,2024-06-11,10.98,10.87,11.02,10.79,1337629.0,0.0069,1452842000.0,1874.77,210942330812.26
000001,2024-06-12,10.85,10.88,10.91,10.78,957426.0,0.0049,1037927500.0,1876.27,211136389994.24
000001,2024-06-13,10.89,10.8,10.93,10.8,1203508.0,0.0062,1304403400.0,1864.23,209583916538.4
000001,2024-06-14,10.15,10.18,10.23,9.99,1637990.0,0.0084,1657434000.0,1879.13,197552247255.64
000001,2024-06-17,10.13,10.1,10.16,10.08,681217.0,0.0034999999999999996,688669900.0,1867.09,195999773799.8
000001,2024-06-18,10.11,10.08,10.16,10.04,700653.0,0.0036,707829500.0,1864.08,195611655435.84
000001,2024-06-19,10.1,10.15,10.21,10.08,796184.0,0.0040999999999999995,807676200.0,1874.62,196970069709.7
000001,2024-06-20,10.16,10.05,10.17,10.05,629628.0,0.0032,635070300.0,1859.56,195029477889.9
000001,2024-06-21,10.05,10.0,10.09,9.95,830545.0,0.0043,831176900.0,1852.04,194059181980.0
000001,2024-06-24,9.97,9.98,10.07,9.88,947082.0,0.0049,944907500.0,1849.02,193671063616.04
000001,2024-06-25,9.99,10.08,10.13,9.98,769993.0,0.004,775332100.0000001,1864.08,195611655435.84
000001,2024-06-26,10.06,10.08,10.13,10.02,628599.0,0.0032,633763900.0,1864.08,195611655435.84
000001,2024-06-27,10.06,10.13,10.21,10.0,928882.0,0.0048,938954400.0,1871.61,196581951345.74
000001,2024-06-28,10.1,10.15,10.26,10.09,918090.0,0.004699999999999999,933947800.0,1874.62,196970069709.7
000001,2024-07-01,10.09,10.35,10.35,10.04,1343051.0,0.0069,1372549600.0,1904.72,200851253349.3
000001,2024-07-02,10.3,10.4,10.48,10.28,1384386.0,0.0070999999999999995,1440864400.0,1912.25,201821549259.2
000001,2024-07-03,10.4,10.31,10.43,10.29,713067.0,0.0037,737326400.0,1898.7,200075016621.38
000001,2024-07-04,10.3,10.26,10.38,10.25,735044.0,0.0038,757464400.0,1891.17,199104720711.48
000001,2024-07-05,10.26,9.97,10.29,9.92,1713354.0,0.0088,1721256600.0,1847.52,193477004434.06
000001,2024-07-08,9.94,9.93,10.02,9.85,868660.0,0.0045000000000000005,864791799.9999999,1841.5,192700767706.14
000001,2024-07-09,9.94,10.07,10.1,9.91,1032485.0,0.0053,1034316500.0,1862.57,195417596253.86
000001,2024-07-10,10.07,10.14,10.2,10.05,873865.0,0.0045000000000000005,886626700.0,1873.11,196776010527.72
000001,2024-07-11,10.21,10.13,10.23,10.07,721392.0,0.0037,731789299.9999999,1871.61,196581951345.74
000001,2024-07-12,10.12,10.31,10.31,10.12,1214164.0,0.0063,1246877700.0,1898.7,200075016621.38
000001,2024-07-15,10.31,10.33,10.35,10.26,869412.0,0.0045000000000000005,896975800.0,1901.71,200463134985.34
000001,2024-07-16,10.33,10.3,10.37,10.24,943008.0,0.0049,971564900.0,1897.2,199880957439.4
000001,2024-07-17,10.3,10.4,10.42,10.28,1220168.0,0.0063,1266412600.0,1912.25,201821549259.2
000001,2024-07-18,10.38,10.41,10.43,10.3,1087061.0,0.005600000000000001,1127365100.0,1913.76,202015608441.18
000001,2024-07-19,10.38,10.37,10.42,10.29,898723.0,0.0046,929722700.0,1907.73,201239371713.26
000001,2024-07-22,10.36,10.23,10.38,10.19,994481.0,0.0051,1018663800.0,1886.66,198522543165.54
000001,2024-07-23,10.25,10.18,10.33,10.16,1020154.0,0.0053,1046994500.0,1879.13,197552247255.64
000001,2024-07-24,10.18,10.13,10.24,10.12,724518.0,0.0037,736332800.0,1871.61,196581951345.74
000001,2024-07-25,10.12,10.09,10.15,10.0,856404.0,0.0044,861750399.9999999,1865.58,195805714617.82
000001,2024-07-26,10.1,10.03,10.12,9.97,929552.0,0.0048,931879500.0,1856.55,194641359525.94
000001,2024-07-29,10.02,10.11,10.14,9.97,781552.0,0.004,788019100.0,1868.59,196193832981.78
000001,2024-07-30,10.1,10.08,10.13,10.03,613268.0,0.0032,618056600.0,1864.08,195611655435.84
000001,2024-07-31,10.08,10.27,10.28,10.07,1096906.0,0.005699999999999999,1117768700.0,1892.68,199298779893.46
000001,2024-08-01,10.25,10.27,10.32,10.17,733884.0,0.0038,752688200.0000001,1892.68,199298779893.46
000001,2024-08-02,10.22,10.14,10.25,10.13,590229.0,0.003,601173400.0,1873.11,196776010527.72
000001,2024-08-05,10.11,10.05,10.22,10.05,758979.0,0.0039000000000000003,768980600.0,1859.56,195029477889.9
000001,2024-08-06,10.07,9.93,10.12,9.89,1265537.0,0.006500000000000001,1261997800.0,1841.5,192700767706.14
000001,2024-08-07,9.95,9.93,9.98,9.91,517608.0,0.0027,514848800.0,1841.5,192700767706.14
000001,2024-08-08,9.92,9.94,9.98,9.9,500411.0,0.0026,497548100.0,1843.0,192894826888.12
000001,2024-08-09,9.96,10.04,10.1,9.94,730274.0,0.0038,732886500.0,1858.06,194835418707.92
000001,2024-08-12,10.02,10.01,10.05,9.98,353013.0,0.0018,353251400.0,1853.54,194253241161.98
000001,2024-08-13,10.02,9.95,10.03,9.92,622077.0,0.0032,620061500.0,1844.51,193088886070.1
000001,2024-08-14,9.94,9.92,9.98,9.91,436380.0,0.0022,433380400.0,1839.99,192506708524.16
000001,2024-08-15,9.92,10.03,10.06,9.87,776247.0,0.004,775851500.0,1856.55,194641359525.94
000001,2024-08-16,10.08,10.13,10.21,10.05,1260368.0,0.006500000000000001,1277042000.0,1871.61,196581951345.74
000001,2024-08-19,10.13,10.29,10.3,10.12,1482985.0,0.0076,1520594700.0,1895.69,199686898257.42
000001,2024-08-20,10.32,10.34,10.43,10.28,1569187.0,0.008100000000000001,1623147700.0,1903.22,200657194167.32
000001,2024-08-21,10.3,10.35,10.38,10.21,1034888.0,0.0053,1068207899.9999999,1904.72,200851253349.3
000001,2024-08-22,10.34,10.38,10.45,10.32,1109030.0,0.005699999999999999,1153871800.0,1909.24,201433430895.24
000001,2024-08-23,10.39,10.47,10.5,10.32,1071906.0,0.0055000000000000005,1117475800.0,1922.79,203179963533.06
000001,2024-08-26,10.5,10.49,10.55,10.42,740675.0,0.0038,775921799.9999999,1925.8,203568081897.02
000001,2024-08-27,10.47,10.43,10.52,10.37,723137.0,0.0037,755583800.0,1916.77,202403726805.14
000001,2024-08-28,10.41,10.33,10.43,10.28,942548.0,0.0049,973872200.0,1901.71,200463134985.34
000001,2024-08-29,10.31,10.13,10.38,10.11,1197676.0,0.0062,1221351100.0,1871.61,196581951345.74
000001,2024-08-30,10.11,10.16,10.26,10.11,1294059.0,0.0067,1318858700.0,1876.12,197164128891.68
000001,2024-09-02,10.12,10.11,10.21,10.09,968836.0,0.005,983898800.0,1868.59,196193832981.78
000001,2024-09-03,10.11,10.08,10.13,10.0,916581.0,0.004699999999999999,920884700.0,1864.08,195611655435.84
000001,2024-09-04,10.05,10.02,10.15,10.0,847992.0,0.0044,852224700.0,1855.05,194447300343.96
000001,2024-09-05,10.03,10.07,10.08,9.98,594209.0,0.0031,595845800.0,1862.57,195417596253.86
000001,2024-09-06,10.06,10.08,10.21,10.05,878865.0,0.0045000000000000005,891507800.0,1864.08,195611655435.84
000001,2024-09-09,10.05,9.85,10.07,9.84,1639175.0,0.0084,1624857700.0,1829.46,191148294250.3
000001,2024-09-10,9.86,9.9,9.92,9.78,767901.0,0.004,756124800.0,1836.98,192118590160.2
000001,2024-09-11,9.88,9.65,9.88,9.63,1108727.0,0.005699999999999999,1078602500.0,1799.35,187267110610.7
000001,2024-09-12,9.65,9.74,9.77,9.61,581834.0,0.003,564923200.0,1812.9,189013643248.52
000001,2024-09-13,9.73,9.7,9.82,9.7,566462.0,0.0029,553269700.0,1806.87,188237406520.6
000001,2024-09-18,9.72,9.77,9.78,9.66,443611.0,0.0023,431665600.0,1817.41,189595820794.46
000001,2024-09-19,9.79,9.81,9.84,9.68,684293.0,0.0034999999999999996,669341200.0,1823.43,190372057522.38
000001,2024-09-20,9.81,9.9,9.9,9.78,797297.0,0.0040999999999999995,785121200.0,1836.98,192118590160.2
000001,2024-09-23,9.89,10.04,10.09,9.87,896908.0,0.0046,897428000.0,1858.06,194835418707.92
000001,2024-09-24,10.11,10.37,10.37,10.08,1638213.0,0.0084,1678174500.0,1907.73,201239371713.26
000001,2024-09-25,10.52,10.5,10.7,10.45,2160694.0,0.0111,2285995400.0,1927.3,203762141079.0
000001,2024-09-26,10.5,11.15,11.15,10.5,3086457.0,0.0159,3341759500.0,2025.15,216375987907.7
000001,2024-09-27,11.35,11.42,11.56,11.03,3840016.0,0.019799999999999998,4337985100.0,2065.8,221615585821.16
000001,2024-09-30,11.62,12.21,12.3,11.56,5430284.0,0.027999999999999997,6467438800.0,2184.72,236946261197.58
000001,2024-10-08,13.43,12.88,13.43,12.34,5888978.0,0.030299999999999997,7602664000.0,2285.58,249948226390.24
000001,2024-10-09,12.63,11.68,12.63,11.66,4269345.0,0.022000000000000002,5172049700.0,2104.94,226661124552.64
000001,2024-10-10,11.62,11.98,12.26,11.6,3426422.0,0.0177,4095573500.0,2187.13,232482900012.04
000001,2024-10-11,12.0,11.72,12.17,11.58,2070891.0,0.010700000000000001,2455848200.0,2147.99,227437361280.56
000001,2024-10-14,11.98,12.02,12.18,11.79,2400595.0,0.0124,2881934300.0,2193.15,233259136739.96
000001,2024-10-15,11.94,11.9,12.23,11.88,2072841.0,0.010700000000000001,2500974400.0,2175.09,230930426556.2
000001,2024-10-16,11.8,12.06,12.18,11.77,1914494.0,0.009899999999999999,2301340900.0,2199.17,234035373467.88
000001,2024-10-17,12.07,11.95,12.23,11.93,1653708.0,0.0085,1993261600.0,2182.61,231900722466.1
000001,2024-10-18,11.91,12.04,12.18,11.68,2604654.0,0.0134,3105821000.0,2196.16,233647255103.92
000001,2024-10-21,11.94,11.81,11.94,11.63,2806655.0,0.014499999999999999,3302020200.0,2161.54,229183893918.38
000001,2024-10-22,11.76,11.79,11.93,11.72,1617787.0,0.0083,1908438700.0,2158.53,228795775554.42
000001,2024-10-23,11.82,11.86,11.89,11.75,1511866.0,0.0078000000000000005,1787236800.0,2169.06,230154189828.28
000001,2024-10-24,11.81,11.75,11.86,11.72,885299.0,0.0046,1042818600.0,2152.5,228019538826.5
000001,2024-10-25,11.77,11.71,11.78,11.69,1105755.0,0.005699999999999999,1296844400.0,2146.48,227243302098.58
000001,2024-10-28,11.68,11.64,11.68,11.53,1169487.0,0.006,1356009000.0,2135.95,225884887824.72
000001,2024-10-29,11.62,11.54,11.74,11.53,1198025.0,0.0062,1391150300.0,2120.89,223944296004.92
000001,2024-10-30,11.5,11.32,11.58,11.27,1482403.0,0.0076,1686501700.0000002,2087.77,219674994001.36
000001,2024-10-31,11.33,11.38,11.44,11.24,1250205.0,0.0064,1419624300.0,2096.81,220839349093.24
000001,2024-11-01,11.38,11.43,11.55,11.34,1589811.0,0.008199999999999999,1821423400.0,2104.33,221809645003.14
000001,2024-11-04,11.43,11.46,11.46,11.26,1131516.0,0.0058,1285874100.0,2108.85,222391822549.08
000001,2024-11-05,11.42,11.65,11.66,11.39,1665418.0,0.0086,1925260700.0,2137.45,226078947006.7
000001,2024-11-06,11.62,11.55,11.64,11.47,1462286.0,0.0075,1689977500.0,2122.4,224138355186.9
000001,2024-11-07,11.5,11.91,11.93,11.48,2242844.0,0.0116,2627007600.0,2176.59,231124485738.18
000001,2024-11-08,11.94,11.72,12.01,11.7,1895104.0,0.0098,2239060500.0,2147.99,227437361280.56
000001,2024-11-11,11.63,11.6,11.68,11.47,1486952.0,0.0077,1717961600.0,2129.92,225108651096.8
000001,2024-11-12,11.58,11.54,11.84,11.51,1717663.0,0.0089,2005791400.0000002,2120.89,223944296004.92
000001,2024-11-13,11.5,11.61,11.7,11.48,1086263.0,0.005600000000000001,1260161900.0,2131.43,225302710278.78
000001,2024-11-14,11.59,11.54,11.7,11.53,1159783.0,0.006,1348378200.0,2120.89,223944296004.92
000001,2024-11-15,11.5,11.44,11.61,11.42,1215784.0,0.0063,1399308700.0,2105.84,222003704185.12
000001,2024-11-18,11.63,11.75,12.04,11.62,3797324.0,0.0196,4493249100.0,2152.5,228019538826.5
000001,2024-11-19,11.75,11.68,11.96,11.55,2430037.0,0.0125,2849661700.0,2141.97,226661124552.64
000001,2024-11-20,11.67,11.64,11.75,11.61,1286572.0,0.0066,1498818000.0,2135.95,225884887824.72
000001,2024-11-21,11.62,11.59,11.65,11.56,883408.0,0.0046,1023998400.0,2128.42,224914591914.82
000001,2024-11-22,11.59,11.28,11.61,11.28,1625317.0,0.0084,1858071600.0,2081.75,218898757273.44
000001,2024-11-25,11.28,11.18,11.34,11.14,1166020.0,0.006,1310130600.0,2066.7,216958165453.64
000001,2024-11-26,11.18,11.27,11.31,11.14,831078.0,0.0043,933733900.0,2080.25,218704698091.46
000001,2024-11-27,11.24,11.39,11.39,11.15,895178.0,0.0046,1010002000.0,2098.31,221033408275.22
000001,2024-11-28,11.39,11.34,11.42,11.32,733169.0,0.0038,833121300.0,2090.79,220063112365.32
000001,2024-11-29,11.37,11.38,11.46,11.34,1028488.0,0.0053,1173316200.0,2096.81,220839349093.24
000001,2024-12-02,11.39,11.39,11.4,11.31,975434.0,0.005,1108785600.0,2098.31,221033408275.22
000001,2024-12-03,11.37,11.49,11.5,11.35,1082559.0,0.005600000000000001,1236992700.0,2113.37,222974000095.02
000001,2024-12-04,11.44,11.46,11.53,11.37,1007471.0,0.0052,1154623400.0,2108.85,222391822549.08
000001,2024-12-05,11.44,11.44,11.5,11.41,687109.0,0.0034999999999999996,786138000.0,2105.84,222003704185.12
000001,2024-12-06,11.44,11.66,11.7,11.43,1726269.0,0.0089,2004270500.0,2138.96,226273006188.68
000001,2024-12-09,11.63,11.67,11.72,11.59,964063.0,0.005,1123441900.0,2140.46,226467065370.66
000001,2024-12-10,11.9,11.79,11.95,11.75,2167807.0,0.011200000000000002,2564600700.0,2158.53,228795775554.42
000001,2024-12-11,11.79,11.73,11.83,11.72,967691.0,0.005,1138374200.0,2149.49,227631420462.54
000001,2024-12-12,11.73,11.85,11.87,11.71,986235.0,0.0051,1164062400.0,2167.56,229960130646.3
000001,2024-12-13,11.79,11.56,11.8,11.56,1343793.0,0.0069,1565589100.0,2123.9,224332414368.88
000001,2024-12-16,11.56,11.57,11.66,11.53,805718.0,0.0042,934226200.0,2125.41,224526473550.86
000001,2024-12-17,11.57,11.53,11.65,11.52,802120.0,0.0040999999999999995,929225500.0,2119.39,223750236822.94
000001,2024-12-18,11.58,11.65,11.74,11.57,1016590.0,0.0052,1186285800.0,2137.45,226078947006.7
000001,2024-12-19,11.59,11.59,11.64,11.54,697379.0,0.0036,808465700.0000001,2128.42,224914591914.82
000001,2024-12-20,11.59,11.62,11.7,11.58,714646.0,0.0037,831437500.0,2132.94,225496769460.76
000001,2024-12-23,11.64,11.73,11.84,11.64,1659405.0,0.0086,1953519500.0,2149.49,227631420462.54
000001,2024-12-24,11.72,11.86,11.87,11.72,1350837.0,0.006999999999999999,1595698800.0,2169.06,230154189828.28
000001,2024-12-25,11.86,11.92,12.02,11.84,1475283.0,0.0076,1759956600.0,2178.1,231318544920.16
000001,2024-12-26,11.92,11.86,11.93,11.78,1000075.0,0.0052,1183745500.0,2169.06,230154189828.28
000001,2024-12-27,11.87,11.83,11.9,11.66,1290012.0,0.0066,1518383299.9999998,2164.55,229572012282.34
000001,2024-12-30,11.78,11.95,11.97,11.78,1351846.0,0.006999999999999999,1610892100.0,2182.61,231900722466.1
000001,2024-12-31,11.93,11.7,11.99,11.7,1475367.0,0.0076,1747242100.0,2144.98,227049242916.6
000001,2025-01-02,11.73,11.43,11.77,11.39,1819597.0,0.009399999999999999,2102923100.0,2104.33,221809645003.14
000001,2025-01-03,11.44,11.38,11.54,11.36,1154680.0,0.006,1320521000.0,2096.81,220839349093.24
000001,2025-01-06,11.38,11.44,11.48,11.22,1085536.0,0.005600000000000001,1234305800.0,2105.84,222003704185.12
000001,2025-01-07,11.42,11.51,11.53,11.37,747863.0,0.0039000000000000003,858329000.0,2116.38,223362118458.98
000001,2025-01-08,11.5,11.5,11.63,11.4,1062386.0,0.0055000000000000005,1223599000.0,2114.87,223168059277.0
000001,2025-01-09,11.5,11.4,11.5,11.35,751483.0,0.0039000000000000003,857836100.0,2099.82,221227467457.2
000001,2025-01-10,11.4,11.3,11.46,11.28,798134.0,0.0040999999999999995,905005000.0,2084.76,219286875637.4
000001,2025-01-13,11.25,11.2,11.26,11.08,934966.0,0.0048,1044904400.0,2069.71,217346283817.6
000001,2025-01-14,11.2,11.38,11.4,11.19,824629.0,0.0042,934467800.0,2096.81,220839349093.24
000001,2025-01-15,11.38,11.48,11.58,11.36,1031631.0,0.0053,1185403700.0,2111.86,222779940913.04
000001,2025-01-16,11.55,11.57,11.59,11.47,872964.0,0.0045000000000000005,1007689299.9999999,2125.41,224526473550.86
000001,2025-01-17,11.53,11.45,11.55,11.42,689765.0,0.0036,791230399.9999999,2107.34,222197763367.1
000001,2025-01-20,11.5,11.42,11.52,11.4,832029.0,0.0043,953092200.0,2102.83,221615585821.16
000001,2025-01-21,11.45,11.33,11.45,11.32,902069.0,0.0046,1024879200.0,2089.28,219869053183.34
000001,2025-01-22,11.32,11.09,11.33,11.08,1347129.0,0.0069,1504818599.9999998,2053.15,215211632815.82
000001,2025-01-23,11.17,11.32,11.4,11.17,1514920.0,0.0078000000000000005,1715172500.0,2087.77,219674994001.36
000001,2025-01-24,11.32,11.34,11.39,11.22,944944.0,0.0049,1069899100.0,2090.79,220063112365.32
000001,2025-01-27,11.38,11.47,11.55,11.38,1151935.0,0.0059,1324270600.0,2110.36,222585881731.06
000001,2025-02-05,11.5,11.37,11.52,11.33,843434.0,0.0043,961193600.0,2095.3,220645289911.26
000001,2025-02-06,11.35,11.36,11.45,11.3,955603.0,0.0049,1084793200.0,2093.8,220451230729.28
000001,2025-02-07,11.36,11.38,11.45,11.31,1407493.0,0.0073,1601622000.0,2096.81,220839349093.24
000001,2025-02-10,11.38,11.43,11.5,11.36,1026591.0,0.0053,1174044600.0,2104.33,221809645003.14
000001,2025-02-11,11.4,11.42,11.47,11.37,844520.0,0.0044,963865600.0,2102.83,221615585821.16
000001,2025-02-12,11.41,11.42,11.43,11.34,988807.0,0.0051,1125323600.0,2102.83,221615585821.16
000001,2025-02-13,11.42,11.5,11.55,11.4,1358639.0,0.006999999999999999,1560709500.0,2114.87,223168059277.0
000001,2025-02-14,11.49,11.55,11.55,11.43,973058.0,0.005,1118356000.0,2122.4,224138355186.9
000001,2025-02-17,11.6,11.78,11.8,11.55,2061965.0,0.0106,2413146100.0,2157.02,228601716372.44
000001,2025-02-18,11.76,11.81,11.96,11.76,1996610.0,0.0103,2371071500.0,2161.54,229183893918.38
000001,2025-02-19,11.8,11.71,11.81,11.68,1177749.0,0.0060999999999999995,1382467200.0,2146.48,227243302098.58
000001,2025-02-20,11.71,11.66,11.76,11.65,784396.0,0.004,917231400.0,2138.96,226273006188.68
000001,2025-02-21,11.69,11.64,11.71,11.55,973969.0,0.005,1131033800.0,2135.95,225884887824.72
000001,2025-02-24,11.63,11.59,11.69,11.56,949956.0,0.0049,1103549000.0,2128.42,224914591914.82
000001,2025-02-25,11.56,11.47,11.58,11.46,917156.0,0.004699999999999999,1055685200.0,2110.36,222585881731.06
000001,2025-02-26,11.47,11.52,11.6,11.47,841646.0,0.0043,970641200.0,2117.88,223556177640.96
000001,2025-02-27,11.53,11.62,11.63,11.46,977310.0,0.005,1130386700.0,2132.94,225496769460.76
000001,2025-02-28,11.58,11.53,11.68,11.5,949088.0,0.0049,1100335100.0,2119.39,223750236822.94
000001,2025-03-03,11.52,11.51,11.56,11.45,830457.0,0.0043,955266400.0,2116.38,223362118458.98
000001,2025-03-04,11.47,11.51,11.55,11.44,683179.0,0.0034999999999999996,785448000.0,2116.38,223362118458.98
000001,2025-03-05,11.52,11.66,11.67,11.48,1080645.0,0.005600000000000001,1254892100.0,2138.96,226273006188.68
000001,2025-03-06,11.69,11.63,11.7,11.6,877408.0,0.0045000000000000005,1021780600.0,2134.44,225690828642.74
000001,2025-03-07,11.63,11.67,11.69,11.6,835537.0,0.0043,973236700.0,2140.46,226467065370.66
000001,2025-03-10,11.66,11.59,11.67,11.55,663834.0,0.0034000000000000002,769261400.0,2128.42,224914591914.82
000001,2025-03-11,11.54,11.61,11.61,11.52,608975.0,0.0031,704240500.0,2131.43,225302710278.78
000001,2025-03-12,11.6,11.85,11.87,11.56,1877318.0,0.0097,2210904500.0,2167.56,229960130646.3
000001,2025-03-13,11.81,11.84,11.91,11.78,1312371.0,0.0068000000000000005,1555123200.0,2166.05,229766071464.32
000001,2025-03-14,11.82,11.97,12.0,11.82,1722418.0,0.0089,2057970500.0,2185.62,232288840830.06
000001,2025-03-17,11.63,11.5,11.67,11.46,4603612.0,0.023700000000000002,5315522800.0,2114.87,223168059277.0
000001,2025-03-18,11.52,11.49,11.54,11.48,1605290.0,0.0083,1846500400.0,2113.37,222974000095.02
000001,2025-03-19,11.48,11.52,11.53,11.46,1362455.0,0.006999999999999999,1566452200.0,2117.88,223556177640.96
000001,2025-03-20,11.51,11.49,11.61,11.49,1101157.0,0.005699999999999999,1268849100.0,2113.37,222974000095.02
000001,2025-03-21,11.49,11.42,11.52,11.39,1376389.0,0.0070999999999999995,1576151800.0,2102.83,221615585821.16
000001,2025-03-24,11.41,11.38,11.44,11.34,1164577.0,0.006,1325564000.0,2096.81,220839349093.24
000001,2025-03-25,11.38,11.43,11.43,11.36,735609.0,0.0038,839142000.0,2104.33,221809645003.14
000001,2025-03-26,11.42,11.38,11.43,11.37,740863.0,0.0038,843536900.0,2096.81,220839349093.24
000001,2025-03-27,11.37,11.39,11.41,11.35,553349.0,0.0029,629863400.0,2098.31,221033408275.22
000001,2025-03-28,11.39,11.35,11.4,11.34,644946.0,0.0033,732420900.0,2092.29,220257171547.3
000001,2025-03-31,11.36,11.26,11.38,11.26,1116126.0,0.0058,1262598300.0,2078.74,218510638909.48
000001,2025-04-01,11.27,11.27,11.3,11.22,681470.0,0.0034999999999999996,767424100.0,2080.25,218704698091.46
000001,2025-04-02,11.25,11.37,11.41,11.25,932642.0,0.0048,1058747200.0,2095.3,220645289911.26
000001,2025-04-03,11.31,11.34,11.39,11.3,643914.0,0.0033,730375800.0,2090.79,220063112365.32
000001,2025-04-07,11.0,10.7,11.05,10.48,2545560.0,0.0131,2751055400.0,1994.44,207643324718.6
000001,2025-04-08,10.68,10.82,10.85,10.66,1463988.0,0.0075,1576590000.0,2012.51,209972034902.36
000001,2025-04-09,10.73,10.8,10.83,10.66,1064394.0,0.0055000000000000005,1145239000.0,2009.5,209583916538.4
000001,2025-04-10,10.86,10.9,10.93,10.82,866548.0,0.0045000000000000005,943352300.0,2024.55,211524508358.2
000001,2025-04-11,10.87,10.89,10.9,10.83,583879.0,0.003,634311800.0,2023.04,211330449176.22
000001,2025-04-14,10.95,10.93,11.04,10.92,785993.0,0.0040999999999999995,862557100.0000001,2029.07,212106685904.14
000001,2025-04-15,10.92,10.95,10.97,10.9,722754.0,0.0037,790139100.0,2032.08,212494804268.1
000001,2025-04-16,10.93,11.0,11.01,10.91,842822.0,0.0043,923316100.0,2039.6,213465100178.0
000001,2025-04-17,10.95,11.06,11.08,10.93,823919.0,0.0042,907597500.0,2048.64,214629455269.88
000001,2025-04-18,11.04,11.18,11.19,11.03,727098.0,0.0037,810031600.0,2066.7,216958165453.64
000001,2025-04-21,11.0,11.02,11.13,10.97,1114184.0,0.005699999999999999,1230804500.0,2042.61,213853218541.96
000001,2025-04-22,11.02,11.04,11.06,10.98,831129.0,0.0043,915967700.0,2045.62,214241336905.92
000001,2025-04-23,11.04,11.01,11.05,10.97,586383.0,0.003,645842400.0,2041.11,213659159359.98
000001,2025-04-24,11.0,11.03,11.06,10.99,689256.0,0.0036,760348600.0,2044.12,214047277723.94
000001,2025-04-25,11.04,11.01,11.05,10.99,637547.0,0.0033,702315300.0,2041.11,213659159359.98
000001,2025-04-28,11.0,11.0,11.04,10.96,642018.0,0.0033,706520200.0,2039.6,213465100178.0
000001,2025-04-29,11.0,10.98,11.02,10.95,649045.0,0.0033,712792500.0,2036.59,213076981814.04
000001,2025-04-30,10.96,10.91,10.97,10.89,869835.0,0.0045000000000000005,949911000.0,2026.05,211718567540.18
000001,2025-05-06,10.92,10.96,11.0,10.89,854671.0,0.0044,935212100.0000001,2033.58,212688863450.08
000001,2025-05-07,11.01,11.03,11.04,10.97,1126270.0,0.0058,1240098100.0,2044.12,214047277723.94
000001,2025-05-08,11.0,11.08,11.08,10.99,1056614.0,0.0054,1167913500.0,2051.65,215017573633.84
000001,2025-05-09,11.07,11.15,11.17,11.06,999897.0,0.0052,1113688200.0,2062.18,216375987907.7
000001,2025-05-12,11.16,11.16,11.22,11.13,895605.0,0.0046,1000478400.0,2063.69,216570047089.68
000001,2025-05-13,11.19,11.29,11.33,11.15,1261031.0,0.006500000000000001,1420501300.0,2083.26,219092816455.42
000001,2025-05-14,11.29,11.43,11.47,11.25,1683514.0,0.0087,1912995400.0,2104.33,221809645003.14
000001,2025-05-15,11.43,11.39,11.5,11.38,1035460.0,0.0053,1183732800.0,2098.31,221033408275.22
000001,2025-05-16,11.37,11.38,11.43,11.31,914744.0,0.004699999999999999,1039223600.0,2096.81,220839349093.24
000001,2025-05-19,11.4,11.37,11.47,11.36,831391.0,0.0043,949883500.0,2095.3,220645289911.26
000001,2025-05-20,11.4,11.39,11.47,11.37,643635.0,0.0033,734455300.0,2098.31,221033408275.22
000001,2025-05-21,11.4,11.48,11.59,11.39,1328278.0,0.0068000000000000005,1528350400.0,2111.86,222779940913.04
000001,2025-05-22,11.45,11.55,11.56,11.44,1002968.0,0.0052,1155265100.0,2122.4,224138355186.9
000001,2025-05-23,11.55,11.46,11.6,11.43,962643.0,0.005,1108636100.0,2108.85,222391822549.08
000001,2025-05-26,11.44,11.42,11.5,11.4,699159.0,0.0036,800495700.0000001,2102.83,221615585821.16
000001,2025-05-27,11.45,11.49,11.54,11.42,801915.0,0.0040999999999999995,921912300.0,2113.37,222974000095.02
000001,2025-05-28,11.5,11.53,11.55,11.44,658179.0,0.0034000000000000002,757571300.0,2119.39,223750236822.94
000001,2025-05-29,11.52,11.46,11.55,11.45,919807.0,0.004699999999999999,1056726400.0,2108.85,222391822549.08
000001,2025-05-30,11.47,11.56,11.58,11.44,1130849.0,0.0058,1303433700.0,2123.9,224332414368.88
000001,2025-06-03,11.54,11.81,11.91,11.53,2192480.0,0.0113,2580962600.0,2161.54,229183893918.38
000001,2025-06-04,11.82,11.84,11.88,11.78,1167960.0,0.006,1383019700.0,2166.05,229766071464.32
000001,2025-06-05,11.88,11.67,11.91,11.66,1166803.0,0.006,1369212300.0,2140.46,226467065370.66
000001,2025-06-06,11.7,11.7,11.79,11.68,682353.0,0.0034999999999999996,799900000.0,2144.98,227049242916.6
000001,2025-06-09,11.73,11.71,11.75,11.65,773255.0,0.004,905092600.0,2146.48,227243302098.58
000001,2025-06-10,11.72,11.81,11.89,11.71,1428132.0,0.0074,1689018800.0,2161.54,229183893918.38
000001,2025-06-11,11.82,11.85,11.93,11.79,1094667.0,0.005600000000000001,1298656300.0,2167.56,229960130646.3
000001,2025-06-12,11.56,11.68,11.7,11.52,1290220.0,0.0066,1500287200.0,2196.46,226661124552.64
000001,2025-06-13,11.68,11.58,11.74,11.56,1095494.0,0.005600000000000001,1272773100.0,2181.41,224720532732.84
000001,2025-06-16,11.57,11.79,11.79,11.53,1174438.0,0.0060999999999999995,1371041700.0000002,2213.02,228795775554.42
000001,2025-06-17,11.79,11.76,11.88,11.71,890027.0,0.0046,1048960700.0000001,2208.5,228213598008.48
000001,2025-06-18,11.78,11.77,11.81,11.66,683521.0,0.0034999999999999996,802908100.0,2210.01,228407657190.46
000001,2025-06-19,11.76,11.7,11.78,11.65,832247.0,0.0043,974127300.0,2199.47,227049242916.6
000001,2025-06-20,11.7,11.84,11.86,11.67,1309198.0,0.0067,1544541900.0,2220.55,229766071464.32
000001,2025-06-23,11.81,11.93,11.97,11.67,1389170.0,0.0072,1646476900.0,2234.1,231512604102.14
000001,2025-06-24,11.9,11.93,12.01,11.84,1308525.0,0.0067,1560621900.0,2234.1,231512604102.14
000001,2025-06-25,11.93,12.06,12.08,11.83,1675116.0,0.0086,2007989700.0,2253.67,234035373467.88
000001,2025-06-26,12.05,12.41,12.48,12.01,2174578.0,0.011200000000000002,2672207500.0,2306.35,240827444837.18
000001,2025-06-27,12.37,12.2,12.58,12.13,2377600.0,0.0123,2937865100.0,2274.74,236752202015.6
000001,2025-06-30,12.14,12.07,12.17,11.96,1504820.0,0.0078000000000000005,1812492400.0,2255.17,234229432649.86
000001,2025-07-01,12.06,12.3,12.33,12.06,1354341.0,0.006999999999999999,1653806800.0,2289.79,238692793835.4
000001,2025-07-02,12.31,12.32,12.41,12.23,1200412.0,0.0062,1481842200.0,2292.8,239080912199.36
000001,2025-07-03,12.33,12.35,12.42,12.28,794086.0,0.0040999999999999995,980546000.0,2297.32,239663089745.3
000001,2025-07-04,12.35,12.6,12.72,12.3,1775333.0,0.0091,2224874100.0,2334.95,244514569294.8
000001,2025-07-07,12.6,12.78,12.82,12.6,1495407.0,0.0077,1901755900.0,2362.05,248007634570.44
000001,2025-07-08,12.75,12.69,12.84,12.65,1090986.0,0.005600000000000001,1387093599.9999998,2348.5,246261101932.62
000001,2025-07-09,12.66,12.84,12.9,12.66,1205963.0,0.0062,1542699000.0,2371.08,249171989662.32
000001,2025-07-10,12.82,13.18,13.33,12.79,2481416.0,0.0128,3249454000.0,2422.27,255770001849.64
000001,2025-07-11,13.19,12.91,13.3,12.89,2443744.0,0.0126,3200219600.0,2381.62,250530403936.18
000001,2025-07-14,12.87,12.98,13.17,12.86,1872896.0,0.0097,2440924100.0,2392.16,251888818210.04
000001,2025-07-15,12.99,12.73,13.04,12.71,1810531.0,0.009300000000000001,2322277300.0,2354.52,247037338660.54
000001,2025-07-16,12.73,12.64,12.76,12.5,1927864.0,0.009899999999999999,2424984000.0,2340.98,245290806022.72
000001,2025-07-17,12.61,12.59,12.7,12.54,944641.0,0.0049,1189666200.0,2333.45,244320510112.82
000001,2025-07-18,12.62,12.7,12.75,12.6,1241206.0,0.0064,1574176800.0,2350.01,246455161114.6
000001,2025-07-21,12.64,12.61,12.71,12.55,1079027.0,0.005600000000000001,1360155700.0,2336.46,244708628476.78
000001,2025-07-22,12.6,12.49,12.6,12.32,1935229.0,0.01,2408337300.0,2318.4,242379918293.02
000001,2025-07-23,12.46,12.53,12.63,12.45,1370520.0,0.0070999999999999995,1719158800.0,2324.42,243156155020.94
000001,2025-07-24,12.53,12.35,12.53,12.33,1959351.0,0.0101,2426175200.0,2297.32,239663089745.3
000001,2025-07-25,12.33,12.35,12.46,12.32,1108267.0,0.005699999999999999,1372103700.0,2297.32,239663089745.3
000001,2025-07-28,12.35,12.46,12.53,12.32,1238243.0,0.0064,1541317000.0,2313.88,241797740747.08
000001,2025-07-29,12.46,12.34,12.51,12.34,1012818.0,0.0052,1255114000.0,2295.82,239469030563.32
000001,2025-07-30,12.35,12.49,12.64,12.34,1715164.0,0.0088,2149934400.0,2318.4,242379918293.02
000001,2025-07-31,12.51,12.23,12.55,12.22,1690081.0,0.0087,2079630600.0,2279.26,237334379561.54
000001,2025-08-01,12.24,12.28,12.33,12.15,1012187.0,0.0052,1240239200.0,2286.78,238304675471.44
000001,2025-08-04,12.24,12.3,12.38,12.21,1032690.0,0.0053,1271376400.0,2289.79,238692793835.4
000001,2025-08-05,12.3,12.47,12.5,12.28,1132078.0,0.0058,1405152300.0,2315.38,241991799929.06
000001,2025-08-06,12.47,12.46,12.52,12.4,690448.0,0.0036,859684700.0,2313.88,241797740747.08
000001,2025-08-07,12.44,12.47,12.53,12.39,722053.0,0.0037,900760000.0,2315.38,241991799929.06
000001,2025-08-08,12.48,12.4,12.53,12.39,829796.0,0.0043,1032586799.9999999,2304.85,240633385655.2
000001,2025-08-11,12.4,12.3,12.42,12.27,934353.0,0.0048,1150305100.0,2289.79,238692793835.4
000001,2025-08-12,12.3,12.33,12.4,12.3,680056.0,0.0034999999999999996,839635600.0,2294.31,239274971381.34
000001,2025-08-13,12.37,12.26,12.4,12.23,1119813.0,0.0058,1376777900.0,2283.77,237916557107.48
000001,2025-08-14,12.27,12.2,12.34,12.19,1241041.0,0.0064,1523447900.0,2274.74,236752202015.6
000001,2025-08-15,12.23,12.08,12.23,11.94,1948503.0,0.01,2344073500.0,2256.68,234423491831.84
000001,2025-08-18,12.06,12.08,12.15,12.03,1239058.0,0.0064,1496527000.0,2256.68,234423491831.84
000001,2025-08-19,12.1,12.06,12.12,12.02,892860.0,0.0046,1077380200.0,2253.67,234035373467.88
000001,2025-08-20,12.06,12.07,12.12,11.98,1048739.0,0.0054,1265435800.0,2255.17,234229432649.86
000001,2025-08-21,12.05,12.15,12.19,12.03,1217418.0,0.0063,1477053299.9999998,2267.21,235781906105.7
000001,2025-08-22,12.15,12.06,12.17,11.98,1644260.0,0.0085,1979461300.0,2253.67,234035373467.88
000001,2025-08-25,12.12,12.45,12.53,12.1,3045088.0,0.015700000000000002,3761289099.9999995,2312.37,241603681565.1
000001,2025-08-26,12.45,12.36,12.5,12.3,1383599.0,0.0070999999999999995,1709560900.0,2298.83,239857148927.28
000001,2025-08-27,12.32,12.06,12.36,12.05,1860050.0,0.0096,2268070700.0,2253.67,234035373467.88
000001,2025-08-28,12.09,12.08,12.14,11.97,1653588.0,0.0085,1991723400.0,2256.68,234423491831.84
000001,2025-08-29,12.05,12.05,12.22,12.03,1805126.0,0.009300000000000001,2186232900.0,2252.16,233841314285.9
000001,2025-09-01,12.05,11.89,12.05,11.85,1858459.0,0.0096,2214306300.0,2228.07,230736367374.22
000001,2025-09-02,11.85,11.98,11.99,11.84,1492716.0,0.0077,1780010200.0,2241.62,232482900012.04
000001,2025-09-03,11.98,11.75,12.01,11.74,1367232.0,0.006999999999999999,1619323000.0,2207.0,228019538826.5
000001,2025-09-04,11.76,11.74,11.77,11.6,1295300.0,0.0067,1513956800.0,2205.49,227825479644.52
000001,2025-09-05,11.73,11.72,11.74,11.63,819662.0,0.0042,957547500.0,2202.48,227437361280.56
000001,2025-09-08,11.71,11.7,11.78,11.67,924431.0,0.0048,1083054600.0,2199.47,227049242916.6
000001,2025-09-09,11.71,11.75,11.78,11.68,860539.0,0.0044,1009279700.0,2207.0,228019538826.5
000001,2025-09-10,11.74,11.77,11.79,11.71,792668.0,0.0040999999999999995,932170200.0,2210.01,228407657190.46
000001,2025-09-11,11.77,11.85,11.85,11.71,963932.0,0.005,1134234400.0,2222.05,229960130646.3
000001,2025-09-12,11.83,11.72,11.88,11.7,940385.0,0.0048,1107449100.0,2202.48,227437361280.56
000001,2025-09-15,11.7,11.65,11.72,11.63,840387.0,0.0043,980347600.0,2191.95,226078947006.7
000001,2025-09-16,11.66,11.64,11.71,11.61,708048.0,0.0036,825169500.0,2190.44,225884887824.72
000001,2025-09-17,11.64,11.64,11.67,11.58,771129.0,0.004,896750300.0,2190.44,225884887824.72
000001,2025-09-18,11.65,11.41,11.66,11.38,1386160.0,0.0070999999999999995,1594827200.0,2155.82,221421526639.18
000001,2025-09-19,11.41,11.45,11.51,11.37,834651.0,0.0043,955004100.0,2161.84,222197763367.1
000001,2025-09-22,11.44,11.38,11.47,11.37,596402.0,0.0031,680158400.0,2151.3,220839349093.24
000001,2025-09-23,11.37,11.52,11.58,11.32,1341430.0,0.0069,1543271200.0,2172.38,223556177640.96
000001,2025-09-24,11.51,11.46,11.62,11.43,1139583.0,0.0059,1310214200.0,2163.34,222391822549.08
000001,2025-09-25,11.43,11.4,11.47,11.36,773276.0,0.004,881943100.0,2154.31,221227467457.2
000001,2025-09-26,11.39,11.4,11.44,11.32,753239.0,0.0039000000000000003,856917700.0,2154.31,221227467457.2
000001,2025-09-29,11.4,11.37,11.48,11.27,1176012.0,0.0060999999999999995,1334457000.0,2149.8,220645289911.26
000001,2025-09-30,11.37,11.34,11.37,11.29,832479.0,0.0043,942224100.0,2145.28,220063112365.32
000001,2025-10-09,11.33,11.4,11.41,11.27,1047469.0,0.0054,1187061700.0,2154.31,221227467457.2
000001,2025-10-10,11.37,11.43,11.49,11.36,1087948.0,0.005600000000000001,1244213500.0,2158.83,221809645003.14
000001,2025-10-13,11.32,11.4,11.46,11.28,1168802.0,0.006,1328180400.0,2154.31,221227467457.2
000001,2025-10-14,11.39,11.57,11.6,11.36,1843428.0,0.0095,2124120300.0,2179.9,224526473550.86
000001,2025-10-15,11.34,11.4,11.42,11.26,1271061.0,0.006500000000000001,1443458100.0,2189.84,221227467457.2
000001,2025-10-16,11.38,11.54,11.55,11.36,1261937.0,0.006500000000000001,1447841600.0,2210.91,223944296004.92
000001,2025-10-17,11.5,11.4,11.58,11.38,1039666.0,0.0054,1193518600.0,2189.84,221227467457.2
000001,2025-10-20,11.41,11.42,11.45,11.27,952641.0,0.0049,1081829700.0,2192.85,221615585821.16
000001,2025-10-21,11.4,11.43,11.47,11.39,761165.0,0.0039000000000000003,869658100.0,2194.35,221809645003.14
000001,2025-10-22,11.4,11.52,11.54,11.4,833703.0,0.0043,957661600.0,2207.9,223556177640.96
000001,2025-10-23,11.52,11.63,11.71,11.5,1373112.0,0.0070999999999999995,1593155200.0,2224.46,225690828642.74
000001,2025-10-24,11.6,11.56,11.68,11.55,980475.0,0.0051,1138026700.0,2213.92,224332414368.88
000001,2025-10-27,11.54,11.52,11.61,11.44,1239485.0,0.0064,1428199700.0,2207.9,223556177640.96
000001,2025-10-28,11.53,11.47,11.58,11.42,821568.0,0.0042,943626799.9999999,2200.38,222585881731.06
000001,2025-10-29,11.46,11.39,11.46,11.36,966214.0,0.005,1100783400.0,2188.33,221033408275.22
000001,2025-10-30,11.38,11.38,11.47,11.36,943770.0,0.0049,1077182600.0,2186.83,220839349093.24
000001,2025-10-31,11.38,11.32,11.4,11.3,970193.0,0.005,1099179200.0,2177.79,219674994001.36
000001,2025-11-03,11.34,11.43,11.44,11.3,952326.0,0.0049,1084422500.0,2194.35,221809645003.14
000001,2025-11-04,11.42,11.59,11.64,11.4,1503007.0,0.0077,1737289500.0,2218.44,224914591914.82
000001,2025-11-05,11.59,11.52,11.6,11.5,794926.0,0.0040999999999999995,918112500.0,2207.9,223556177640.96
000001,2025-11-06,11.5,11.51,11.58,11.47,766585.0,0.004,882799500.0,2206.4,223362118458.98
000001,2025-11-07,11.52,11.55,11.58,11.5,734851.0,0.0038,848178000.0,2212.42,224138355186.9
000001,2025-11-10,11.52,11.63,11.64,11.45,827208.0,0.0043,957555600.0,2224.46,225690828642.74
000001,2025-11-11,11.62,11.67,11.69,11.57,886509.0,0.0046,1033284800.0,2230.48,226467065370.66
000001,2025-11-12,11.7,11.68,11.79,11.65,1141325.0,0.0059,1337963800.0,2231.99,226661124552.64
000001,2025-11-13,11.68,11.7,11.72,11.57,978991.0,0.005,1139765200.0,2235.0,227049242916.6
000001,2025-11-14,11.67,11.75,11.84,11.66,1316995.0,0.0068000000000000005,1551867300.0,2242.53,228019538826.5
000001,2025-11-17,11.75,11.67,11.75,11.62,995233.0,0.0051,1161416200.0,2230.48,226467065370.66
000001,2025-11-18,11.65,11.59,11.69,11.57,670077.0,0.0034999999999999996,778887600.0,2218.44,224914591914.82
000001,2025-11-19,11.58,11.8,11.83,11.57,1334996.0,0.0069,1565428500.0,2250.05,228989834736.4
000001,2025-11-20,11.79,11.85,11.99,11.74,1637040.0,0.0084,1948415900.0,2257.58,229960130646.3
000001,2025-11-21,11.8,11.69,11.88,11.66,1465359.0,0.0076,1721871200.0,2233.49,226855183734.62
000001,2025-11-24,11.7,11.6,11.73,11.6,1117119.0,0.0058,1302444600.0,2219.95,225108651096.8
000001,2025-11-25,11.61,11.8,11.8,11.58,1028081.0,0.0053,1203879800.0,2250.05,228989834736.4
000001,2025-11-26,11.81,11.69,11.85,11.65,821301.0,0.0042,962935399.9999999,2233.49,226855183734.62
000001,2025-11-27,11.66,11.71,11.71,11.58,1011847.0,0.0052,1178309000.0,2236.5,227243302098.58
000001,2025-11-28,11.67,11.61,11.68,11.58,884358.0,0.0046,1027933500.0,2221.45,225302710278.78
000001,2025-12-01,11.6,11.69,11.7,11.53,1037323.0,0.0053,1205480300.0,2233.49,226855183734.62
000001,2025-12-02,11.68,11.64,11.73,11.59,768060.0,0.004,894720600.0,2225.97,225884887824.72
000001,2025-12-03,11.64,11.55,11.7,11.54,944601.0,0.0049,1099167200.0,2212.42,224138355186.9
000001,2025-12-04,11.55,11.49,11.58,11.46,886090.0,0.0046,1019179000.0,2203.39,222974000095.02
000001,2025-12-05,11.49,11.53,11.54,11.4,890766.0,0.0046,1022334900.0,2209.41,223750236822.94
000001,2025-12-08,11.49,11.52,11.6,11.48,855899.0,0.0044,988510000.0,2207.9,223556177640.96
000001,2025-12-09,11.52,11.43,11.54,11.43,733957.0,0.0038,842732400.0,2194.35,221809645003.14
000001,2025-12-10,11.44,11.33,11.46,11.29,1044065.0,0.0054,1184087700.0,2179.3,219869053183.34
000001,2025-12-11,11.35,11.37,11.39,11.3,925261.0,0.0048,1049906200.0,2185.32,220645289911.26
000001,2025-12-12,11.37,11.35,11.43,11.3,1191895.0,0.0060999999999999995,1357465400.0,2182.31,220257171547.3
000001,2025-12-15,11.34,11.51,11.54,11.33,940833.0,0.0048,1080642200.0,2206.4,223362118458.98
000001,2025-12-16,11.49,11.48,11.55,11.44,647351.0,0.0033,743389000.0,2201.88,222779940913.04
000001,2025-12-17,11.47,11.53,11.58,11.42,701495.0,0.0036,807135200.0,2209.41,223750236822.94
000001,2025-12-18,11.51,11.64,11.65,11.48,790467.0,0.0040999999999999995,916247600.0,2225.97,225884887824.72
000001,2025-12-19,11.63,11.62,11.65,11.58,649886.0,0.0033,755106100.0,2222.96,225496769460.76
000001,2025-12-22,11.61,11.52,11.61,11.51,742369.0,0.0038,857197100.0000001,2207.9,223556177640.96
000001,2025-12-23,11.52,11.56,11.6,11.5,666266.0,0.0034000000000000002,770081900.0,2213.92,224332414368.88
000001,2025-12-24,11.55,11.54,11.58,11.49,505244.0,0.0026,582458700.0,2210.91,223944296004.92
000001,2025-12-25,11.54,11.56,11.62,11.52,547455.0,0.0028000000000000004,633772600.0,2213.92,224332414368.88
000001,2025-12-26,11.56,11.54,11.59,11.53,436340.0,0.0022,504079300.0,2210.91,223944296004.92
000001,2025-12-29,11.54,11.56,11.62,11.5,648295.0,0.0033,749083000.0,2213.92,224332414368.88
000001,2025-12-30,11.53,11.48,11.56,11.45,582584.0,0.003,669409299.9999999,2201.88,222779940913.04
000001,2025-12-31,11.48,11.41,11.49,11.4,590620.0,0.003,675457400.0,2191.34,221421526639.18
000001,2026-01-05,11.42,11.5,11.51,11.41,875491.0,0.0045000000000000005,1003479200.0,2204.89,223168059277.0
000001,2026-01-06,11.5,11.67,11.68,11.48,1304648.0,0.0067,1512911600.0,2230.48,226467065370.66
000001,2026-01-07,11.66,11.64,11.82,11.62,966236.0,0.005,1131165700.0,2225.97,225884887824.72
000001,2026-01-08,11.64,11.51,11.65,11.49,1100085.0,0.005699999999999999,1268647300.0,2206.4,223362118458.98
000001,2026-01-09,11.53,11.46,11.53,11.44,983390.0,0.0051,1128076500.0,2198.87,222391822549.08
000001,2026-01-12,11.45,11.48,11.49,11.42,855213.0,0.0044,979700100.0,2201.88,222779940913.04
000001,2026-01-13,11.48,11.47,11.54,11.44,1061541.0,0.0055000000000000005,1219755600.0,2200.38,222585881731.06
000001,2026-01-14,11.47,11.36,11.47,11.35,1274757.0,0.0066,1454416600.0,2183.82,220451230729.28
000001,2026-01-15,11.33,11.31,11.37,11.3,884960.0,0.0046,1002514900.0,2176.29,219480934819.38
000001,2026-01-16,11.34,11.19,11.34,11.16,1119473.0,0.0058,1257713600.0,2158.23,217152224635.62
000001,2026-01-19,11.15,11.12,11.21,11.11,804741.0,0.0040999999999999995,896712400.0,2147.69,215793810361.76
000001,2026-01-20,11.12,11.16,11.2,11.11,772276.0,0.004,861694200.0,2153.71,216570047089.68
000001,2026-01-21,11.15,11.07,11.18,11.06,900125.0,0.0046,1001045300.0,2140.16,214823514451.86
000001,2026-01-22,11.07,11.07,11.15,11.05,788635.0,0.0040999999999999995,873985800.0,2140.16,214823514451.86
000001,2026-01-23,11.07,10.99,11.09,10.98,1109994.0,0.005699999999999999,1224886400.0,2128.12,213271040996.02
000001,2026-01-26,10.98,10.96,11.06,10.92,1106247.0,0.005699999999999999,1214803400.0,2123.6,212688863450.08
000001,2026-01-27,10.96,10.94,11.03,10.93,894091.0,0.0046,981119800.0,2120.59,212300745086.12
000001,2026-01-28,10.94,10.84,10.99,10.82,1438766.0,0.0074,1570012900.0,2105.54,210360153266.32
000001,2026-01-29,10.84,10.96,10.98,10.66,1852994.0,0.0095,2001845200.0,2123.6,212688863450.08
000001,2026-01-30,10.94,10.83,11.03,10.83,1091755.0,0.005600000000000001,1191181200.0,2104.03,210166094084.34
000001,2026-02-02,10.82,10.86,11.03,10.8,1223173.0,0.0063,1337643400.0,2108.55,210748271630.28
000001,2026-02-03,10.89,10.84,10.9,10.77,806628.0,0.0042,872562200.0,2105.54,210360153266.32
000001,2026-02-04,10.85,10.97,10.98,10.84,695415.0,0.0036,760107700.0,2125.11,212882922632.06
000001,2026-02-05,10.98,11.09,11.11,10.96,1177591.0,0.0060999999999999995,1301134100.0,2143.17,215211632815.82
000001,2026-02-06,11.08,11.05,11.14,10.99,727710.0,0.0037,803862200.0,2137.15,214435396087.9
000001,2026-02-09,11.05,11.07,11.11,11.01,619717.0,0.0032,685218200.0000001,2140.16,214823514451.86
000001,2026-02-10,11.07,11.06,11.1,11.02,600430.0,0.0031,664140200.0,2138.66,214629455269.88
000001,2026-02-11,11.06,11.07,11.09,11.02,431041.0,0.0022,476801900.0,2140.16,214823514451.86
000001,2026-02-12,11.07,10.96,11.08,10.93,681340.0,0.0034999999999999996,748338500.0,2123.6,212688863450.08
000001,2026-02-13,10.96,10.91,10.99,10.9,555047.0,0.0029,607501400.0,2116.08,211718567540.18
000001,2026-02-24,10.93,10.91,10.95,10.88,602512.0,0.0031,657487700.0,2116.08,211718567540.18
000001,2026-02-25,10.91,10.86,10.95,10.78,1063135.0,0.0055000000000000005,1156693700.0,2108.55,210748271630.28
000001,2026-02-26,10.86,10.87,10.91,10.8,712730.0,0.0037,772947700.0,2110.05,210942330812.26
000001,2026-02-27,10.86,10.9,10.92,10.84,612228.0,0.0032,666177300.0,2114.57,211524508358.2
000001,2026-03-02,10.85,10.85,10.89,10.77,838874.0,0.0043,908747800.0,2107.04,210554212448.3
000001,2026-03-03,10.85,10.88,10.95,10.8,1028695.0,0.0053,1119402100.0,2111.56,211136389994.24
000001,2026-03-04,10.84,10.71,10.84,10.67,1089714.0,0.005600000000000001,1167995900.0,2085.97,207837383900.58
000001,2026-03-05,10.72,10.81,10.84,10.7,712641.0,0.0037,768553600.0,2101.02,209777975720.38
000001,2026-03-06,10.78,10.82,10.84,10.77,476577.0,0.0025,514733600.0,2102.53,209972034902.36
000001,2026-03-09,10.79,10.76,10.82,10.74,835892.0,0.0043,900716900.0,2093.49,208807679810.48
000001,2026-03-10,10.77,10.81,10.81,10.73,790112.0,0.0040999999999999995,850573500.0,2101.02,209777975720.38
000001,2026-03-11,10.79,10.89,10.9,10.77,720535.0,0.0037,781041000.0,2113.06,211330449176.22
000001,2026-03-12,10.87,10.94,10.96,10.85,754906.0,0.0039000000000000003,824172000.0,2120.59,212300745086.12
000001,2026-03-13,10.93,10.93,11.0,10.87,841939.0,0.0043,920839400.0,2119.09,212106685904.14
000001,2026-03-16,10.93,10.92,10.97,10.88,715603.0,0.0037,782089400.0,2117.58,211912626722.16
000001,2026-03-17,10.91,11.03,11.07,10.9,1076657.0,0.0055000000000000005,1187565500.0,2134.14,214047277723.94
000001,2026-03-18,11.04,10.96,11.04,10.91,791079.0,0.0040999999999999995,867711300.0,2123.6,212688863450.08
000001,2026-03-19,10.92,10.88,10.97,10.86,624212.0,0.0032,681086500.0,2111.56,211136389994.24
000001,2026-03-20,10.87,10.77,10.94,10.76,834083.0,0.0043,903819000.0,2095.0,209001738992.46
000001,2026-03-23,10.68,10.45,10.68,10.43,1580088.0,0.008100000000000001,1666328299.9999998,2046.83,202791845169.1
000001,2026-03-24,10.52,10.88,10.89,10.52,1622251.0,0.0084,1744746700.0000002,2111.56,211136389994.24
000001,2026-03-25,10.89,10.94,10.95,10.79,744780.0,0.0038,809739900.0,2120.59,212300745086.12
000001,2026-03-26,10.91,10.94,11.05,10.9,827664.0,0.0043,909199400.0,2120.59,212300745086.12
000001,2026-03-27,10.91,11.02,11.05,10.83,884129.0,0.0046,972821300.0,2132.63,213853218541.96
000001,2026-03-30,10.98,10.99,11.05,10.94,632522.0,0.0033,696208300.0,2128.12,213271040996.02
000001,2026-03-31,11.0,11.08,11.18,10.99,1164565.0,0.006,1294675700.0,2141.67,215017573633.84
000001,2026-04-01,11.09,11.15,11.23,11.08,918925.0,0.004699999999999999,1025538800.0,2152.2,216375987907.7
000001,2026-04-02,11.15,11.27,11.32,11.13,1148895.0,0.0059,1292756700.0,2170.27,218704698091.46
000001,2026-04-03,11.28,11.12,11.28,11.09,757757.0,0.0039000000000000003,845283600.0,2147.69,215793810361.76
000001,2026-04-07,11.12,11.03,11.14,10.97,607955.0,0.0031,671322800.0,2134.14,214047277723.94
000001,2026-04-08,11.11,11.22,11.22,11.05,812976.0,0.0042,906308300.0,2162.74,217734402181.56
000001,2026-04-09,11.17,11.1,11.22,11.06,602365.0,0.0031,669239299.9999999,2144.68,215405691997.8
000001,2026-04-10,11.1,11.09,11.13,11.07,481047.0,0.0025,534089000.0,2143.17,215211632815.82
000001,2026-04-13,11.05,11.07,11.09,11.03,406104.0,0.0021,449056800.0,2140.16,214823514451.86
000001,2026-04-14,11.07,11.17,11.17,11.07,496151.0,0.0026,551741600.0,2155.21,216764106271.66
000001,2026-04-15,11.16,11.21,11.22,11.15,503938.0,0.0026,564031600.0,2161.24,217540342999.58
000001,2026-04-16,11.2,11.09,11.23,11.07,680915.0,0.0034999999999999996,758006900.0,2143.17,215211632815.82
000001,2026-04-17,11.09,11.01,11.11,10.99,722530.0,0.0037,797678400.0,2131.13,213659159359.98
000001,2026-04-20,11.01,11.06,11.07,10.96,630034.0,0.0032,695097200.0,2138.66,214629455269.88
000001,2026-04-21,11.04,11.08,11.16,11.03,806946.0,0.0042,896659500.0,2141.67,215017573633.84
000001,2026-04-22,11.08,10.98,11.09,10.95,839054.0,0.0043,923203000.0,2126.61,213076981814.04
000001,2026-04-23,10.98,11.0,11.03,10.93,648067.0,0.0033,711757500.0,2129.62,213465100178.0
000001,2026-04-24,10.98,11.0,11.03,10.92,582710.0,0.003,639781200.0,2129.62,213465100178.0
000001,2026-04-27,11.33,11.38,11.57,11.29,3401276.0,0.0175,3891707600.0,2186.83,220839349093.24
000001,2026-04-28,11.36,11.46,11.46,11.32,1674259.0,0.0086,1908334000.0,2198.87,222391822549.08
000001,2026-04-29,11.43,11.52,11.54,11.39,1378423.0,0.0070999999999999995,1583294900.0,2207.9,223556177640.96
000001,2026-04-30,11.5,11.49,11.6,11.46,1139242.0,0.0059,1312827800.0,2203.39,222974000095.02
000001,2026-05-06,11.5,11.36,11.5,11.3,1216388.0,0.0063,1380730900.0,2183.82,220451230729.28
000001,2026-05-07,11.37,11.37,11.39,11.3,936958.0,0.0048,1062755200.0,2185.32,220645289911.26
000001,2026-05-08,11.34,11.3,11.42,11.3,798820.0,0.0040999999999999995,905737800.0,2174.78,219286875637.4
000001,2026-05-11,11.29,11.28,11.31,11.16,931865.0,0.0048,1047435399.9999999,2171.77,218898757273.44
000001,2026-05-12,11.28,11.25,11.36,11.21,1029038.0,0.0053,1158241900.0,2167.26,218316579727.5
000001,2026-05-13,11.25,11.14,11.28,11.11,1017974.0,0.0052,1136724100.0,2150.7,216181928725.72
000001,2026-05-14,11.14,11.05,11.15,11.05,794368.0,0.0040999999999999995,881960600.0,2137.15,214435396087.9
000001,2026-05-15,11.05,10.99,11.11,10.96,974742.0,0.005,1074648500.0,2128.12,213271040996.02
000001,2026-05-18,10.96,10.86,10.97,10.82,856382.0,0.0044,931697200.0,2108.55,210748271630.28
000001,2026-05-19,10.83,10.86,10.92,10.83,793529.0,0.0040999999999999995,862561900.0,2108.55,210748271630.28
000001,2026-05-20,10.86,10.77,10.88,10.76,747632.0,0.0039000000000000003,808079600.0000001,2095.0,209001738992.46
000001,2026-05-21,10.78,10.7,10.8,10.69,1110211.0,0.005699999999999999,1194144100.0,2084.46,207643324718.6
000001,2026-05-22,10.7,10.68,10.73,10.65,954133.0,0.0049,1020057100.0000001,2081.45,207255206354.64
000001,2026-05-25,10.68,10.68,10.76,10.64,663103.0,0.0034000000000000002,709614100.0,2081.45,207255206354.64
000001,2026-05-26,10.71,10.79,10.83,10.66,837347.0,0.0043,900879500.0,2098.01,209389857356.42
000001,2026-05-27,10.76,10.76,10.85,10.72,839727.0,0.0043,905710900.0,2093.49,208807679810.48
000001,2026-05-28,10.76,10.66,10.79,10.63,900711.0,0.0046,963695800.0,2078.44,206867087990.68
000001,2026-05-29,10.65,10.93,10.93,10.62,1399368.0,0.0072,1515692100.0,2119.09,212106685904.14
000001,2026-06-01,10.9,10.99,10.99,10.81,954596.0,0.0049,1042306500.0,2128.12,213271040996.02
000001,2026-06-02,10.98,11.08,11.1,10.94,885428.0,0.0046,978159299.9999999,2141.67,215017573633.84
000001,2026-06-03,11.03,10.99,11.06,10.92,825272.0,0.0043,906870300.0,2128.12,213271040996.02
000001,2026-06-04,10.91,10.82,10.97,10.77,869271.0,0.0045000000000000005,943329299.9999999,2102.53,209972034902.36
000001,2026-06-05,10.83,10.98,11.03,10.83,1003503.0,0.0052,1102446100.0,2126.61,213076981814.04
000001,2026-06-08,10.97,11.03,11.1,10.96,1090926.0,0.005600000000000001,1203946300.0,2134.14,214047277723.94
000001,2026-06-09,11.01,11.13,11.19,10.96,1149672.0,0.0059,1277122400.0,2149.19,215987869543.74
000001,2026-06-10,11.07,11.32,11.35,11.07,1543176.0,0.008,1738056700.0000002,2177.79,219674994001.36
000001,2026-06-11,11.32,11.3,11.39,11.25,1156222.0,0.006,1308134000.0,2174.78,219286875637.4
000001,2026-06-12,11.0,11.24,11.25,10.88,2032355.0,0.0105,2263042900.0,2219.95,218122520545.52
000001,2026-06-15,11.21,11.06,11.21,10.98,1541305.0,0.0079,1711561300.0,2192.85,214629455269.88
000001,2026-06-16,11.05,10.94,11.12,10.91,942708.0,0.0049,1034554200.0,2174.78,212300745086.12
000001,2026-06-17,10.97,10.78,10.99,10.75,965828.0,0.005,1046564900.0,2150.7,209195798174.44
000001,2026-06-18,10.74,10.52,10.77,10.52,1426893.0,0.0074,1511009600.0,2111.56,204150259442.96
000001,2026-06-22,10.52,10.65,10.67,10.42,1265317.0,0.006500000000000001,1334768100.0,2131.13,206673028808.7
000001,2026-06-23,10.65,10.71,10.91,10.63,1190604.0,0.0060999999999999995,1285360400.0,2140.16,207837383900.58
000001,2026-06-24,10.68,10.51,10.78,10.51,1125841.0,0.0058,1193370300.0,2110.05,203956200260.98
000001,2026-06-25,10.47,10.42,10.59,10.41,1083999.0,0.005600000000000001,1136742100.0,2096.51,202209667623.16
000001,2026-06-26,10.42,10.23,10.47,10.19,1236482.0,0.0064,1270902900.0,2067.9,198522543165.54
000001,2026-06-29,10.22,10.24,10.32,10.02,1124140.0,0.0058,1144166900.0,2069.41,198716602347.52
000001,2026-06-30,10.22,10.05,10.22,10.04,1111353.0,0.005699999999999999,1121201500.0,2040.81,195029477889.9
000001,2026-07-01,10.05,10.16,10.18,9.99,906890.0,0.004699999999999999,915838500.0,2057.37,197164128891.68
000001,2026-07-02,10.2,10.28,10.36,10.17,1004749.0,0.0052,1030886400.0,2075.43,199492839075.44
000001,2026-07-03,10.29,10.29,10.4,10.18,863327.0,0.0044,888789400.0,2076.94,199686898257.42
000001,2026-07-06,10.25,10.5,10.52,10.22,1061049.0,0.0055000000000000005,1103902600.0,2108.55,203762141079.0
000001,2026-07-07,10.46,10.47,10.51,10.35,805221.0,0.0040999999999999995,840465800.0,2104.03,203179963533.06
000001,2026-07-08,10.44,10.6,10.63,10.34,950760.0,0.0049,1002624600.0000001,2123.6,205702732898.8
000001,2026-07-09,10.55,10.49,10.59,10.43,747191.0,0.0039000000000000003,785387100.0000001,2107.04,203568081897.02
000001,2026-07-10,10.5,10.45,10.51,10.4,957320.0,0.0049,999718200.0000001,2101.02,202791845169.1
000001,2026-07-13,10.42,10.54,10.55,10.38,924746.0,0.0048,971033100.0,2114.57,204538377806.92
000001,2026-07-14,10.53,10.69,10.7,10.48,1193715.0,0.0062,1267511200.0,2137.15,207449265536.62
000001,2026-07-15,10.65,10.84,10.87,10.63,981422.0,0.0051,1059209100.0,2159.73,210360153266.32
000001,2026-07-16,10.85,10.77,10.93,10.72,800766.0,0.0040999999999999995,864435900.0,2149.19,209001738992.46
000001,2026-07-17,10.75,10.78,10.88,10.72,1075499.0,0.0055000000000000005,1163189300.0,2150.7,209195798174.44
000001,2026-07-20,10.75,10.98,11.0,10.74,1567304.0,0.008100000000000001,1713460200.0,2180.81,213076981814.04
000001,2026-07-21,10.99,10.84,11.13,10.83,1755113.0,0.009000000000000001,1925298900.0000002,2159.73,210360153266.32
000001,2026-07-22,10.81,10.98,10.98,10.77,1029484.0,0.0053,1120150600.0,2180.81,213076981814.04
000001,2026-07-23,10.92,11.08,11.12,10.9,1095743.0,0.005600000000000001,1210838000.0,2195.86,215017573633.84
000001,2026-07-24,11.09,11.1,11.18,11.09,1140933.0,0.0059,1269361100.0,2198.87,215405691997.8
000001,2026-07-27,11.11,11.11,11.16,11.04,957156.0,0.0049,1062796300.0,2200.38,215599751179.78
000001,2026-07-28,11.1,11.2,11.21,11.09,1061011.0,0.0055000000000000005,1185514900.0,2213.92,217346283817.6
000001,2026-07-29,11.19,11.28,11.36,11.18,1511054.0,0.0078000000000000005,1705864000.0,2225.97,218898757273.44
000001,2026-07-30,11.28,11.61,11.62,11.18,2777708.0,0.0143,3194072400.0,2275.64,225302710278.78
000001,2026-07-31,11.5,11.63,11.63,11.28,2024979.0,0.0104,2318839900.0,2278.65,225690828642.74
000001,2026-08-03,11.54,11.62,11.66,11.52,1060851.0,0.0055000000000000005,1229339800.0,2277.15,225496769460.76
000001,2026-08-04,11.58,11.44,11.62,11.42,1221130.0,0.0063,1401213599.9999998,2250.05,222003704185.12
000001,2026-08-05,11.41,11.25,11.5,11.18,1511510.0,0.0078000000000000005,1703942500.0,2221.45,218316579727.5
000001,2026-08-06,11.22,11.27,11.28,11.12,1046343.0,0.0054,1171011800.0,2224.46,218704698091.46
000001,2026-08-07,11.23,11.19,11.26,11.1,882977.0,0.0046,986373700.0,2212.42,217152224635.62
000001,2026-08-10,11.18,11.29,11.38,11.16,889060.0,0.0046,1005591400.0,2227.47,219092816455.42
000001,2026-08-11,11.31,11.26,11.4,11.24,663361.0,0.0034000000000000002,749686500.0,2222.96,218510638909.48
000001,2026-08-12,11.26,11.25,11.29,11.2,632950.0,0.0033,711612899.9999999,2221.45,218316579727.5
000001,2026-08-13,11.23,11.25,11.27,11.18,755981.0,0.0039000000000000003,848358800.0,2221.45,218316579727.5
000001,2026-08-14,11.22,11.11,11.23,11.11,832344.0,0.0043,929098400.0,2200.38,215599751179.78
000001,2026-08-17,11.2,11.1,11.22,11.07,929043.0,0.0048,1031951500.0,2198.87,215405691997.8
000001,2026-08-18,11.1,11.05,11.14,11.03,808930.0,0.0042,896326700.0,2191.34,214435396087.9
000001,2026-08-19,11.08,11.27,11.27,11.07,1426496.0,0.0074,1596598800.0,2224.46,218704698091.46
000001,2026-08-20,11.2,11.4,11.4,11.19,1183578.0,0.0060999999999999995,1338932700.0,2244.03,221227467457.2
000001,2026-08-21,11.36,11.41,11.46,11.32,869128.0,0.0045000000000000005,990112100.0000001,2245.54,221421526639.18
000001,2026-08-24,11.38,11.56,11.58,11.35,1199025.0,0.0062,1383380000.0,2268.12,224332414368.88
000001,2026-08-25,11.57,11.59,11.64,11.53,994881.0,0.0051,1152242500.0,2272.63,224914591914.82
000001,2026-08-26,11.55,11.73,11.75,11.52,1167289.0,0.006,1363009700.0,2293.71,227631420462.54
000001,2026-08-27,11.7,11.59,11.72,11.51,975702.0,0.005,1131000100.0,2272.63,224914591914.82
000001,2026-08-28,11.54,11.65,11.68,11.48,838126.0,0.0043,973220500.0,2281.66,226078947006.7
000001,2026-08-31,11.64,11.72,11.77,11.62,908857.0,0.004699999999999999,1063281400.0,2292.2,227437361280.56
000001,2026-09-01,11.68,11.92,11.96,11.65,1523165.0,0.0078000000000000005,1807254400.0,2322.31,231318544920.16
000001,2026-09-02,11.92,11.91,11.99,11.85,892248.0,0.0046,1063261799.9999999,2320.8,231124485738.18
000001,2026-09-03,11.88,11.88,12.08,11.83,1105134.0,0.005699999999999999,1324230300.0,2316.29,230542308192.24
000001,2026-09-04,11.86,11.89,12.0,11.85,814373.0,0.0042,969948400.0,2317.79,230736367374.22
000001,2026-09-07,11.87,11.7,11.88,11.65,1087276.0,0.005600000000000001,1275606300.0,2289.19,227049242916.6
000001,2026-09-08,11.66,11.78,11.81,11.65,740516.0,0.0038,870361100.0,2301.23,228601716372.44
000001,2026-09-09,11.76,11.7,11.79,11.69,582306.0,0.003,682946799.9999999,2289.19,227049242916.6
000001,2026-09-10,11.68,11.85,11.86,11.66,867632.0,0.0045000000000000005,1022543900.0,2311.77,229960130646.3
000001,2026-09-11,11.82,11.74,11.86,11.71,832461.0,0.0043,979990600.0,2295.21,227825479644.52
000001,2026-09-14,11.73,11.85,11.9,11.72,741248.0,0.0038,876071000.0,2311.77,229960130646.3
000001,2026-09-15,11.82,11.82,11.88,11.77,755251.0,0.0039000000000000003,893382899.9999999,2307.26,229377953100.36
000001,2026-09-16,11.8,11.7,11.84,11.57,949626.0,0.0049,1106652900.0,2289.19,227049242916.6
