code,date,open,close,high,low,volume,turnover,amount,close_hfq,market_cap_yuan
000333,2020-12-01,86.25,87.92,88.0,86.25,236924.98,0.0034999999999999996,2071082000.0,356.29,617715286603.52
000333,2020-12-02,89.0,89.91,90.59,88.54,366071.95,0.0054,3286902400.0,363.75,631696785924.96
000333,2020-12-03,89.79,89.6,90.08,88.21,255520.24,0.0037,2276665600.0,362.59,629518763417.6
000333,2020-12-04,88.82,88.36,89.06,87.17,327226.23,0.0048,2876036700.0,357.94,620806673388.16
000333,2020-12-07,88.88,88.06,89.0,87.52,202284.96,0.003,1786091200.0,356.81,618698909671.36
000333,2020-12-08,87.52,86.7,88.13,85.45,366900.24,0.0054,3164772000.0,351.71,609143714155.2
000333,2020-12-09,86.01,83.56,86.62,83.5,461125.71,0.0067,3893407700.0,339.94,587082453919.36
000333,2020-12-10,83.5,85.1,85.45,83.5,253001.25,0.0037,2144184300.0,345.71,597902307665.6
000333,2020-12-11,85.9,84.0,85.9,83.41,225061.39,0.0033,1901114000.0,341.59,590173840704.0
000333,2020-12-14,85.88,84.44,86.0,83.33,262470.11,0.0038,2213586000.0,343.24,593265227488.64
000333,2020-12-15,84.92,85.73,86.4,83.4,328120.14,0.0048,2794791700.0,348.08,602328611470.88
000333,2020-12-16,86.11,88.1,89.07,85.93,413021.46,0.006,3638872800.0000005,356.96,618979944833.6
000333,2020-12-17,88.7,89.67,90.78,88.45,316460.76,0.0046,2841398000.0,362.85,630010574951.52
000333,2020-12-18,89.11,89.3,89.99,88.32,274777.17,0.004,2446471100.0,361.46,627410999700.8
000333,2020-12-21,89.72,88.81,89.72,87.04,283689.34,0.0040999999999999995,2499704900.0,359.63,623968318963.36
000333,2020-12-22,88.33,89.75,90.78,87.42,310714.53,0.0045000000000000005,2775989200.0,363.15,630572645276.0
000333,2020-12-23,89.98,92.0,93.5,89.53,390546.6,0.005699999999999999,3606420400.0,371.59,646380873152.0
000333,2020-12-24,92.0,92.89,92.89,90.55,197783.11,0.0029,1823517300.0,374.93,652633905511.84
000333,2020-12-25,92.67,93.58,94.22,91.5,217071.94,0.0032,2025214100.0,377.51,657481762060.48
000333,2020-12-28,93.48,95.8,97.35,93.41,394785.73,0.0058,3781019600.0,385.84,673079213564.8
000333,2020-12-29,95.76,95.19,95.79,93.76,216552.2,0.0032,2053512100.0,383.55,668793427340.64
000333,2020-12-30,95.5,95.98,96.6,94.21,231644.06,0.0034000000000000002,2212516100.0,386.51,674343871794.88
000333,2020-12-31,96.0,98.44,98.98,95.98,268671.76,0.0039000000000000003,2633031800.0,395.74,692030837341.56
000333,2021-01-04,98.9,99.01,101.95,98.03,338826.8,0.005,3379358300.0,397.88,696051563278.59
000333,2021-01-05,98.07,101.54,101.94,97.0,351148.01,0.0051,3515823400.0000005,407.36,713837751088.86
000333,2021-01-06,103.0,100.96,104.8,99.65,360203.38,0.0052,3662399200.0,405.19,709760285108.64
000333,2021-01-07,102.0,104.82,105.67,101.2,451400.52,0.0066,4687111400.0,419.66,736896524218.38
000333,2021-01-08,104.0,103.01,104.7,101.25,330690.48,0.0048,3409516300.0,412.88,724172018314.59
000333,2021-01-11,103.2,101.0,104.33,100.0,341891.87,0.005,3506431400.0,405.34,710041489659.0
000333,2021-01-12,100.31,104.1,104.28,100.31,355295.86,0.0052,3670971700.0,416.96,731834842311.9
000333,2021-01-13,105.0,103.34,105.71,102.04,343487.39,0.005,3560584699.9999995,414.11,726491955855.06
000333,2021-01-14,103.6,99.6,104.39,99.39,373815.28,0.0054,3780641300.0,400.09,700199330396.4
000333,2021-01-15,99.03,99.69,100.17,96.78,357438.23,0.0052,3524028300.0,400.43,700832040634.71
000333,2021-01-18,99.39,99.12,100.28,97.51,286771.8,0.0042,2849767500.0,398.29,697491605480.88
000333,2021-01-19,99.69,94.85,100.11,94.48,423078.07,0.0062,4087923600.0,382.28,667444297617.65
000333,2021-01-20,96.0,96.28,98.12,95.5,322023.27,0.004699999999999999,3113133900.0,387.64,677506979173.72
000333,2021-01-21,97.24,100.1,101.0,96.99,409301.71,0.006,4074982800.0000005,401.96,704387708924.9
000333,2021-01-22,100.0,100.57,101.53,98.09,307755.82,0.0045000000000000005,3069095100.0,403.73,707695023841.93
000333,2021-01-25,101.0,101.98,102.87,98.7,377359.92,0.0055000000000000005,3802697800.0000005,409.01,717616968593.02
000333,2021-01-26,101.0,97.94,101.0,97.1,407670.26,0.0059,4006658000.0,393.86,689188133987.06
000333,2021-01-27,97.09,97.95,99.84,96.38,283268.51,0.0040999999999999995,2781047199.9999995,393.9,689258502389.55
000333,2021-01-28,96.53,95.16,96.99,94.5,310572.14,0.0045000000000000005,2959282900.0,383.44,669625718094.84
000333,2021-01-29,95.35,96.33,97.79,93.68,372465.08,0.0054,3576339200.0,387.83,677858821186.17
000333,2021-02-01,96.33,98.2,98.51,94.66,286062.71,0.0042,2784442700.0,394.84,691017712451.8
000333,2021-02-02,97.4,98.58,100.2,97.4,315443.55,0.0046,3125264000.0,396.26,693691711746.42
000333,2021-02-03,99.5,97.64,100.4,96.2,323955.36,0.004699999999999999,3178416800.0,392.74,687331955607.6
000333,2021-02-04,96.29,96.4,97.59,95.23,364864.02,0.0053,3514921400.0,388.09,678603036876.0
000333,2021-02-05,96.98,97.25,98.37,95.0,372623.93,0.0054,3600456000.0,391.28,684586569877.5
000333,2021-02-08,97.26,96.66,97.5,94.4,377435.63,0.0055000000000000005,3614401900.0,389.06,680433294029.4
000333,2021-02-09,97.59,101.9,101.9,96.89,537122.47,0.0078000000000000005,5347054500.0,408.71,717320015121.0
000333,2021-02-10,102.92,107.11,108.0,101.5,536799.07,0.0078000000000000005,5641813900.0,428.25,753995552694.9
000333,2021-02-18,107.12,98.3,107.36,97.0,940429.08,0.0137,9433652300.0,395.21,691977992997.0
000333,2021-02-19,95.01,97.99,98.33,95.01,693877.09,0.0101,6722204900.0,394.05,689795763314.1
000333,2021-02-22,97.28,90.44,97.28,90.38,903986.09,0.0132,8324148700.0,365.74,636647911359.6
000333,2021-02-23,89.05,90.94,92.0,88.83,604755.31,0.0088,5494666700.0,367.61,640167636654.6
000333,2021-02-24,96.1,95.02,98.6,93.12,1003546.33,0.0146,9587929000.0,382.91,669077217078.34
000333,2021-02-25,94.9,93.94,95.79,92.1,416370.2,0.0060999999999999995,3934052800.0000005,378.86,661472466557.98
000333,2021-02-26,92.0,93.08,94.49,91.02,601123.03,0.0087,5569084600.0,375.64,655416831884.36
000333,2021-03-01,93.4,93.33,95.3,91.83,370844.02,0.0054,3475175700.0,376.58,657177190801.11
000333,2021-03-02,94.87,93.52,95.84,92.7,473398.22,0.0069,4469317500.0,377.29,658515063577.84
000333,2021-03-03,92.73,93.49,93.72,91.5,330591.87,0.0048,3072269099.9999995,377.18,658303820507.83
000333,2021-03-04,92.22,89.9,92.58,89.44,446348.2,0.006500000000000001,4041856200.0,363.71,633025066463.3
000333,2021-03-05,87.57,89.5,90.27,86.03,409487.09,0.006,3626107500.0,362.21,630208492196.5
000333,2021-03-08,88.5,85.5,89.71,85.44,488293.4,0.0070999999999999995,4260905000.0,347.21,602042749528.5
000333,2021-03-09,84.65,81.99,84.9,81.7,568963.33,0.0083,4741767500.0,334.05,577327310337.33
000333,2021-03-10,84.0,83.66,84.66,82.05,473167.65,0.0069,3942944000.0,340.31,589086507901.22
000333,2021-03-11,84.58,85.95,86.5,83.5,408116.44,0.0059,3495579099.9999995,348.9,605211395578.65
000333,2021-03-12,85.97,85.96,88.03,85.21,323645.32,0.004699999999999999,2806048400.0000005,348.94,605281809935.32
000333,2021-03-15,84.81,82.3,84.84,81.0,490513.85,0.0070999999999999995,4035896100.0,335.21,579510155394.1
000333,2021-03-16,82.41,82.58,83.03,81.55,349261.15,0.0051,2877253700.0,336.26,581481757380.86
000333,2021-03-17,82.01,84.07,84.28,81.36,370952.28,0.0054,3081574500.0,341.85,591973496524.69
000333,2021-03-18,84.98,86.71,87.0,84.8,347035.88,0.005,2986372300.0,351.75,610562886685.57
000333,2021-03-19,85.0,85.31,86.6,84.39,305291.85,0.0044,2610073900.0,346.5,600704876751.77
000333,2021-03-22,84.99,83.38,85.53,82.3,314092.85,0.0046,2620969400.0,339.26,587114905914.46
000333,2021-03-23,83.38,81.47,83.44,81.07,369695.97,0.0054,3027477700.0,332.1,573665763790.49
000333,2021-03-24,81.5,81.68,82.48,81.26,235367.58,0.0034000000000000002,1923709300.0,332.89,575144465280.56
000333,2021-03-25,81.07,80.68,81.5,79.3,247524.83,0.0036,1990607900.0,329.14,568103029613.56
000333,2021-03-26,81.1,82.01,82.5,79.96,310830.2,0.0045000000000000005,2533340700.0,334.13,577468139050.67
000333,2021-03-29,81.96,81.47,82.47,81.0,294535.24,0.0043,2406536500.0,332.1,573665763790.49
000333,2021-03-30,81.86,82.47,83.49,81.11,351971.52,0.0051,2898062100.0,335.85,580707199457.49
000333,2021-03-31,82.8,82.23,82.98,81.25,273525.08,0.004,2245618500.0,334.95,579017254897.41
000333,2021-04-01,82.0,85.43,85.88,81.8,352045.12,0.0051,2987621100.0,346.95,601549849031.81
000333,2021-04-02,85.5,87.11,88.5,84.9,291525.38,0.0042,2546245000.0,353.25,613379460952.37
000333,2021-04-06,87.16,84.38,87.7,84.0,257668.4,0.0037,2190978600.0,343.01,594156341581.46
000333,2021-04-07,84.38,82.72,84.49,81.88,299774.66,0.0044,2467818300.0,336.79,582467558374.24
000333,2021-04-08,82.51,82.68,82.92,81.95,182114.06,0.0026,1502129000.0,336.64,582185900947.56
000333,2021-04-09,82.98,80.45,82.98,80.24,322385.56,0.004699999999999999,2610503400.0,328.28,566483499410.15
000333,2021-04-12,80.3,79.3,81.26,79.0,252774.87,0.0037,2012933400.0,323.96,558385848393.1
000333,2021-04-13,78.95,78.69,79.82,78.12,213628.28,0.0031,1686748599.9999998,321.68,554090572636.23
000333,2021-04-14,78.97,80.13,80.63,78.89,210692.29,0.0031,1685738000.0,327.08,564230239996.71
000333,2021-04-15,80.13,80.28,81.0,78.96,174452.81,0.0025,1393503599.9999998,327.64,565286455346.76
000333,2021-04-16,80.3,79.9,80.6,78.9,153478.18,0.0022,1222574500.0,326.21,562610709793.3
000333,2021-04-19,80.0,81.67,82.11,79.0,267593.56,0.0039000000000000003,2175802600.0,332.85,575074050923.89
000333,2021-04-20,81.08,80.98,81.5,80.03,231533.86,0.0034000000000000002,1866628000.0,330.26,570215460313.66
000333,2021-04-21,80.0,79.6,80.5,79.5,251906.06,0.0037,2010416400.0000002,325.09,560498279093.2
000333,2021-04-22,79.62,80.25,80.29,79.01,230968.78,0.0034000000000000002,1841507600.0,327.53,565075212276.75
000333,2021-04-23,80.42,83.86,84.0,80.26,451415.58,0.0066,3741273500.0,341.06,590494795034.62
000333,2021-04-26,84.24,80.03,85.0,79.91,418029.19,0.0060999999999999995,3424838100.0,326.7,563526096430.01
000333,2021-04-27,79.97,80.72,81.63,79.2,190000.53,0.0028000000000000004,1531692800.0,329.29,568384687040.24
000333,2021-04-28,81.0,81.55,81.7,80.08,179025.75,0.0026,1452688900.0000002,332.4,574229078643.85
000333,2021-04-29,82.06,83.43,84.25,81.87,298159.63,0.0043,2474034000.0,339.45,587466977697.81
000333,2021-04-30,84.7,80.17,84.7,79.8,582377.0,0.0085,4702118100.0,327.23,565012992231.9
000333,2021-05-06,78.31,77.56,79.77,77.49,491159.46,0.0070999999999999995,3841342500.0,317.44,546618531589.2
000333,2021-05-07,77.4,75.08,77.55,75.0,437295.14,0.0064,3308412800.0000005,308.14,529140270135.6
000333,2021-05-10,75.83,78.0,79.2,75.83,549439.86,0.008,4265793300.0,319.09,549719513460.0
000333,2021-05-11,77.16,78.34,79.0,76.59,273334.64,0.004,2127125400.0,320.36,552115726723.8
000333,2021-05-12,78.9,77.27,78.9,76.45,273410.35,0.004,2106351400.0000002,316.35,544574702628.9
000333,2021-05-13,76.12,75.15,76.5,75.0,329507.62,0.0048,2482149400.0,308.4,529633608160.5
000333,2021-05-14,75.3,76.44,76.57,73.62,304811.13,0.0044,2297770100.0,313.24,538725123190.8
000333,2021-05-17,77.0,78.4,79.35,76.88,418092.3,0.0060999999999999995,3276115000.0,320.59,552538587888.0
000333,2021-05-18,79.8,77.84,80.0,77.2,268555.15,0.0039000000000000003,2106345400.0,318.49,548591883688.8
000333,2021-05-19,77.05,77.33,77.76,76.5,225052.69,0.0033,1736145799.9999998,316.58,544997563793.1
000333,2021-05-20,79.0,80.7,80.86,77.57,735330.93,0.010700000000000001,5884598400.0,329.21,568748265849.0
000333,2021-05-21,81.1,81.55,83.1,80.87,502224.28,0.0073,4119755000.0,332.4,574738799008.5
000333,2021-05-24,82.63,82.2,83.0,80.95,360149.44,0.0052,2956298700.0,334.84,579112096104.0
000333,2021-05-25,82.97,83.28,84.2,82.34,417467.44,0.0060999999999999995,3478155200.0,338.89,586720868169.6
000333,2021-05-26,83.9,84.33,84.99,82.45,360381.91,0.0052,3021930600.0,342.83,594118285455.6
000333,2021-05-27,84.99,83.9,85.03,83.43,296156.6,0.0043,2486863200.0,341.21,591088866948.0
000333,2021-05-28,83.28,82.53,83.29,82.0,387415.14,0.005600000000000001,3196831599.9999995,336.08,581436998679.6
000333,2021-05-31,82.7,81.0,82.7,79.74,523951.01,0.0076,4208270600.0,330.34,570657904920.0
000333,2021-06-01,80.91,80.17,80.91,79.32,473370.82,0.0069,3776569500.0,327.23,564810422684.4
000333,2021-06-02,79.4,79.5,79.5,78.5,342846.54,0.005,2706286200.0,330.6,560090165940.0
000333,2021-06-03,79.5,77.93,79.84,77.48,416690.46,0.0060999999999999995,3262957900.0,324.71,549029265807.6
000333,2021-06-04,77.41,77.73,78.5,76.53,283066.03,0.0040999999999999995,2194931000.0,323.96,547620233943.6
000333,2021-06-07,77.75,76.78,77.77,76.15,277274.99,0.004,2124176500.0,320.4,540927332589.6
000333,2021-06-08,76.9,76.02,77.3,75.63,320893.44,0.004699999999999999,2446270900.0,317.55,535573011506.4
000333,2021-06-09,76.27,75.59,76.62,75.2,251380.05,0.0037,1900479900.0,315.94,532543592998.8
000333,2021-06-10,75.7,75.4,75.94,74.9,320755.63,0.004699999999999999,2419455700.0,315.23,531205012728.0
000333,2021-06-11,75.4,74.0,75.6,73.51,465213.67,0.0068000000000000005,3444045500.0,309.98,521341789680.0
000333,2021-06-15,73.87,73.24,74.5,72.0,445900.3,0.006500000000000001,3245305100.0,307.13,515987468596.8
000333,2021-06-16,73.9,75.0,75.26,73.2,449701.85,0.006500000000000001,3359892700.0,313.73,528386949000.0
000333,2021-06-17,75.2,73.46,75.33,73.3,299292.38,0.0043,2214198300.0,307.95,517537403647.2
000333,2021-06-18,73.33,73.8,74.21,72.16,388178.63,0.005600000000000001,2831313000.0,309.23,519932757816.0
000333,2021-06-21,73.82,72.0,73.83,71.17,477386.43,0.0069,3450150400.0,302.48,507251471040.0
000333,2021-06-22,71.9,71.28,72.88,70.88,410341.69,0.006,2942649300.0,299.78,502178956329.6
000333,2021-06-23,71.21,73.17,73.29,70.7,434043.58,0.0063,3139531900.0,306.86,515494307444.4
000333,2021-06-24,74.5,73.2,74.5,72.71,287028.16,0.0042,2103271900.0,306.98,515705662224.0
000333,2021-06-25,73.57,73.17,73.78,72.58,412552.01,0.006,3019079400.0,306.86,515494307444.4
000333,2021-06-28,73.18,73.21,73.9,72.5,306845.68,0.0045000000000000005,2240502700.0,307.01,515967349172.28
000333,2021-06-29,73.78,71.46,73.8,71.24,349799.11,0.0051,2518377800.0,300.45,503633749103.28
000333,2021-06-30,71.1,71.37,71.9,70.85,284444.13,0.0040999999999999995,2022265600.0,300.11,503026335463.86
000333,2021-07-01,71.3,73.24,73.39,70.56,446417.83,0.006500000000000001,3221962199.9999995,307.13,516206372556.72
000333,2021-07-02,72.63,71.1,72.75,70.66,403184.36,0.0059,2873257100.0,299.1,501123335455.8
000333,2021-07-05,70.28,68.2,70.37,66.78,780811.02,0.0113,5309270100.0,288.23,480683705739.6
000333,2021-07-06,67.66,68.61,69.35,66.81,410636.62,0.006,2802133700.0,289.76,483573446492.58
000333,2021-07-07,68.95,70.39,71.95,68.61,559597.61,0.008100000000000001,3961974000.0,296.44,496171771208.99
000333,2021-07-08,70.0,70.0,70.79,68.86,359770.37,0.0052,2508845300.0,294.98,493422701870.0
000333,2021-07-09,69.55,69.2,70.58,68.71,290798.3,0.0042,2016604900.0,291.98,487783585277.2
000333,2021-07-12,69.64,70.7,71.5,68.92,404955.49,0.0059,2860148800.0,297.6,498356928888.7
000333,2021-07-13,70.78,72.8,73.33,70.58,474532.41,0.0069,3430086400.0,305.48,513159609944.8
000333,2021-07-14,72.45,72.0,72.8,71.56,334055.15,0.0048,2405155800.0,302.48,507520493352.0
000333,2021-07-15,72.0,71.17,72.35,70.61,319702.43,0.0046,2276242700.0,299.36,501817787838.18
000333,2021-07-16,71.3,69.7,71.3,68.8,456910.25,0.0066,3180537700.0,293.85,491452856713.8
000333,2021-07-19,69.79,70.14,70.3,68.6,305611.68,0.0044,2124892100.0,295.5,494555285077.56
000333,2021-07-20,69.66,69.61,70.22,69.01,230947.8,0.0034000000000000002,1603201099.9999998,293.51,490818269093.94
000333,2021-07-21,69.72,67.99,69.92,67.81,515186.57,0.0075,3525935800.0,287.44,479395691936.46
000333,2021-07-22,67.99,68.3,69.89,66.98,428837.59,0.0062,2952043800.0,288.6,481581493738.2
000333,2021-07-23,68.3,66.96,68.88,66.51,424513.36,0.0062,2851914800.0,283.58,472133189175.84
000333,2021-07-26,65.58,64.68,66.07,63.87,570128.81,0.0083,3709400700.0,275.03,456056969472.72
000333,2021-07-27,64.67,61.4,64.98,61.4,618698.75,0.009000000000000001,3893777300.0,262.73,432929776215.6
000333,2021-07-28,61.4,63.28,63.8,61.11,477829.07,0.0069,2994650500.0,269.78,446185606497.12
000333,2021-07-29,64.5,63.3,64.5,62.63,392712.65,0.005699999999999999,2485962600.0,269.85,446326625968.2
000333,2021-07-30,63.09,63.51,64.08,61.96,419778.74,0.0060999999999999995,2648624000.0,270.64,447807330414.54
000333,2021-08-02,63.5,66.08,66.66,62.58,544452.6,0.0079,3553099500.0,280.28,465928332448.32
000333,2021-08-03,65.5,70.92,72.26,65.18,899927.68,0.0131,6224743100.000001,298.43,500055044449.68
000333,2021-08-04,70.4,69.99,71.68,69.73,426362.29,0.0062,3000695800.0,294.94,493497639044.46
000333,2021-08-05,69.45,69.9,71.61,69.09,453382.68,0.0066,3201066000.0,294.6,492863051424.6
000333,2021-08-06,70.0,70.35,71.05,68.05,344817.66,0.005,2410494000.0,296.29,496035989523.9
000333,2021-08-09,69.6,72.47,73.5,69.37,513619.21,0.0075,3711851400.0,304.24,510984053458.38
000333,2021-08-10,72.1,72.85,72.85,70.83,323715.45,0.004699999999999999,2326129700.0,305.66,513663423408.9
000333,2021-08-11,72.34,71.93,73.55,71.87,285607.14,0.0040999999999999995,2073013800.0,302.21,507176527739.22
000333,2021-08-12,71.5,70.92,72.47,70.6,305392.65,0.0044,2176736600.0,298.43,500055044449.68
000333,2021-08-13,70.92,71.61,71.98,69.8,303013.04,0.0044,2153012700.0,301.01,504920216201.94
000333,2021-08-16,71.61,74.99,75.45,71.45,663055.82,0.0096,4925830200.0,313.69,528925828201.86
000333,2021-08-17,74.98,73.4,75.5,73.11,414103.11,0.006,3078533200.0,307.73,517711105347.6
000333,2021-08-18,73.39,74.5,75.0,72.7,326173.17,0.004699999999999999,2419424700.0,311.85,525469718643.0
000333,2021-08-19,74.96,71.94,75.28,71.87,328662.21,0.0048,2403024400.0,302.25,507413309519.16
000333,2021-08-20,70.99,72.0,72.49,69.79,301298.22,0.0044,2143875700.0,302.48,507836506608.0
000333,2021-08-23,71.7,70.61,72.55,70.13,242164.01,0.0034999999999999996,1715543000.0,297.26,498032440716.54
000333,2021-08-24,70.2,70.5,71.15,68.18,387440.22,0.005600000000000001,2700934800.0,296.85,497256579387.0
000333,2021-08-25,70.1,69.15,70.7,69.0,253518.79,0.0037,1761336900.0,291.79,482757487684.65
000333,2021-08-26,69.14,67.93,69.65,67.51,305609.14,0.0044,2082846700.0000002,287.21,474240291228.03
000333,2021-08-27,67.93,67.8,68.98,67.38,245560.8,0.0036,1670326400.0000002,286.73,473332721113.8
000333,2021-08-30,67.95,65.98,68.11,65.31,453444.2,0.0066,2990768900.0,279.9,460626739514.58
000333,2021-08-31,65.9,66.0,67.89,65.26,319641.02,0.004699999999999999,2120020200.0,279.98,460766365686.0
000333,2021-09-01,66.51,69.15,69.85,65.18,541204.72,0.0079,3688604099.9999995,291.79,482757487684.65
000333,2021-09-02,69.58,69.19,69.58,67.85,427612.83,0.0063,2930294699.9999995,291.94,483036740027.49
000333,2021-09-03,68.97,70.04,70.13,68.2,286807.84,0.0042,1995822400.0,295.13,488970852312.84
000333,2021-09-06,70.12,72.12,73.24,70.11,396106.16,0.0058,2853866000.0,302.93,503491974140.52
000333,2021-09-07,72.7,73.02,73.93,71.81,389370.22,0.005699999999999999,2852011300.0,306.3,509775151854.42
000333,2021-09-08,73.0,72.72,73.65,72.21,266823.59,0.0039000000000000003,1945966099.9999998,305.18,507680759283.12
000333,2021-09-09,72.72,72.02,73.35,71.23,223508.46,0.0033,1611240100.0,302.55,502793843283.42
000333,2021-09-10,72.02,72.4,73.0,71.1,210795.81,0.0031,1520883800.0,303.98,505446740540.4
000333,2021-09-13,72.32,70.98,72.69,70.73,212937.72,0.0031,1519720200.0,298.65,495533282369.58
000333,2021-09-14,71.0,68.43,71.4,68.21,307033.35,0.0045000000000000005,2132022300.0,289.09,477730945513.53
000333,2021-09-15,68.01,66.52,68.42,65.8,396306.58,0.0058,2652852000.0,281.93,464396646142.92
000333,2021-09-16,66.52,65.95,67.18,65.8,294662.22,0.0043,1952956800.0,279.79,460417300257.45
000333,2021-09-17,66.36,68.26,68.28,66.09,260977.37,0.0038,1757915200.0,288.45,476544123056.46
000333,2021-09-22,67.0,66.08,67.3,65.88,239677.87,0.0034999999999999996,1589166500.0,280.28,461324870371.68
000333,2021-09-23,66.76,66.79,67.1,66.0,199430.38,0.0029,1327533700.0,282.94,466281599457.09
000333,2021-09-24,66.5,67.2,68.2,66.09,273724.09,0.004,1841748599.9999998,284.48,469143935971.2
000333,2021-09-27,67.19,68.7,70.39,66.77,332664.6,0.0049,2292141600.0,290.1,479615898827.7
000333,2021-09-28,68.07,70.27,70.5,67.31,347514.38,0.0051,2424146000.0,295.99,490576553284.17
000333,2021-09-29,69.95,70.27,70.9,69.28,295308.2,0.0043,2075477400.0,295.99,490576553284.17
000333,2021-09-30,70.27,69.6,71.13,69.5,218791.16,0.0032,1537243000.0,293.48,485899076541.6
000333,2021-10-08,70.2,72.5,72.58,69.75,416133.73,0.0060999999999999995,2987690500.0,304.35,506144871397.5
000333,2021-10-11,72.7,71.08,73.1,71.08,234492.47,0.0034000000000000002,1683573299.9999998,299.03,496231413226.68
000333,2021-10-12,71.11,71.62,72.58,70.08,215990.19,0.0032,1548732700.0,301.05,500001319855.02
000333,2021-10-13,72.0,71.0,72.22,70.25,160558.9,0.0024,1139319600.0,298.73,495672908541.0
000333,2021-10-14,71.03,70.13,71.62,69.65,162333.58,0.0024,1143450700.0,295.46,489599170084.23
000333,2021-10-15,71.0,71.0,71.78,70.36,204251.07,0.003,1447693599.9999998,298.73,495672908541.0
000333,2021-10-18,71.0,69.62,71.0,69.0,219018.73,0.0032,1524555400.0,293.55,486038702713.02
000333,2021-10-19,69.31,69.88,70.46,69.05,181044.97,0.0027,1265164900.0,294.53,487853842941.48
000333,2021-10-20,70.0,68.07,70.5,68.02,302766.09,0.0044,2074541300.0,287.74,475217674427.97
000333,2021-10-21,68.28,69.68,69.79,68.04,205973.02,0.003,1416973700.0,293.78,486457581227.28
000333,2021-10-22,69.97,74.5,75.0,69.95,819479.36,0.012,6030294100.0,311.85,520107488539.5
000333,2021-10-25,73.99,72.4,74.3,71.6,430581.06,0.0063,3124400500.0,303.98,505446740540.4
000333,2021-10-26,71.75,70.02,71.98,70.02,396448.1,0.0058,2798221900.0,295.05,488831226141.42
000333,2021-10-27,69.06,67.0,69.45,67.0,678497.0,0.009899999999999999,4597497900.0,283.73,467747674257.0
000333,2021-10-28,66.5,68.12,68.35,66.04,277978.6,0.0040999999999999995,1876958700.0,287.93,475566739856.52
000333,2021-10-29,67.43,68.77,69.5,67.3,282021.16,0.0040999999999999995,1933712600.0,290.36,480104590427.67
000333,2021-11-01,71.27,72.81,73.92,70.65,748110.69,0.011000000000000001,5437920500.0,305.51,508309077054.51
000333,2021-11-02,72.81,70.81,73.39,70.38,339795.98,0.005,2430850400.0,298.01,494346459912.51
000333,2021-11-03,70.03,69.32,71.5,69.32,221362.9,0.0032,1550205600.0,292.43,483944310141.72
000333,2021-11-04,70.0,70.72,71.24,69.49,236740.66,0.0034999999999999996,1667235000.0,297.68,493718142141.12
000333,2021-11-05,70.31,70.75,71.81,69.79,186306.32,0.0027,1321929400.0,297.79,493927581398.25
000333,2021-11-08,70.63,70.44,70.96,69.8,149609.96,0.0022,1051452000.0,296.63,491763375741.24
000333,2021-11-09,70.35,69.0,70.35,68.37,227670.37,0.0033,1571550500.0,291.23,481710291399.0
000333,2021-11-10,68.69,69.58,69.8,68.02,237357.91,0.0034999999999999996,1632341300.0,293.4,485759450370.18
000333,2021-11-11,69.19,72.04,72.36,68.9,363320.28,0.0053,2604623000.0,302.63,502933469454.84
000333,2021-11-12,71.88,72.17,73.88,71.6,266143.92,0.0039000000000000003,1929374900.0,303.11,503841039569.07
000333,2021-11-15,72.0,72.48,73.0,71.5,214973.17,0.0032,1553116099.9999998,304.28,506005245226.08
000333,2021-11-16,73.0,72.73,73.5,72.39,211401.9,0.0031,1540309600.0,305.21,507750572368.83
000333,2021-11-17,72.25,72.11,73.2,71.52,143903.3,0.0021,1039576300.0,302.89,503422161054.81
000333,2021-11-18,71.83,70.22,71.84,69.98,194134.31,0.0028000000000000004,1370784000.0,295.8,490227487855.62
000333,2021-11-19,70.22,70.0,70.5,69.31,251029.95,0.0037,1750975600.0,294.98,488691599970.0
000333,2021-11-22,69.73,69.95,70.28,69.5,229662.39,0.0034000000000000002,1602179700.0,294.79,488342534541.45
000333,2021-11-23,69.94,69.47,69.94,69.02,224157.18,0.0033,1554230500.0,292.99,484991506427.37
000333,2021-11-24,70.15,70.15,70.37,69.02,252709.93,0.0037,1761908000.0,295.54,489738796255.65
000333,2021-11-25,70.0,69.14,70.0,69.08,181103.45,0.0027,1254877500.0,291.75,482687674598.94
000333,2021-11-26,69.0,68.81,69.45,68.58,140483.78,0.0021,969361300.0,290.51,480383842770.51
000333,2021-11-29,67.99,68.17,68.58,67.72,200021.0,0.0029,1361366099.9999998,288.11,476291326615.24
000333,2021-11-30,67.86,67.78,69.15,67.67,195436.71,0.0029,1332560700.0,286.65,473339671090.22
000333,2021-12-01,67.67,68.16,68.2,67.2,180101.01,0.0026,1220013300.0,288.08,475993390107.84
000333,2021-12-02,67.38,67.74,67.97,67.11,172928.4,0.0025,1169569300.0,286.5,473060332246.26
000333,2021-12-03,67.71,67.16,67.71,66.68,217091.79,0.0032,1455435300.0,284.33,469009919008.84
000333,2021-12-06,67.16,68.57,68.78,67.11,281560.18,0.0040999999999999995,1927815500.0,289.61,478856613258.43
000333,2021-12-07,69.1,70.23,70.4,69.1,459961.0,0.0067,3221759600.0,295.84,490449175282.77
000333,2021-12-08,70.39,69.99,70.45,69.0,244486.18,0.0036,1705575400.0,294.94,488773142219.01
000333,2021-12-09,71.5,72.22,72.75,70.88,587205.74,0.0086,4231464699.9999995,303.3,504346282769.78
000333,2021-12-10,71.66,71.9,72.4,70.7,297742.71,0.0044,2133466200.0,302.1,502111572018.1
000333,2021-12-13,72.75,72.95,75.27,72.52,543929.76,0.008,4021351599.9999995,306.04,509444216672.05
000333,2021-12-14,72.25,71.05,72.48,71.05,253301.23,0.0037,1813446500.0,298.91,496175621583.95
000333,2021-12-15,70.99,70.35,71.41,70.18,165669.27,0.0024,1169764100.0,296.29,491287191814.65
000333,2021-12-16,70.45,70.4,70.88,69.82,153603.53,0.0023,1077897200.0,296.48,491636365369.6
000333,2021-12-17,70.09,68.7,70.26,68.7,204678.41,0.003,1419353400.0,290.1,479764464501.3
000333,2021-12-20,68.88,69.62,70.34,68.81,206579.79,0.003,1440391900.0,293.55,486189257912.38
000333,2021-12-21,69.61,71.65,72.13,69.5,317596.6,0.004699999999999999,2268444000.0,301.16,500365704243.35
000333,2021-12-22,71.45,71.53,71.9,70.03,224831.08,0.0033,1595253299.9999998,300.71,499527687711.47
000333,2021-12-23,71.09,71.87,72.87,71.0,196541.81,0.0029,1412657000.0,301.99,501902067885.13
000333,2021-12-24,71.33,72.16,72.25,70.83,163774.82,0.0024,1174612500.0,303.08,503927274503.84
000333,2021-12-27,72.2,73.05,74.0,71.9,275623.36,0.004,2020201800.0,306.41,510273138392.4
000333,2021-12-28,73.05,75.18,75.46,73.05,512720.47,0.0075,3839791500.0,314.4,525151739142.24
000333,2021-12-29,75.0,74.01,75.55,73.75,215842.58,0.0032,1603790700.0,310.01,516978986617.68
000333,2021-12-30,74.0,73.96,74.5,73.18,218290.08,0.0032,1615514300.0,309.83,516629723689.28
000333,2021-12-31,73.9,73.81,74.44,72.78,216733.93,0.0032,1593276800.0,309.26,515678277325.64
000333,2022-01-04,74.0,75.36,75.5,73.6,310408.01,0.0045000000000000005,2323005400.0,315.08,526507451283.84
000333,2022-01-05,75.4,76.27,79.83,74.74,613699.22,0.009000000000000001,4743653600.0,318.49,532865224381.88
000333,2022-01-06,75.81,74.98,78.19,74.8,341889.49,0.005,2599839600.0,313.65,523852557023.12
000333,2022-01-07,75.48,77.78,78.48,75.01,437220.85,0.0064,3393184300.0,324.15,543414935786.32
000333,2022-01-10,78.2,77.8,80.88,77.0,352521.63,0.0052,2760629600.0,324.23,543554667063.2
000333,2022-01-11,77.02,75.6,78.82,75.5,336945.29,0.0049,2592315700.0,315.98,528184226606.4
000333,2022-01-12,76.09,74.28,76.32,73.03,384641.29,0.005600000000000001,2852050500.0,311.03,518961962332.32
000333,2022-01-13,74.58,72.32,75.36,72.2,267325.85,0.0039000000000000003,1957650600.0,303.68,505268297198.08
000333,2022-01-14,72.1,72.0,72.85,71.4,209969.9,0.0031,1516106900.0,302.48,503032596768.0
000333,2022-01-17,72.1,73.03,73.44,71.72,203811.36,0.003,1481637500.0,306.34,510228757527.32
000333,2022-01-18,72.81,73.3,73.68,72.02,213077.18,0.0031,1554810600.0,307.35,512115129765.2
000333,2022-01-19,73.7,75.23,76.19,73.46,404010.59,0.0059,3035602700.0,314.59,525599197984.12
000333,2022-01-20,75.19,78.62,78.8,75.11,506621.97,0.0074,3941616599.9999995,327.3,549283649415.28
000333,2022-01-21,78.12,77.41,78.82,76.63,302262.21,0.0044,2345227600.0,322.76,540829907164.04
000333,2022-01-24,76.8,77.08,79.03,76.5,169130.71,0.0025,1307756700.0,321.53,538524341095.52
000333,2022-01-25,76.8,75.85,78.8,75.22,251851.51,0.0037,1938021200.0,316.91,529930867567.4
000333,2022-01-26,76.47,76.51,77.53,75.54,179965.04,0.0026,1376378700.0,319.39,534541999704.44
000333,2022-01-27,75.75,74.82,76.77,74.51,258965.59,0.0038,1951701400.0000002,313.05,522734706808.08
000333,2022-01-28,74.83,73.2,76.0,73.03,269219.24,0.0039000000000000003,1996946200.0,306.98,511416473380.8
000333,2022-02-07,74.5,74.7,75.64,73.38,212957.84,0.0031,1582887100.0,312.6,521896319146.8
000333,2022-02-08,74.4,74.3,74.9,73.0,252227.89,0.0037,1858705300.0,311.1,519101693609.2
000333,2022-02-09,74.6,76.59,77.07,73.9,308211.3,0.0045000000000000005,2329350900.0,319.69,535100924811.96
000333,2022-02-10,76.1,73.65,76.61,73.5,400938.08,0.0059,2986309600.0,308.66,514560427110.6
000333,2022-02-11,73.15,74.14,74.6,72.48,263156.15,0.0039000000000000003,1943208599.9999998,310.5,517983843394.16
000333,2022-02-14,73.5,73.0,73.53,71.6,198336.4,0.0029,1443390300.0,306.23,510019160612.0
000333,2022-02-15,72.72,72.03,73.3,71.9,226625.61,0.0033,1639397300.0,302.59,503242193683.32
000333,2022-02-16,72.18,73.3,73.49,71.8,189392.58,0.0028000000000000004,1380576800.0,307.35,512115129765.2
000333,2022-02-17,73.01,72.27,73.8,72.11,177123.19,0.0026,1288420200.0,303.49,504918969005.88
000333,2022-02-18,71.79,73.0,73.14,71.31,153925.11,0.0023,1114787700.0,306.23,510019160612.0
000333,2022-02-21,72.8,72.7,72.82,72.0,107090.58,0.0016,776053600.0,305.1,507923191458.8
000333,2022-02-22,72.1,70.17,72.15,69.25,363014.46,0.0053,2550080200.0,295.61,490247184933.48
000333,2022-02-23,70.05,70.48,70.64,69.7,195985.6,0.0029,1377756700.0000002,296.78,492413019725.12
000333,2022-02-24,69.52,68.3,69.76,67.46,418996.69,0.0060999999999999995,2867573800.0,288.6,477182310545.2
000333,2022-02-25,68.75,68.12,68.95,67.81,224170.97,0.0033,1528873800.0,287.93,475924729053.28
000333,2022-02-28,67.5,66.72,67.62,65.5,483623.95,0.0070999999999999995,3207726500.0,282.68,466143539671.68
000333,2022-03-01,66.61,68.33,68.39,65.68,406334.96,0.0059,2724504800.0,288.71,477391907460.52
000333,2022-03-02,67.5,66.92,67.5,66.2,247869.34,0.0036,1658320799.9999998,283.43,467540852440.48
000333,2022-03-03,67.25,66.67,67.25,65.95,262305.56,0.0038,1743964900.0,282.49,465794211479.48
000333,2022-03-04,65.95,65.6,66.33,65.09,305204.27,0.0045000000000000005,2001514100.0,278.48,458318588166.4
000333,2022-03-07,64.58,62.51,64.58,62.04,476452.42,0.006999999999999999,2998946599.9999995,266.89,436730105888.44
000333,2022-03-08,61.9,59.76,63.0,59.7,577686.7,0.0085,3513393100.0,256.58,417517055317.44
000333,2022-03-09,59.28,59.52,60.01,56.61,562758.07,0.008199999999999999,3289964699.9999995,255.68,415840279994.88
000333,2022-03-10,61.21,58.87,61.39,58.12,473628.69,0.0069,2809518500.0,253.24,411762479109.8
000333,2022-03-11,58.3,59.38,59.67,57.33,356389.96,0.0052,2080976800.0,255.15,415329641745.2
000333,2022-03-14,58.02,56.69,59.09,56.69,319186.08,0.004699999999999999,1851362800.0,245.06,396514607452.6
000333,2022-03-15,56.2,54.4,57.23,54.28,499267.66,0.0073,2779415600.0,236.48,380497347776.0
000333,2022-03-16,56.2,56.99,57.31,54.25,529457.81,0.0077,2962039200.0,246.19,398612938414.6
000333,2022-03-17,59.44,58.7,59.68,57.61,522664.37,0.0076,3071637100.0,252.6,410573424898.0
000333,2022-03-18,58.7,58.9,59.01,57.65,368393.05,0.0054,2148265100.0,253.35,411972312206.0
000333,2022-03-21,59.03,58.45,59.55,58.0,306417.15,0.0045000000000000005,1798629600.0,251.66,408824815763.0
000333,2022-03-22,58.1,58.58,58.94,58.02,194039.69,0.0028000000000000004,1134303600.0,252.15,409734092513.2
000333,2022-03-23,58.73,58.0,58.86,57.93,243737.29,0.0036,1418166000.0,249.98,405677319320.0
000333,2022-03-24,57.5,57.58,57.82,57.11,236786.7,0.0034999999999999996,1361843500.0,248.4,402739655973.2
000333,2022-03-25,57.59,56.09,57.92,56.05,252163.69,0.0037,1430819600.0,242.81,392317945528.6
000333,2022-03-28,55.87,55.8,56.16,54.8,215852.82,0.0032,1198968600.0,241.73,390289558932.0
000333,2022-03-29,56.11,54.65,56.23,54.46,252429.58,0.0037,1391082000.0,237.41,382245956911.0
000333,2022-03-30,54.99,57.0,57.0,54.95,339002.53,0.005,1899860100.0,246.23,398682882780.0
000333,2022-03-31,56.9,57.0,57.2,56.22,251335.97,0.0037,1428403900.0000002,246.23,398682882780.0
000333,2022-04-01,56.5,58.6,59.24,55.81,457752.0,0.0067,2655473500.0,252.23,409873981244.0
000333,2022-04-06,58.05,58.41,59.18,57.9,307532.0,0.0045000000000000005,1798592400.0,251.51,408545038301.4
000333,2022-04-07,57.65,57.7,59.12,57.61,269420.0,0.0039000000000000003,1567999000.0,248.85,403578988358.0
000333,2022-04-08,57.7,57.33,57.92,56.84,226827.0,0.0033,1297780200.0,247.46,400991046838.2
000333,2022-04-11,57.45,55.36,57.47,55.27,338124.0,0.0049,1894585200.0,240.08,387212006854.4
000333,2022-04-12,55.74,57.44,57.5,55.29,297175.0,0.0043,1671057300.0,247.88,401760434857.6
000333,2022-04-13,56.98,56.57,57.45,56.43,211987.0,0.0031,1206396800.0,244.61,395675275067.8
000333,2022-04-14,57.02,58.72,59.08,57.02,427417.0,0.0062,2497101900.0,252.68,410713313628.8
000333,2022-04-15,58.32,58.65,59.3,58.16,212421.0,0.0031,1246877200.0,252.41,410223703071.0
000333,2022-04-18,58.5,57.57,58.5,57.53,154682.0,0.0023,893259000.0,248.36,402669711607.8
000333,2022-04-19,57.65,57.3,58.15,57.06,168495.0,0.0025,971057200.0,247.35,401089412908.2
000333,2022-04-20,57.75,57.56,58.89,57.0,216628.0,0.0032,1255101300.0,248.33,402750396063.96
000333,2022-04-21,57.1,56.03,57.99,55.6,280000.0,0.0040999999999999995,1586256600.0,242.59,392044904299.23
000333,2022-04-22,55.6,56.97,57.52,54.68,244698.0,0.0036,1373768000.0,246.11,398622134533.77
000333,2022-04-25,56.55,55.07,57.49,55.03,325601.0,0.0048,1837475000.0,238.99,385327732995.87
000333,2022-04-26,55.07,51.79,55.47,51.51,632046.0,0.0092,3336916900.0,226.69,362377397709.39
000333,2022-04-27,50.73,53.1,53.35,50.5,375710.0,0.0055000000000000005,1983750300.0,231.6,371543537717.1
000333,2022-04-28,53.5,53.28,53.7,52.07,252589.0,0.0037,1335819800.0,232.28,372803007336.48
000333,2022-04-29,54.0,57.09,57.29,53.28,575241.0,0.0084,3198610300.0000005,246.56,399461780946.69
000333,2022-05-05,58.05,58.7,59.38,57.85,467907.0,0.0068000000000000005,2748594300.0,252.6,410727036986.7
000333,2022-05-06,57.6,58.2,58.5,57.39,212170.0,0.0031,1232140900.0,250.73,407228510266.2
000333,2022-05-09,57.25,56.36,57.52,55.77,215297.0,0.0031,1216418100.0,243.83,394353931934.76
000333,2022-05-10,55.23,56.6,56.89,55.0,300571.0,0.0044,1689113800.0,244.73,396033224760.6
000333,2022-05-11,56.48,56.68,57.5,56.0,359115.0,0.0052,2038556200.0,245.03,396592989035.88
000333,2022-05-12,56.58,55.74,56.58,55.28,225791.0,0.0033,1261668400.0,241.5,390015758801.34
000333,2022-05-13,56.52,57.01,57.17,56.2,244320.0,0.0036,1386786800.0,246.26,398902016671.41
000333,2022-05-16,57.52,56.2,58.75,55.55,286645.0,0.0042,1624257200.0,243.23,393234403384.2
000333,2022-05-17,56.0,57.39,57.5,55.7,228314.0,0.0033,1301041300.0,247.69,401560896978.99
000333,2022-05-18,57.5,56.63,57.67,55.92,222697.0,0.0033,1258738700.0,244.84,396243136363.83
000333,2022-05-19,55.79,55.82,56.19,55.33,201959.0,0.003,1125169400.0,241.8,390575523076.62
000333,2022-05-20,55.9,56.9,57.12,55.36,266085.0,0.0039000000000000003,1502431000.0,245.85,398132340792.9
000333,2022-05-23,56.35,54.31,56.5,54.09,557831.0,0.008199999999999999,3054327100.0,236.14,380009972380.71
000333,2022-05-24,54.06,53.79,54.69,53.55,263463.0,0.0038,1425290700.0,234.19,376371504591.39
000333,2022-05-25,53.5,53.4,53.8,53.0,221974.0,0.0032,1182899100.0,232.73,373642653749.4
000333,2022-05-26,53.4,53.82,54.08,51.8,423828.0,0.0062,2242918300.0,234.3,376581416194.62
000333,2022-05-27,54.43,53.12,54.79,53.01,352557.0,0.0052,1897823200.0,231.68,371683478785.92
000333,2022-05-30,53.15,53.4,53.8,53.01,216385.0,0.0032,1152606800.0,232.73,373642653749.4
000333,2022-05-31,53.49,54.48,54.48,53.1,355099.0,0.0052,1910341900.0,236.78,381199471465.68
000333,2022-06-01,54.3,54.27,54.77,53.85,292058.0,0.0043,1584914300.0,235.99,379730090243.07
000333,2022-06-02,52.76,52.56,52.78,52.08,275846.0,0.004,1445923299.9999998,235.83,367765128858.96
000333,2022-06-06,52.58,52.79,52.93,51.58,365209.0,0.0053,1916117600.0,236.7,369374451150.39
000333,2022-06-07,52.5,53.0,53.13,52.1,291695.0,0.0043,1540591800.0,237.48,370843832373.0
000333,2022-06-08,53.01,52.99,53.8,52.53,362977.0,0.0053,1921801500.0,237.45,370773861838.59
000333,2022-06-09,52.85,52.38,53.15,52.19,286836.0,0.0042,1507869000.0,235.16,366505659239.58
000333,2022-06-10,52.11,52.25,52.34,51.75,300349.0,0.0044,1563195300.0,234.67,365596042292.25
000333,2022-06-13,51.8,51.06,51.85,50.66,404263.0,0.0059,2064281800.0,230.21,357269548697.46
000333,2022-06-14,50.3,51.43,51.56,50.12,348424.0,0.0051,1764306400.0000002,231.6,359858458470.63
000333,2022-06-15,51.12,54.44,55.0,51.12,915078.0,0.0134,4906858800.0,242.88,380919589328.04
000333,2022-06-16,54.47,53.83,54.93,53.49,359382.0,0.0053,1942251700.0000002,240.6,376651386729.03
000333,2022-06-17,53.03,54.76,55.41,52.52,538134.0,0.0079,2909185800.0,244.08,383158646429.16
000333,2022-06-20,55.16,57.06,57.55,55.16,765309.0,0.011200000000000002,4349794700.0,252.71,399251869343.46
000333,2022-06-21,57.1,57.29,58.39,56.65,537077.0,0.0078000000000000005,3093973200.0,253.57,400861191634.89
000333,2022-06-22,57.27,56.0,57.27,56.0,297211.0,0.0043,1674082900.0,248.73,391834992696.0
000333,2022-06-23,55.96,55.99,56.47,55.3,304532.0,0.0044,1698132600.0,248.7,391765022161.59
000333,2022-06-24,55.99,57.8,58.95,55.76,732011.0,0.010700000000000001,4236370500.0,255.48,404429688889.8
000333,2022-06-27,58.3,59.1,60.08,58.3,581584.0,0.0085,3454900600.0,260.36,413525858363.1
000333,2022-06-28,59.6,59.1,59.6,58.45,322522.0,0.004699999999999999,1902451600.0,260.36,413525858363.1
000333,2022-06-29,59.48,59.27,60.64,59.21,420723.0,0.0060999999999999995,2520771100.0,261.0,414715357448.07
000333,2022-06-30,59.36,60.39,60.66,59.0,370539.0,0.0054,2223920700.0,265.2,422568700785.99
000333,2022-07-01,60.19,58.79,60.19,58.16,337857.0,0.0049,1992141900.0,259.2,411372974320.39
000333,2022-07-04,57.54,59.97,60.06,57.54,313750.0,0.0046,1867732500.0,263.62,419629822588.77
000333,2022-07-05,59.75,59.54,61.49,58.9,283847.0,0.0040999999999999995,1695670000.0,262.01,416620971101.14
000333,2022-07-06,60.05,59.28,61.03,58.67,307640.0,0.0045000000000000005,1828885000.0,261.03,414817481454.48
000333,2022-07-07,59.02,58.7,59.8,58.5,197472.0,0.0029,1165987900.0,258.86,410758875866.7
000333,2022-07-08,59.12,58.58,59.12,57.9,227250.0,0.0033,1326085900.0,258.41,409919164365.78
000333,2022-07-11,58.26,58.9,59.2,57.72,273547.0,0.004,1600533200.0,259.61,412158395034.9
000333,2022-07-12,59.05,60.1,60.88,59.05,408104.0,0.006,2451083800.0,264.11,420576735020.2
000333,2022-07-13,60.08,58.3,60.25,58.03,387901.0,0.005699999999999999,2277523800.0,257.36,407980426816.6
000333,2022-07-14,59.0,56.2,59.19,55.85,545200.0,0.008,3101127500.0,249.48,393288830892.4
000333,2022-07-15,55.8,55.2,56.58,55.15,302679.0,0.0044,1686983200.0,245.73,386290808990.4
000333,2022-07-18,55.2,55.29,55.88,54.0,235494.0,0.0034000000000000002,1297826100.0,246.07,386920630961.58
000333,2022-07-19,55.1,55.03,55.66,54.76,197097.0,0.0029,1084831600.0,245.1,385101145267.06
000333,2022-07-20,55.47,55.43,56.35,55.1,217052.0,0.0032,1207951200.0,246.6,387900354027.86
000333,2022-07-21,55.5,54.89,55.9,54.8,163847.0,0.0024,902059299.9999999,244.57,384121422200.78
000333,2022-07-22,54.65,55.09,55.47,54.3,186461.0,0.0027,1022771000.0,245.32,385521026581.18
000333,2022-07-25,55.1,56.45,56.72,55.01,360274.0,0.0053,2023496099.9999998,250.42,395038336367.9
000333,2022-07-26,56.5,57.4,57.86,56.37,263042.0,0.0038,1507831200.0,253.98,401686457174.8
000333,2022-07-27,57.2,55.92,57.25,55.77,244410.0,0.0036,1372601200.0,248.43,391329384759.84
000333,2022-07-28,56.0,55.75,56.14,55.51,146147.0,0.0021,815071100.0,247.8,390139721036.5
000333,2022-07-29,55.95,54.98,56.2,54.78,237474.0,0.0034999999999999996,1312270400.0,244.91,384751244171.96
000333,2022-08-01,55.25,54.61,55.3,54.08,186467.0,0.0027,1017042200.0,243.52,382161976068.22
000333,2022-08-02,54.08,53.6,54.1,52.9,260486.0,0.0038,1393045300.0,239.73,375093973947.2
000333,2022-08-03,53.21,52.25,54.01,52.08,318780.0,0.004699999999999999,1682530000.0,234.67,365646644379.5
000333,2022-08-04,52.4,52.5,52.77,52.1,135291.0,0.002,709252600.0,235.61,367396149855.0
000333,2022-08-05,52.74,52.97,52.97,52.08,198191.0,0.0029,1039336000.0,237.37,370685220148.94
000333,2022-08-08,52.55,52.43,52.97,52.33,218082.0,0.0032,1144520100.0,235.35,366906288321.86
000333,2022-08-09,52.45,52.66,53.06,52.25,160516.0,0.0023,846230200.0,236.21,368515833359.32
000333,2022-08-10,52.63,51.83,52.63,51.77,163024.0,0.0024,847521300.0,233.1,362707475180.66
000333,2022-08-11,52.3,52.92,52.98,51.88,229539.0,0.0034000000000000002,1206195900.0,237.18,370335319053.84
000333,2022-08-12,52.71,53.16,53.46,52.43,169879.0,0.0025,899862100.0000001,238.08,372014844310.32
000333,2022-08-15,53.17,52.8,53.6,52.52,183235.0,0.0027,969855800.0,236.73,369495556425.6
000333,2022-08-16,52.82,52.6,52.89,52.3,163357.0,0.0024,858701200.0,235.98,368095952045.2
000333,2022-08-17,52.66,53.43,53.88,52.11,238435.0,0.0034999999999999996,1266823800.0,239.1,373904310223.86
000333,2022-08-18,53.1,52.62,53.25,52.41,140885.0,0.0021,742672200.0,236.06,368235912483.24
000333,2022-08-19,52.68,52.61,52.81,52.25,132153.0,0.0019,695288700.0,236.02,368165932264.22
000333,2022-08-22,52.46,53.04,53.55,52.29,238176.0,0.0034999999999999996,1266026500.0,237.63,371175081682.08
000333,2022-08-23,52.95,52.12,53.1,52.0,220349.0,0.0032,1151798200.0,234.18,364736901532.24
000333,2022-08-24,52.1,51.39,52.18,51.31,215842.0,0.0032,1113905700.0,231.45,359628345543.78
000333,2022-08-25,51.39,52.23,52.41,50.97,209893.0,0.0031,1083006100.0,234.6,365506683941.46
000333,2022-08-26,52.48,52.23,52.66,51.89,160406.0,0.0023,837907700.0,234.6,365506683941.46
000333,2022-08-29,51.6,52.28,52.87,51.51,164561.0,0.0024,857943900.0,234.78,365856585036.56
000333,2022-08-30,52.49,52.3,53.21,52.08,202708.0,0.003,1065091300.0,234.86,365996545474.6
000333,2022-08-31,52.1,53.24,53.65,52.09,462838.0,0.0068000000000000005,2459353200.0,238.38,372574686062.48
000333,2022-09-01,53.23,55.11,55.5,53.23,642105.0,0.009399999999999999,3521209400.0,245.4,385660987019.22
000333,2022-09-02,55.11,53.65,55.11,53.17,367460.0,0.0054,1976289200.0000002,239.92,375443875042.3
000333,2022-09-05,53.1,53.8,54.0,52.88,190275.0,0.0028000000000000004,1017336600.0,240.48,376493578327.6
000333,2022-09-06,53.81,53.46,54.21,53.4,177962.0,0.0026,953823600.0,239.21,374114250880.92
000333,2022-09-07,53.67,53.05,53.69,52.98,209953.0,0.0031,1116835900.0,237.67,371245061901.1
000333,2022-09-08,53.05,53.37,53.75,53.05,153657.0,0.0022,822398900.0,238.87,373484428909.74
000333,2022-09-09,53.37,55.44,55.63,53.26,523881.0,0.0076,2884912100.0,246.63,387970334246.88
000333,2022-09-13,55.44,56.49,56.9,55.07,346024.0,0.0051,1947119400.0,250.57,395318257243.98
000333,2022-09-14,55.5,55.93,56.25,55.4,187473.0,0.0027,1046314900.0,248.47,391399364978.86
000333,2022-09-15,55.89,56.34,57.2,55.69,289698.0,0.0042,1636891099.9999998,250.01,394268553958.68
000333,2022-09-16,55.99,55.12,56.1,54.9,259940.0,0.0038,1439024700.0,245.43,385730967238.24
000333,2022-09-19,54.67,54.98,55.44,54.12,203600.0,0.003,1115777300.0,244.91,384751244171.96
000333,2022-09-20,54.85,53.52,55.1,53.3,350660.0,0.0051,1883992900.0,239.43,374534132195.04
000333,2022-09-21,54.43,52.85,54.46,52.34,267752.0,0.0039000000000000003,1414578700.0,236.92,369845457520.7
000333,2022-09-22,52.74,51.5,52.75,51.29,401432.0,0.0059,2075058500.0,231.86,360398127953.0
000333,2022-09-23,51.11,51.34,51.89,51.0,175176.0,0.0026,899511400.0,231.26,359278444448.68
000333,2022-09-26,51.0,51.05,52.0,50.89,205533.0,0.003,1055235700.0000001,230.17,357249018097.1
000333,2022-09-27,51.15,51.68,51.88,50.3,247650.0,0.0036,1268264700.0,232.53,361657771895.36
000333,2022-09-28,51.5,51.17,51.77,51.1,135577.0,0.002,697308200.0000001,230.62,358088780725.34
000333,2022-09-29,51.47,50.5,51.76,50.3,253195.0,0.0037,1286757800.0,228.11,353400106051.0
000333,2022-09-30,50.13,49.31,50.57,49.31,355638.0,0.0052,1767860100.0,223.65,345208609730.0
000333,2022-10-10,49.31,48.7,49.99,48.46,260145.0,0.0038,1282724400.0,221.36,340938132100.0
000333,2022-10-11,48.69,48.37,48.85,48.0,220037.0,0.0032,1061344400.0,220.12,338627873710.0
000333,2022-10-12,48.05,48.27,48.3,47.0,240971.0,0.0034999999999999996,1147459200.0,219.75,337927795410.0
000333,2022-10-13,47.99,47.06,48.0,47.01,277454.0,0.004,1314811900.0,215.21,329456847980.0
000333,2022-10-14,47.25,47.99,48.25,47.1,313388.0,0.0046,1498957700.0,218.7,335967576170.0
000333,2022-10-17,47.71,47.67,47.85,47.3,235017.0,0.0034000000000000002,1116822600.0,217.5,333727325610.0
000333,2022-10-18,47.98,47.44,48.15,47.33,270086.0,0.0039000000000000003,1286487100.0,216.63,332117145520.0
000333,2022-10-19,47.36,45.22,47.36,45.17,556549.0,0.008100000000000001,2560635800.0,208.31,316575407260.0
000333,2022-10-20,44.8,44.38,45.28,43.86,366478.0,0.0053,1635034400.0,205.16,310694749540.0
000333,2022-10-21,44.39,44.0,44.78,43.77,272432.0,0.004,1202555600.0,203.73,308034452000.0
000333,2022-10-24,43.7,42.39,44.32,42.3,459169.0,0.0067,1972598599.9999998,197.7,296549803797.93
000333,2022-10-25,42.8,42.02,42.95,41.98,414401.0,0.006,1755695100.0,196.31,293961376635.74
000333,2022-10-26,42.2,42.46,43.21,42.16,362814.0,0.0053,1546847300.0,197.96,297039506234.02
000333,2022-10-27,42.7,42.58,43.0,42.3,226403.0,0.0033,965896200.0,198.41,297878996124.46
000333,2022-10-28,42.21,40.76,42.38,40.62,401750.0,0.0059,1664548599.9999998,191.58,285146732786.12
000333,2022-10-31,40.73,40.18,40.8,40.1,345535.0,0.005,1396541400.0000002,189.41,281089198315.66
000333,2022-11-01,40.58,41.6,41.6,40.09,480671.0,0.006999999999999999,1965965700.0,194.73,291023162019.2
000333,2022-11-02,41.4,42.08,42.6,41.22,380199.0,0.0055000000000000005,1594626000.0,196.53,294381121580.96
000333,2022-11-03,41.8,41.58,41.87,41.2,288535.0,0.0042,1197662700.0,194.66,290883247037.46
000333,2022-11-04,41.63,43.09,43.35,41.58,457491.0,0.0067,1955851200.0,200.32,301446828158.83
000333,2022-11-07,43.0,43.06,43.26,42.51,331596.0,0.0048,1424760600.0,200.21,301236955686.22
000333,2022-11-08,43.12,43.0,43.29,42.58,305582.0,0.0045000000000000005,1312592100.0,199.98,300817210741.0
000333,2022-11-09,43.39,43.04,43.85,42.95,229904.0,0.0034000000000000002,995215200.0,200.13,301097040704.48
000333,2022-11-10,42.75,42.97,42.98,42.53,223054.0,0.0033,954033800.0,199.87,300607338268.39
000333,2022-11-11,44.53,45.63,46.2,43.71,828835.0,0.0121,3734773500.0,209.85,319216030839.81
000333,2022-11-14,47.92,47.8,49.11,47.3,1000204.0,0.0146,4791202400.0,217.98,334396806358.6
000333,2022-11-15,48.5,49.07,49.58,47.7,512288.0,0.0075,2501777000.0,222.75,343281407699.09
000333,2022-11-16,49.4,48.46,49.4,48.16,259926.0,0.0038,1264628000.0,220.46,339014000756.02
000333,2022-11-17,48.39,47.96,49.1,47.68,192846.0,0.0028000000000000004,927024400.0,218.58,335516126212.52
000333,2022-11-18,48.36,47.97,48.54,47.68,160676.0,0.0023,772609900.0,218.62,335586083703.39
000333,2022-11-21,47.47,46.34,47.47,46.24,345234.0,0.005,1604372700.0,212.51,324183012691.58
000333,2022-11-22,46.4,46.3,47.04,45.9,235692.0,0.0034000000000000002,1092152100.0,212.36,323903182728.1
000333,2022-11-23,46.23,46.28,46.54,46.02,142552.0,0.0021,659509299.9999999,212.28,323763267746.36
000333,2022-11-24,46.75,45.91,47.2,45.78,213800.0,0.0031,987544000.0,210.9,321174840584.17
000333,2022-11-25,45.91,46.69,47.09,45.83,246975.0,0.0036,1150838900.0,213.82,326631524872.03
000333,2022-11-28,45.68,46.29,46.45,45.23,226551.0,0.0033,1036165200.0,212.32,323833225237.23
000333,2022-11-29,48.0,48.42,48.78,46.92,389287.0,0.005699999999999999,1868786000.0,220.31,338734170792.54
000333,2022-11-30,48.18,47.87,48.98,47.49,272876.0,0.004,1310967700.0,218.25,334886508794.69
000333,2022-12-01,48.81,48.31,49.33,48.27,276045.0,0.004,1344223500.0,219.9,337964638392.97
000333,2022-12-02,48.04,48.04,48.6,47.76,170150.0,0.0025,818020500.0,218.88,336075786139.48
000333,2022-12-05,48.49,49.7,50.0,48.4,361068.0,0.0053,1785930100.0,225.11,347688729623.9
000333,2022-12-06,49.69,50.0,50.66,49.02,325270.0,0.004699999999999999,1629245799.9999998,226.23,349787454350.0
000333,2022-12-07,50.0,51.25,51.68,49.5,436564.0,0.0064,2229128200.0,230.92,358532140708.75
000333,2022-12-08,51.35,51.75,52.48,50.84,390780.0,0.005699999999999999,2028801600.0,232.8,362030015252.25
000333,2022-12-09,51.96,54.3,54.33,51.81,699406.0,0.0102,3745342800.0000005,242.36,379869175424.1
000333,2022-12-12,53.7,54.43,54.97,53.3,466633.0,0.0068000000000000005,2533376200.0,242.85,380778622805.41
000333,2022-12-13,54.21,53.95,54.4,53.65,306193.0,0.0045000000000000005,1650838599.9999998,241.05,377420663243.65
000333,2022-12-14,53.45,54.89,55.06,53.45,260850.0,0.0038,1420701000.0,244.57,383996667385.43
000333,2022-12-15,54.9,53.63,55.8,53.25,278043.0,0.0040999999999999995,1498675200.0,239.85,375182023535.81
000333,2022-12-16,53.28,54.0,54.15,52.77,197450.0,0.0029,1058833000.0,241.23,377770450698.0
000333,2022-12-19,54.0,53.68,54.38,53.28,160764.0,0.0023,864239600.0000001,240.03,375582635697.28
000333,2022-12-20,53.0,51.57,53.09,51.55,272454.0,0.004,1417537700.0,232.12,360819607356.72
000333,2022-12-21,51.29,51.68,52.49,51.29,130742.0,0.0019,679673000.0,232.53,361589243905.28
000333,2022-12-22,51.94,52.2,53.28,51.77,228123.0,0.0033,1199123100.0,234.48,365227525771.2
000333,2022-12-23,51.98,52.38,53.15,51.43,163439.0,0.0024,860296600.0,235.16,366486931032.48
000333,2022-12-26,52.68,51.5,52.88,51.36,153879.0,0.0022,795665100.0,231.86,360329838644.0
000333,2022-12-27,51.79,52.94,53.03,51.41,173391.0,0.0025,911438700.0,237.26,370405080734.24
000333,2022-12-28,52.43,52.05,52.75,51.9,163229.0,0.0024,852152400.0,233.92,364178021386.8
000333,2022-12-29,51.62,51.73,52.19,51.02,119951.0,0.0018,619844900.0,232.72,361939078700.08
000333,2022-12-30,51.8,51.8,52.5,51.7,127733.0,0.0019,665300200.0,232.98,362428847412.8
000333,2023-01-03,52.0,51.88,52.23,51.23,163628.0,0.0024,846525399.9999999,233.28,363018527182.88
000333,2023-01-04,51.69,53.75,53.83,51.65,261341.0,0.0038,1390708599.9999998,240.3,376103427835.0
000333,2023-01-05,54.0,54.91,54.99,53.95,294217.0,0.0043,1608128800.0,244.65,384220264603.16
000333,2023-01-06,54.97,54.01,55.16,53.91,195001.0,0.0028000000000000004,1058139200.0,241.27,377922718834.76
000333,2023-01-09,54.1,54.11,54.45,53.4,204277.0,0.003,1101325500.0,241.65,378622446142.36
000333,2023-01-10,53.99,53.5,54.4,53.43,154340.0,0.0023,829875399.9999999,239.36,374354109566.0
000333,2023-01-11,53.45,54.5,55.18,53.4,214610.0,0.0031,1171606300.0,243.11,381351382642.0
000333,2023-01-12,54.3,54.77,55.0,54.01,145818.0,0.0021,797908700.0,244.12,383240646372.52
000333,2023-01-13,54.87,55.95,56.0,54.5,265803.0,0.0039000000000000003,1471250799.9999998,248.55,391497428602.2
000333,2023-01-16,56.03,57.7,58.36,56.02,330181.0,0.0048,1899010900.0,255.11,403742656485.2
000333,2023-01-17,57.69,58.0,58.18,57.15,188114.0,0.0027,1087194800.0,256.23,405841838408.0
000333,2023-01-18,58.0,57.6,58.5,57.37,130358.0,0.0019,751785500.0,254.73,403042929177.6
000333,2023-01-19,57.46,57.38,57.55,56.7,194679.0,0.0028000000000000004,1110365700.0,253.91,401503529100.88
000333,2023-01-20,57.46,57.08,57.84,56.96,108608.0,0.0016,621198700.0,252.78,399404347178.08
000333,2023-01-30,57.44,55.65,58.08,55.59,256196.0,0.0037,1445902200.0,247.42,389398246679.4
000333,2023-01-31,55.4,55.2,56.15,55.0,232598.0,0.0034000000000000002,1290578200.0,245.73,386249473795.2
000333,2023-02-01,55.29,55.5,55.99,54.45,267247.0,0.0039000000000000003,1474820000.0,246.86,388348655718.0
000333,2023-02-02,55.45,53.96,55.6,53.62,367678.0,0.0054,1990832600.0,241.08,377572855180.96
000333,2023-02-03,53.7,53.31,53.95,52.86,208300.0,0.003,1109569900.0,238.65,373024627681.56
000333,2023-02-06,52.81,51.25,52.81,51.08,421857.0,0.0062,2172642000.0,230.92,358610245145.0
000333,2023-02-07,51.36,51.5,51.7,51.1,209009.0,0.003,1075310700.0,231.86,360359563414.0
000333,2023-02-08,51.39,51.01,51.5,50.86,191018.0,0.0028000000000000004,976761600.0,230.02,356930899606.76
000333,2023-02-09,50.8,51.53,51.73,50.49,227383.0,0.0033,1167989700.0,231.97,360569481606.28
000333,2023-02-10,51.35,51.62,51.75,51.29,139889.0,0.002,720948200.0000001,232.31,361199236183.12
000333,2023-02-13,51.5,52.44,52.58,51.03,306391.0,0.0045000000000000005,1588991500.0,235.38,366937000105.44
000333,2023-02-14,52.45,52.21,52.65,51.81,214375.0,0.0031,1116499100.0,234.52,365327627297.96
000333,2023-02-15,52.2,51.35,52.21,51.18,179488.0,0.0026,924114000.0,231.3,359309972452.6
000333,2023-02-16,51.1,51.28,51.75,50.8,216987.0,0.0032,1115558800.0,231.03,358820163337.28
000333,2023-02-17,51.05,51.38,51.5,51.02,158066.0,0.0023,811189200.0,231.41,359519890644.88
000333,2023-02-20,51.5,53.3,53.69,51.11,383136.0,0.005600000000000001,2019572900.0,238.61,372954654950.8
000333,2023-02-21,53.3,53.54,53.8,52.73,256493.0,0.0037,1369820900.0,239.51,374634000489.04
000333,2023-02-22,53.0,52.78,53.18,52.41,229115.0,0.0033,1208465900.0,236.66,369316072951.28
000333,2023-02-23,52.79,53.37,53.88,52.79,240107.0,0.0034999999999999996,1283774500.0,238.87,373444464066.12
000333,2023-02-24,53.18,52.98,53.39,52.82,169278.0,0.0025,898514500.0,237.41,370715527566.48
000333,2023-02-27,52.6,52.4,52.98,51.86,169471.0,0.0025,888727899.9999999,235.23,366657109182.4
000333,2023-02-28,52.02,52.46,53.14,52.02,194045.0,0.0028000000000000004,1019960500.0,235.46,367076945566.96
000333,2023-03-01,52.51,54.62,54.99,52.51,432975.0,0.0063,2350200000.0,243.56,382191055411.12
000333,2023-03-02,54.6,54.85,55.68,54.15,255490.0,0.0037,1408679900.0,244.42,383800428218.6
000333,2023-03-03,55.25,55.2,55.84,54.66,197415.0,0.0029,1090871900.0,245.73,386249473795.2
000333,2023-03-06,54.84,53.83,55.0,53.81,259357.0,0.0038,1403695300.0,240.6,376663209681.08
000333,2023-03-07,53.84,52.86,54.37,52.7,194738.0,0.0028000000000000004,1041648700.0,236.96,369875854797.36
000333,2023-03-08,52.65,52.29,52.8,52.07,144948.0,0.0021,759112000.0,234.82,365887409144.04
000333,2023-03-09,52.29,52.7,53.25,52.27,130131.0,0.0019,688042500.0,236.36,368756291105.2
000333,2023-03-10,52.24,51.15,52.5,51.02,192134.0,0.0028000000000000004,991798900.0,230.55,357910517837.4
000333,2023-03-13,51.01,52.06,52.24,51.0,194837.0,0.0028000000000000004,1009855800.0,233.96,364278036336.56
000333,2023-03-14,51.72,51.15,51.91,50.7,165011.0,0.0024,844706500.0,230.55,357910517837.4
000333,2023-03-15,51.5,50.46,51.63,50.4,209456.0,0.0031,1067097800.0,227.96,353082399414.96
000333,2023-03-16,50.08,50.04,50.39,49.65,121820.0,0.0018,610120800.0,226.38,350143544723.04
000333,2023-03-17,50.5,50.33,51.18,50.06,201231.0,0.0029,1018389800.0,227.47,352172753915.08
000333,2023-03-20,50.18,50.44,51.13,50.1,163015.0,0.0024,826038600.0,227.88,352942453953.44
000333,2023-03-21,50.55,52.1,52.14,50.55,231466.0,0.0034000000000000002,1191368500.0,234.11,364557927259.6
000333,2023-03-22,52.2,51.7,52.27,51.3,135542.0,0.002,700825300.0,232.61,361759018029.2
000333,2023-03-23,51.48,51.82,52.0,51.39,123790.0,0.0018,641022800.0,233.06,362598690798.32
000333,2023-03-24,51.82,52.09,52.17,51.64,132776.0,0.0019,689957500.0,234.07,364487954528.84
000333,2023-03-27,52.09,51.85,52.46,51.7,127683.0,0.0019,663222000.0,233.17,362808608990.6
000333,2023-03-28,51.7,51.09,52.08,51.06,128679.0,0.0019,660858700.0,230.32,357490681452.84
000333,2023-03-29,51.38,51.4,51.57,51.1,128030.0,0.0019,656903300.0,231.48,359659836106.4
000333,2023-03-30,51.35,54.47,54.8,51.3,571574.0,0.0083,3061435500.0,243.0,381141464449.72
000333,2023-03-31,54.11,53.81,54.62,53.36,277888.0,0.0040999999999999995,1500198900.0000002,240.52,376523264219.56
000333,2023-04-03,55.0,54.69,55.4,54.2,373915.0,0.0055000000000000005,2056019800.0,243.82,382680864526.44
000333,2023-04-04,54.5,54.63,54.72,53.75,179891.0,0.0026,975597300.0,243.6,382261028141.88
000333,2023-04-06,54.42,54.02,55.0,53.75,152435.0,0.0022,827518300.0,241.31,377992691565.52
000333,2023-04-07,53.91,54.68,55.27,53.91,158641.0,0.0023,869954400.0,243.78,382610891795.68
000333,2023-04-10,54.4,54.76,55.06,54.01,156493.0,0.0023,853817600.0,244.08,383170673641.76
000333,2023-04-11,54.41,55.84,56.37,54.4,324366.0,0.004699999999999999,1815026800.0,248.13,390727728563.84
000333,2023-04-12,55.84,55.5,56.75,55.4,223025.0,0.0033,1251325800.0,246.86,388348655718.0
000333,2023-04-13,55.05,54.14,55.29,54.14,182595.0,0.0027,994810200.0,241.76,378832364334.64
000333,2023-04-14,54.18,53.94,54.65,53.83,142124.0,0.0021,771635300.0,241.01,377432909719.44
000333,2023-04-17,53.91,55.42,55.58,53.89,262280.0,0.0038,1444699500.0,246.56,389280979617.66
000333,2023-04-18,55.2,56.78,57.4,55.17,387063.0,0.005600000000000001,2197663200.0,251.66,398692055365.68
000333,2023-04-19,56.78,56.08,57.25,56.05,191887.0,0.0028000000000000004,1084909600.0,249.03,393776866236.48
000333,2023-04-20,56.18,57.04,58.04,56.18,367949.0,0.0053,2114956900.0,252.63,400517697042.24
000333,2023-04-21,57.4,56.85,58.6,56.75,398924.0,0.0058,2311553700.0,251.92,399183574278.6
000333,2023-04-24,56.2,57.03,58.75,56.01,339921.0,0.0049,1960933700.0,252.6,400447480054.68
000333,2023-04-25,57.0,57.65,58.04,55.65,429621.0,0.0062,2450369700.0,254.92,404800933283.4
000333,2023-04-26,57.02,56.7,57.35,55.97,239342.0,0.0034999999999999996,1357589700.0,251.36,398130319465.2
000333,2023-04-27,56.17,57.26,57.75,56.17,157771.0,0.0023,898336300.0,253.46,402062470768.56
000333,2023-04-28,57.25,56.78,57.35,56.21,156906.0,0.0023,891005800.0,251.66,398692055365.68
000333,2023-05-04,57.22,56.58,58.45,55.85,268566.0,0.0039000000000000003,1525949900.0,250.91,397287715614.48
000333,2023-05-05,56.4,55.33,56.4,54.08,342123.0,0.005,1879206700.0000002,246.22,388510592169.48
000333,2023-05-08,55.33,55.01,55.99,54.47,208722.0,0.003,1151128800.0,245.02,386263648567.56
000333,2023-05-09,54.8,54.8,55.56,54.01,181394.0,0.0026,995439000.0,244.23,384789091828.8
000333,2023-05-10,54.5,55.4,56.0,53.88,174626.0,0.0025,965082200.0,246.48,389002111082.4
000333,2023-05-11,55.55,55.45,56.72,55.34,126225.0,0.0018,706492000.0,246.67,389353196020.2
000333,2023-05-12,55.33,55.82,57.49,55.31,165590.0,0.0024,935578500.0,248.06,391951224559.92
000333,2023-05-15,55.86,56.59,56.74,55.01,140666.0,0.002,786957000.0,250.95,397357932602.04
000333,2023-05-16,56.59,55.35,57.24,55.11,136126.0,0.002,760273900.0,246.3,388651026144.6
000333,2023-05-17,55.22,55.02,56.4,54.81,90763.0,0.0013,501402400.0,245.06,386333865555.12
000333,2023-05-18,55.15,55.0,55.42,54.55,110695.0,0.0016,609452700.0,244.98,386193431580.0
000333,2023-05-19,54.66,55.8,56.86,54.66,203843.0,0.003,1140023100.0,247.98,391810790584.8
000333,2023-05-22,55.8,56.71,56.95,55.8,151998.0,0.0022,860397300.0,251.4,398200536452.76
000333,2023-05-23,56.69,55.95,56.95,55.88,155851.0,0.0023,878179000.0,248.55,392864045398.2
000333,2023-05-24,55.82,53.6,55.89,53.5,266742.0,0.0039000000000000003,1447402700.0,239.73,376363053321.6
000333,2023-05-25,53.4,54.01,54.49,52.68,171434.0,0.0025,923732899.9999999,241.27,379268011526.91
000333,2023-05-26,54.01,54.26,54.45,53.48,111661.0,0.0016,602101000.0,242.21,381023556849.66
000333,2023-05-29,54.27,53.45,54.69,53.08,174334.0,0.0025,936727500.0,239.17,375335590003.95
000333,2023-05-30,53.45,52.33,53.66,51.79,320846.0,0.004699999999999999,1678415600.0,234.97,367470746958.03
000333,2023-05-31,52.59,51.33,52.7,51.1,280650.0,0.0040999999999999995,1445385200.0,231.22,360448565667.03
000333,2023-06-01,49.02,48.89,49.8,48.53,348935.0,0.0051,1711949700.0,231.26,343314443316.99
000333,2023-06-02,50.0,51.8,52.1,49.99,499392.0,0.0073,2566107500.0,242.17,363748990873.8
000333,2023-06-05,52.51,53.94,54.15,51.59,399400.0,0.0058,2119332000.0,250.2,378776458836.54
000333,2023-06-06,53.94,54.21,55.31,53.05,342618.0,0.005,1866611000.0,251.21,380672447785.11
000333,2023-06-07,55.5,55.25,55.77,54.49,369087.0,0.0054,2035955400.0,255.11,387975516327.75
000333,2023-06-08,55.7,56.89,57.11,55.2,475531.0,0.0069,2680031400.0,261.26,399491893644.99
000333,2023-06-09,57.5,56.11,57.76,55.77,410652.0,0.006,2319633400.0,258.33,394014592238.01
000333,2023-06-12,56.12,57.35,57.82,55.7,396210.0,0.0058,2256003400.0,262.98,402722097038.85
000333,2023-06-13,57.26,56.61,57.77,56.26,248501.0,0.0036,1409611800.0,260.21,397525682883.51
000333,2023-06-14,57.23,57.08,57.98,56.62,360007.0,0.0052,2057761099.9999998,261.97,400826108090.28
000333,2023-06-15,57.26,58.0,58.58,57.01,312765.0,0.0045000000000000005,1814552100.0,265.42,407286514878.0
000333,2023-06-16,58.4,58.35,58.99,57.4,300061.0,0.0044,1745695200.0,266.73,409744278329.85
000333,2023-06-19,58.0,56.81,58.14,56.7,289110.0,0.0042,1651975799.9999998,260.96,398930119141.71
000333,2023-06-20,56.92,57.58,58.92,56.8,243810.0,0.0034999999999999996,1413907800.0,263.85,404337198735.78
000333,2023-06-21,58.0,58.28,59.6,57.4,451303.0,0.0066,2649838200.0,266.47,409252725639.48
000333,2023-06-26,59.83,58.14,59.95,57.8,335581.0,0.0049,1957482200.0,265.95,408269620258.74
000333,2023-06-27,58.22,59.69,60.15,57.88,481237.0,0.006999999999999999,2851634300.0,271.76,419154001259.79
000333,2023-06-28,59.45,59.7,60.52,59.21,327901.0,0.0048,1964640600.0,271.8,419224223072.7
000333,2023-06-29,59.72,59.14,59.79,58.22,276783.0,0.004,1635162200.0,269.7,415291801549.74
000333,2023-06-30,59.23,58.92,59.82,58.56,264876.0,0.0038,1563113100.0,268.87,413746921665.72
000333,2023-07-03,58.88,59.06,60.38,58.33,318762.0,0.0046,1892919800.0,269.4,414730027046.46
000333,2023-07-04,59.28,58.9,59.6,58.12,219446.0,0.0032,1290009400.0,268.8,413606478039.9
000333,2023-07-05,59.09,59.12,59.33,58.42,187016.0,0.0027,1103273100.0,269.62,415151357923.92
000333,2023-07-06,59.13,58.37,59.75,58.3,169577.0,0.0025,995554500.0,266.81,409884721955.67
000333,2023-07-07,58.04,57.75,58.59,57.2,293796.0,0.0043,1698410300.0,264.48,405530969555.25
000333,2023-07-10,57.82,56.63,57.93,56.04,320860.0,0.004699999999999999,1818167200.0,260.28,397666126509.33
000333,2023-07-11,56.8,56.66,57.08,56.4,158028.0,0.0023,896629000.0,260.4,397876791948.06
000333,2023-07-12,56.9,57.09,58.08,56.4,187815.0,0.0027,1079865900.0,262.01,400896329903.19
000333,2023-07-13,57.2,57.8,58.32,57.2,169307.0,0.0025,978559200.0,264.67,405882078619.8
000333,2023-07-14,57.75,57.46,58.27,57.02,105000.0,0.0015,603243700.0,263.4,403540715284.46
000333,2023-07-17,57.2,57.13,57.2,56.3,90425.0,0.0013,512387300.00000006,262.16,401223130250.63
000333,2023-07-18,57.4,56.74,57.4,55.67,239882.0,0.0034999999999999996,1351665300.0,260.7,398484166119.74
000333,2023-07-19,56.89,58.13,58.35,56.67,278044.0,0.004,1601948599.9999998,265.91,408246115201.63
000333,2023-07-20,57.9,57.53,58.65,57.44,140516.0,0.002,815686000.0,263.66,404032324231.03
000333,2023-07-21,57.55,57.13,58.08,56.99,120709.0,0.0018,693513000.0,262.16,401223130250.63
000333,2023-07-24,57.13,56.77,57.36,56.13,115888.0,0.0017000000000000001,657937800.0,260.81,398694855668.27
000333,2023-07-25,57.86,58.98,59.28,57.8,376481.0,0.0055000000000000005,2216891700.0,269.1,414215652409.98
000333,2023-07-26,58.81,58.58,59.54,58.48,187526.0,0.0027,1105031400.0,267.6,411406458429.58
000333,2023-07-27,58.55,58.48,59.12,58.35,151970.0,0.0022,893501900.0,267.22,410704159934.48
000333,2023-07-28,58.7,59.74,59.82,58.11,240041.0,0.0034999999999999996,1424164600.0,271.95,419553120972.74
000333,2023-07-31,60.95,59.32,61.3,59.15,325183.0,0.004699999999999999,1952524600.0,270.37,416603467293.32
000333,2023-08-01,59.32,58.25,59.69,58.13,204186.0,0.003,1197877300.0,266.36,409088873395.75
000333,2023-08-02,58.1,58.3,58.82,57.77,235436.0,0.0034000000000000002,1370719600.0,266.55,409440022643.3
000333,2023-08-03,57.98,57.98,58.2,56.99,233629.0,0.0034000000000000002,1344124500.0,265.35,407192667458.98
000333,2023-08-04,58.3,57.92,58.99,57.81,196637.0,0.0029,1147021000.0,265.12,406771288361.92
000333,2023-08-07,57.79,57.88,58.19,57.34,153707.0,0.0022,887391700.0,264.97,406490368963.88
000333,2023-08-08,57.5,57.0,57.55,56.96,136355.0,0.002,779253600.0,261.67,400310142207.0
000333,2023-08-09,57.19,57.56,57.7,57.04,151434.0,0.0022,868904100.0,263.77,404243013779.56
000333,2023-08-10,57.21,56.35,57.3,55.5,385305.0,0.005600000000000001,2159087500.0,259.23,395745201988.85
000333,2023-08-11,56.29,55.18,56.45,55.14,255333.0,0.0037,1419423200.0,254.85,387528309596.18
000333,2023-08-14,54.5,55.44,55.57,54.28,195167.0,0.0028000000000000004,1073370200.0,255.82,389354285683.44
000333,2023-08-15,55.31,55.16,55.56,54.6,163704.0,0.0024,901353400.0,254.77,387387849897.16
000333,2023-08-16,54.8,55.23,55.36,54.36,153587.0,0.0022,843256900.0,255.03,387879458843.73
000333,2023-08-17,54.9,55.84,55.94,54.53,152165.0,0.0022,842880600.0,257.32,392163479663.84
000333,2023-08-18,55.78,54.79,55.85,54.63,134638.0,0.002,741138400.0,253.38,384789345465.29
000333,2023-08-21,54.61,54.38,55.36,54.35,131172.0,0.0019,718680500.0,251.85,381909921635.38
000333,2023-08-22,54.3,54.37,54.68,53.41,230543.0,0.0033,1249497400.0,251.81,381839691785.87
000333,2023-08-23,54.12,53.72,54.66,53.6,157983.0,0.0023,854634900.0,249.37,377274751567.72
000333,2023-08-24,53.99,55.05,55.45,53.5,255836.0,0.0037,1398433400.0,254.36,386615321552.55
000333,2023-08-25,54.95,55.26,55.99,54.52,164728.0,0.0024,907722100.0000001,255.15,388090148392.26
000333,2023-08-28,57.3,56.16,57.98,55.78,288004.0,0.0042,1624044700.0,258.52,394410834848.16
000333,2023-08-29,55.88,56.05,56.49,55.55,217871.0,0.0032,1221870600.0,258.11,393638306503.55
000333,2023-08-30,56.04,56.82,57.18,55.71,233664.0,0.0034000000000000002,1323189400.0,261.0,399046004915.82
000333,2023-08-31,57.3,56.51,57.8,56.48,280838.0,0.0040999999999999995,1596999000.0,259.83,396868879581.01
000333,2023-09-01,57.0,57.93,58.5,56.99,266506.0,0.0039000000000000003,1541478599.9999998,265.16,406841518211.43
000333,2023-09-04,58.5,58.22,58.8,57.62,200900.0,0.0029,1169057300.0,266.25,408878183847.22
000333,2023-09-05,58.26,57.78,58.49,57.61,153090.0,0.0022,887170800.0,264.6,405788070468.78
000333,2023-09-06,57.51,57.18,58.0,56.88,208883.0,0.003,1194824700.0,262.35,401574279498.18
000333,2023-09-07,57.09,56.57,57.12,56.5,136399.0,0.002,774015900.0,260.06,397290258678.07
000333,2023-09-08,56.74,56.08,56.83,55.81,84002.0,0.0012,471931200.0,258.22,393848996052.08
000333,2023-09-11,56.31,56.43,56.88,56.01,140721.0,0.002,793322700.0,259.53,396307040784.93
000333,2023-09-12,56.42,57.21,57.72,56.3,164034.0,0.0024,937947100.0000001,262.46,401784969046.71
000333,2023-09-13,57.1,57.0,57.54,56.7,107434.0,0.0016,613122100.0,261.67,400310142207.0
000333,2023-09-14,57.01,56.55,57.26,56.26,102895.0,0.0015,581688900.0,259.98,397149798979.05
000333,2023-09-15,56.64,55.79,56.69,55.3,164512.0,0.0024,917665600.0,257.13,391812330416.29
000333,2023-09-18,55.8,56.1,56.59,55.21,144278.0,0.0021,808841200.0,258.3,393989455751.1
000333,2023-09-19,55.99,56.05,56.15,55.45,123661.0,0.0018,689875000.0,258.11,393638306503.55
000333,2023-09-20,56.03,56.89,57.24,55.73,213801.0,0.0031,1210967100.0,261.26,399537613862.39
000333,2023-09-21,56.88,56.32,56.88,56.02,167691.0,0.0024,946858100.0,259.12,395534512440.32
000333,2023-09-22,56.59,57.05,57.11,56.17,221702.0,0.0032,1259327900.0,261.86,400661291454.55
000333,2023-09-25,56.89,56.63,56.89,56.23,166432.0,0.0024,941423300.0,260.28,397711637775.13
000333,2023-09-26,56.76,56.0,57.2,56.0,189349.0,0.0028000000000000004,1067479299.9999999,257.92,393287157256.0
000333,2023-09-27,56.0,56.19,56.66,55.43,188109.0,0.0027,1054884200.0,258.63,394621524396.69
000333,2023-09-28,56.39,55.48,56.5,55.41,170976.0,0.0025,953613300.0,255.97,390067188062.32
000333,2023-10-09,55.46,55.76,56.11,54.9,286595.0,0.0042,1591907100.0,257.02,392035804007.84
000333,2023-10-10,55.49,54.77,55.77,54.42,214996.0,0.0031,1179223500.0,253.31,385075340486.18
000333,2023-10-11,54.75,54.77,55.89,54.5,204184.0,0.003,1123573100.0,253.31,385075340486.18
000333,2023-10-12,55.0,55.28,55.48,54.61,176042.0,0.0026,970427700.0,255.22,388661033815.52
000333,2023-10-13,55.19,54.99,55.44,54.53,129960.0,0.0019,712981600.0,254.13,386622110157.66
000333,2023-10-16,54.8,55.08,55.41,54.8,150202.0,0.0022,826944800.0,254.47,387254879568.72
000333,2023-10-17,55.08,55.88,55.99,55.05,168302.0,0.0024,936368400.0,257.47,392879496555.92
000333,2023-10-18,55.68,55.47,55.89,55.21,106371.0,0.0015,590623200.0,255.93,389996880349.98
000333,2023-10-19,55.29,54.23,55.29,54.18,201961.0,0.0029,1103206400.0,251.28,381278724019.82
000333,2023-10-20,53.94,53.18,54.06,52.88,210898.0,0.0031,1123754100.0,247.35,373896414224.12
000333,2023-10-23,53.0,53.25,53.63,52.71,168644.0,0.0024,897561700.0,247.61,374388568210.5
000333,2023-10-24,53.01,53.18,53.49,52.2,250198.0,0.0036,1323069300.0,247.35,373896414224.12
000333,2023-10-25,53.79,52.42,54.01,52.14,258565.0,0.0038,1364767600.0,244.5,368553028086.28
000333,2023-10-26,52.22,52.51,52.72,52.03,151655.0,0.0022,794020500.0,244.83,369185797497.34
000333,2023-10-27,52.36,53.74,54.0,52.21,253188.0,0.0037,1352282900.0,249.45,377833646115.16
000333,2023-10-30,53.33,54.5,54.64,53.33,164885.0,0.0024,892765200.0,252.3,383177032253.0
000333,2023-10-31,54.3,52.92,54.3,52.7,238072.0,0.0034999999999999996,1263696600.0,246.37,372068413703.28
000333,2023-11-01,52.81,53.01,53.46,52.7,189338.0,0.0027,1004719400.0,246.71,372701183114.34
000333,2023-11-02,53.0,53.18,54.41,52.81,200855.0,0.0029,1072266200.0,247.35,373896414224.12
000333,2023-11-03,53.12,52.8,53.35,52.72,177406.0,0.0026,939971100.0,245.92,371224721155.2
000333,2023-11-06,53.0,53.14,53.3,52.7,249182.0,0.0036,1322403100.0,247.2,373615183374.76
000333,2023-11-07,53.1,53.1,53.28,52.58,188982.0,0.0027,999762800.0,247.05,373333952525.4
000333,2023-11-08,52.65,52.85,52.99,52.51,213857.0,0.0031,1128009300.0,246.11,371576259716.9
000333,2023-11-09,52.88,52.45,53.33,52.35,141469.0,0.0021,743811700.0,244.61,368763951223.3
000333,2023-11-10,52.3,52.7,52.86,52.25,130271.0,0.0019,685147800.0,245.55,370571185720.8
000333,2023-11-13,52.64,51.06,52.64,50.68,382916.0,0.005600000000000001,1957444200.0000002,239.4,359039179182.24
000333,2023-11-14,51.02,51.09,51.42,50.8,248028.0,0.0036,1266466600.0,239.51,358867144350.0
000333,2023-11-15,51.44,51.54,51.76,50.95,196363.0,0.0028000000000000004,1010108000.0,241.2,362028041100.0
000333,2023-11-16,51.4,51.75,52.19,51.31,216055.0,0.0031,1121013200.0,241.98,363503126250.0
000333,2023-11-17,51.6,51.86,51.97,51.21,135134.0,0.002,697252700.0,242.4,364275789900.0
000333,2023-11-20,51.54,52.43,52.9,51.54,182191.0,0.0026,955124700.0,244.53,368279592450.0
000333,2023-11-21,52.62,52.45,53.19,52.45,158459.0,0.0023,836507600.0,244.61,368420076750.0
000333,2023-11-22,52.45,52.15,52.6,51.9,97869.0,0.0014000000000000002,511071800.0,243.48,366312812250.0
000333,2023-11-23,52.15,52.76,52.93,51.85,101034.0,0.0015,529662600.0,245.77,370597583400.0
000333,2023-11-24,52.8,52.48,52.85,52.07,157245.0,0.0023,822539500.0,244.72,368630803200.0
000333,2023-11-27,52.43,51.97,52.43,51.75,159225.0,0.0023,827425500.0,242.81,365048453550.0
000333,2023-11-28,52.2,52.53,52.8,51.53,217876.0,0.0032,1138681600.0,244.91,368982013950.0
000333,2023-11-29,52.53,52.01,52.58,51.72,124265.0,0.0018,646048700.0,242.96,365329422150.0
000333,2023-11-30,51.81,51.67,52.0,51.41,128619.0,0.0019,664815300.0,241.68,362941189050.0
000333,2023-12-01,52.3,50.55,52.36,50.33,316050.0,0.0046,1604750700.0,237.48,355093398974.4
000333,2023-12-04,50.48,50.09,50.79,49.84,220587.0,0.0032,1107559900.0,235.76,351862084166.72
000333,2023-12-05,50.09,49.22,50.19,49.22,225103.0,0.0033,1120255600.0,232.5,345750684421.76
000333,2023-12-06,49.06,49.18,49.65,48.75,191141.0,0.0028000000000000004,942351400.0,232.35,345469700525.44
000333,2023-12-07,49.36,50.22,50.49,49.22,250219.0,0.0036,1251685100.0,236.25,352775281829.76
000333,2023-12-08,50.18,50.34,51.08,50.09,218113.0,0.0032,1102240000.0,236.7,353618233518.72
000333,2023-12-11,49.85,51.02,51.4,49.22,252015.0,0.0037,1272635700.0,239.25,358394959756.16
000333,2023-12-12,51.5,51.0,51.55,50.72,172048.0,0.0025,879672000.0,239.17,358254467808.0
000333,2023-12-13,50.9,50.69,50.99,50.51,128587.0,0.0019,652164500.0,238.01,356076842611.52
000333,2023-12-14,50.91,50.89,51.47,50.58,165634.0,0.0024,847402700.0,238.76,357481762093.12
000333,2023-12-15,50.51,50.33,51.1,50.3,204702.0,0.003,1034871700.0,236.66,353547987544.64
000333,2023-12-18,50.03,51.09,51.18,49.75,223075.0,0.0032,1133044700.0,239.51,358886681574.72
000333,2023-12-19,51.08,50.75,51.08,50.46,169545.0,0.0025,859776400.0,238.23,356498318456.0
000333,2023-12-20,50.75,51.03,51.4,50.52,254170.0,0.0037,1298397600.0,239.28,358465205730.24
000333,2023-12-21,51.22,52.02,52.28,50.87,274212.0,0.004,1422425500.0,243.0,365419557164.16
000333,2023-12-22,51.91,52.77,52.99,51.7,227281.0,0.0033,1194539700.0,245.81,370688005220.16
000333,2023-12-25,52.62,52.67,53.25,52.43,113150.0,0.0016,598032200.0,245.43,369985545479.36
000333,2023-12-26,52.62,52.8,53.23,52.53,161523.0,0.0023,855413700.0,245.92,370898743142.4
000333,2023-12-27,52.78,53.6,53.7,52.72,203069.0,0.0029,1081963200.0,248.92,376518421068.8
000333,2023-12-28,53.44,54.05,54.16,53.25,247280.0,0.0036,1331261000.0,250.61,379679489902.4
000333,2023-12-29,54.07,54.63,54.98,53.72,259373.0,0.0038,1410075000.0,252.78,383753756399.04
000333,2024-01-02,54.63,54.56,55.05,54.2,239057.0,0.0034999999999999996,1305162000.0,252.52,383325958004.0
000333,2024-01-03,54.59,54.45,54.8,54.1,206897.0,0.003,1126649700.0,252.11,382553123411.25
000333,2024-01-04,54.66,55.25,55.32,54.45,267025.0,0.0039000000000000003,1467886400.0000002,255.11,388173738631.25
000333,2024-01-05,55.2,55.6,56.08,54.85,300429.0,0.0044,1669357600.0,256.42,390632757790.0
000333,2024-01-08,55.6,55.0,55.6,54.62,278097.0,0.004,1531117700.0,254.17,386417296375.0
000333,2024-01-09,54.71,55.17,55.33,54.11,216070.0,0.0031,1184711700.0,254.81,387611677109.25
000333,2024-01-10,55.17,55.22,55.77,54.84,178208.0,0.0026,984854700.0,255.0,387962965560.5
000333,2024-01-11,55.22,55.0,55.49,54.73,212369.0,0.0031,1168392700.0,254.17,386417296375.0
000333,2024-01-12,54.9,55.0,55.71,54.58,243611.0,0.0034999999999999996,1343879900.0,254.17,386485221155.0
000333,2024-01-15,54.84,55.88,55.98,54.66,191241.0,0.0028000000000000004,1063527100.0000001,257.47,392668984693.48
000333,2024-01-16,55.61,56.92,56.95,55.1,337304.0,0.0049,1903147100.0,261.37,399977068875.32
000333,2024-01-17,56.63,56.37,57.29,56.37,269141.0,0.0039000000000000003,1530395100.0,259.31,396112216663.77
000333,2024-01-18,56.79,56.4,56.99,55.08,390231.0,0.005699999999999999,2175726500.0,259.42,396323026784.4
000333,2024-01-19,56.0,56.14,56.6,55.86,299370.0,0.0043,1681993900.0000002,258.45,394496005738.94
000333,2024-01-22,55.88,55.34,56.66,55.08,359803.0,0.0052,2017295100.0,255.45,388987193023.72
000333,2024-01-23,55.52,56.38,56.69,54.8,288485.0,0.0042,1612570200.0,259.35,396297396868.04
000333,2024-01-24,56.15,57.19,57.44,56.02,264637.0,0.0038,1503303900.0000002,262.38,401990921016.02
000333,2024-01-25,57.3,56.35,57.49,56.24,249636.0,0.0036,1412367300.0,259.23,396086525603.3
000333,2024-01-26,56.35,57.51,57.75,56.35,327457.0,0.0048,1874299600.0,263.58,404240214506.58
000333,2024-01-29,57.9,58.69,59.48,57.69,374987.0,0.0054,2204469400.0,268.01,412534484253.02
000333,2024-01-30,58.7,58.22,59.2,58.0,273733.0,0.004,1604993000.0,266.25,409230834438.76
000333,2024-01-31,57.91,58.25,58.94,57.42,255442.0,0.0037,1486711000.0,266.36,409441705703.5
000333,2024-02-01,58.23,58.81,59.46,58.0,303402.0,0.0044,1785789300.0,268.46,413377969311.98
000333,2024-02-02,58.5,58.25,58.88,57.31,289505.0,0.0042,1687829300.0,266.36,409441705703.5
000333,2024-02-05,58.0,59.45,59.6,57.82,461603.0,0.0067,2724269099.9999995,270.86,417876556293.1
000333,2024-02-06,59.26,59.95,60.79,59.02,379464.0,0.0055000000000000005,2279549200.0,272.73,421541832617.95
000333,2024-02-07,59.29,61.11,61.17,59.03,461959.0,0.0067,2791586599.9999995,277.08,425432479984.47
000333,2024-02-08,61.29,60.29,62.36,59.98,347232.0,0.005,2112587900.0,274.01,419723845823.33
000333,2024-02-19,61.7,60.6,61.7,59.81,356959.0,0.0052,2157379700.0,275.17,421881988006.2
000333,2024-02-20,60.3,61.7,61.79,59.67,296309.0,0.0043,1807531900.0,279.3,429539911880.9
000333,2024-02-21,61.0,61.71,62.55,60.68,277972.0,0.0040999999999999995,1719403900.0000002,279.33,429609529370.67
000333,2024-02-22,61.21,61.35,61.79,61.03,192591.0,0.0028000000000000004,1180530900.0,277.98,427103299738.95
000333,2024-02-23,61.68,59.62,62.1,59.32,430936.0,0.0063,2580957100.0,271.5,415059474008.74
000333,2024-02-26,59.85,60.3,61.5,59.85,340977.0,0.005,2070387100.0,274.05,419793463313.1
000333,2024-02-27,60.59,61.92,61.99,60.1,280148.0,0.0040999999999999995,1720508599.9999998,280.12,431071496655.84
000333,2024-02-28,62.0,61.82,62.31,60.95,253674.0,0.0037,1568617000.0,279.75,430375321758.14
000333,2024-02-29,62.0,62.63,63.48,61.75,489210.0,0.0072,3071855400.0,282.78,436014338429.51
000333,2024-03-01,63.5,64.47,64.51,62.88,328449.0,0.0048,2102801000.0,289.68,448823956547.19
000333,2024-03-04,65.0,64.6,66.0,63.5,373844.0,0.0055000000000000005,2415284600.0,290.17,449728983914.2
000333,2024-03-05,64.65,65.04,65.4,63.45,355253.0,0.0052,2288367700.0,291.82,452792153464.08
000333,2024-03-06,64.9,64.51,65.53,64.3,219230.0,0.0032,1422222500.0,289.83,449102426506.27
000333,2024-03-07,64.45,65.8,66.65,64.2,306340.0,0.0045000000000000005,2020641400.0000002,294.67,458083082686.6
000333,2024-03-08,65.87,66.1,66.49,64.88,261254.0,0.0038,1714883400.0,295.8,460708508661.8
000333,2024-03-11,66.09,65.42,66.1,64.56,280270.0,0.0040999999999999995,1826293599.9999998,293.25,455968996015.96
000333,2024-03-12,65.35,64.13,65.35,63.05,507399.0,0.0074,3241294699.9999995,288.41,446977861731.94
000333,2024-03-13,63.66,64.07,64.33,63.0,327232.0,0.0048,2084900600.0,288.18,446559669439.66
000333,2024-03-14,63.86,64.5,64.75,63.6,315317.0,0.0046,2026233400.0,289.8,449556714201.0
000333,2024-03-15,64.39,64.02,64.5,63.3,254639.0,0.0037,1624685400.0,288.0,446211175862.76
000333,2024-03-18,63.88,62.36,63.89,62.35,425011.0,0.0062,2667915000.0,281.77,434641189109.68
000333,2024-03-19,62.2,62.6,63.12,62.17,297946.0,0.0044,1867932300.0,282.67,436313958278.8
000333,2024-03-20,62.2,61.88,62.5,61.4,377909.0,0.0055000000000000005,2337851600.0,279.97,431295650771.44
000333,2024-03-21,61.91,60.55,62.04,60.13,391892.0,0.005699999999999999,2377327000.0,274.98,422025721625.9
000333,2024-03-22,60.56,62.62,62.65,60.5,431568.0,0.0063,2671677600.0,282.75,436453355709.56
000333,2024-03-25,62.19,62.9,63.66,61.78,269033.0,0.0039000000000000003,1694247600.0,283.8,438347000539.6
000333,2024-03-26,62.31,62.72,63.25,62.31,253537.0,0.0037,1591428400.0,283.12,437092589409.28
000333,2024-03-27,62.53,63.67,64.88,62.51,348428.0,0.0051,2227887800.0,286.68,443713092597.08
000333,2024-03-28,64.23,64.58,65.39,63.18,451854.0,0.0066,2915943400.0000005,290.1,450054837755.92
000333,2024-03-29,64.58,64.22,65.73,63.66,254689.0,0.0037,1638381700.0000002,288.75,447546015495.28
000333,2024-04-01,64.5,66.22,66.28,64.1,327712.0,0.0048,2146737300.0,296.25,461483916943.28
000333,2024-04-02,66.0,66.25,66.53,65.75,226536.0,0.0033,1497277800.0,296.36,461692985465.0
000333,2024-04-03,66.2,66.73,66.9,65.98,206265.0,0.003,1370614000.0,298.16,465038081812.52
000333,2024-04-08,66.72,65.32,66.85,64.67,324345.0,0.004699999999999999,2125546200.0,292.87,455211861291.68
000333,2024-04-09,65.0,65.04,65.6,64.82,194783.0,0.0028000000000000004,1270148000.0,291.82,453260555088.96
000333,2024-04-10,64.87,65.17,66.2,64.56,180820.0,0.0026,1184377700.0,292.31,454166518683.08
000333,2024-04-11,64.95,65.07,65.95,64.61,190048.0,0.0028000000000000004,1239842500.0,291.93,453469623610.68
000333,2024-04-12,64.99,64.89,65.6,64.58,217344.0,0.0032,1414407800.0,291.26,452397726831.33
000333,2024-04-15,64.89,66.84,67.0,64.71,317837.0,0.0046,2102897300.0,298.57,465992665455.48
000333,2024-04-16,66.78,68.31,68.77,66.57,391914.0,0.005699999999999999,2659237100.0,304.08,476241157649.07
000333,2024-04-17,68.0,68.58,68.8,66.98,245496.0,0.0036,1664966400.0000002,305.1,478123533766.26
000333,2024-04-18,68.58,70.0,71.33,68.38,395421.0,0.0058,2777734500.0,310.42,488023437790.0
000333,2024-04-19,69.43,70.0,70.58,69.43,288123.0,0.0042,2017233100.0,310.42,488023437790.0
000333,2024-04-22,70.2,69.98,71.19,69.5,289438.0,0.0042,2032072600.0,310.35,487884002522.06
000333,2024-04-23,69.83,68.39,70.0,67.59,382179.0,0.005600000000000001,2605557600.0,304.38,476798898720.83
000333,2024-04-24,68.34,67.9,68.64,66.75,307830.0,0.0045000000000000005,2079963000.0,302.55,473382734656.3
000333,2024-04-25,67.13,68.24,68.56,67.13,220333.0,0.0032,1500859500.0,303.82,475753134211.28
000333,2024-04-26,68.25,68.37,68.65,67.42,242257.0,0.0034999999999999996,1650078900.0000002,304.31,476659463452.89
000333,2024-04-29,68.3,68.2,68.88,67.23,332264.0,0.0049,2264197700.0,303.67,475655484988.2
000333,2024-04-30,66.84,69.78,71.15,66.8,571318.0,0.0084,3988190600.0,309.6,486675069537.78
000333,2024-05-06,70.5,71.01,71.46,69.65,461799.0,0.0067,3263609800.0,314.21,495253606877.01
000333,2024-05-07,70.81,71.1,72.33,70.62,304315.0,0.0044,2176139100.0,314.55,495881304731.1
000333,2024-05-08,70.5,70.75,71.34,70.39,176620.0,0.0026,1252248300.0,313.23,493440257520.75
000333,2024-05-09,71.0,71.85,72.34,70.62,285718.0,0.0042,2046734800.0,317.36,501176607568.65
000333,2024-05-10,72.2,71.88,72.33,71.34,224879.0,0.0033,1616063299.9999998,317.47,501385867112.52
000333,2024-05-13,71.88,72.71,72.99,70.7,271674.0,0.004,1965130400.0,320.58,507175381159.59
000333,2024-05-14,72.68,70.84,72.89,70.2,399236.0,0.0058,2827063800.0,313.57,494131536258.36
000333,2024-05-15,68.5,69.76,70.1,68.11,301895.0,0.0044,2090761800.0,320.69,486598192679.04
000333,2024-05-16,69.76,69.34,69.8,68.8,246004.0,0.0036,1703048500.0,319.12,483668559064.86
000333,2024-05-17,68.78,68.03,69.5,66.52,418483.0,0.0060999999999999995,2828611100.0,314.21,474530892315.87
000333,2024-05-20,67.01,66.57,67.88,66.21,426430.0,0.0062,2846862300.0,308.73,464346927847.53
000333,2024-05-21,66.27,66.55,67.3,66.2,243588.0,0.0036,1626841800.0,308.66,464207421484.95
000333,2024-05-22,66.34,65.41,66.54,65.31,261052.0,0.0038,1715205300.0,304.38,456255558817.89
000333,2024-05-23,65.4,65.74,66.19,65.0,240961.0,0.0034999999999999996,1582459100.0,305.62,458557413800.46
000333,2024-05-24,65.4,66.62,66.98,65.1,259270.0,0.0038,1724581000.0,308.92,464695693753.98
000333,2024-05-27,66.5,67.59,68.28,65.54,305462.0,0.0045000000000000005,2062139500.0,312.56,471461752339.11
000333,2024-05-28,67.6,67.03,67.78,66.5,191737.0,0.0028000000000000004,1284865400.0,310.46,467555574186.87
000333,2024-05-29,66.6,65.85,67.2,65.5,241321.0,0.0034999999999999996,1590410799.9999998,306.03,459324698794.65
000333,2024-05-30,65.71,65.18,66.19,65.14,193586.0,0.0028000000000000004,1269509300.0,303.52,454651235648.22
000333,2024-05-31,65.19,64.76,65.57,64.55,261294.0,0.0038,1696172900.0,301.94,451721602034.04
000333,2024-06-03,64.88,65.02,66.3,64.27,357556.0,0.0052,2337233600.0,302.92,453535184747.58
000333,2024-06-04,64.99,64.68,64.99,63.4,306212.0,0.0045000000000000005,1969401500.0,301.64,451163576583.72
000333,2024-06-05,64.55,63.92,65.2,63.8,283319.0,0.0040999999999999995,1825603200.0,298.79,445862334805.68
000333,2024-06-06,63.8,65.76,66.03,63.8,436037.0,0.0064,2848032800.0000005,305.69,458696920163.04
000333,2024-06-07,65.2,65.16,65.45,63.71,400646.0,0.0059,2591739300.0,303.44,454511729285.64
000333,2024-06-11,64.5,65.0,66.5,64.18,336897.0,0.0049,2188026800.0,302.84,453395678385.0
000333,2024-06-12,64.84,65.16,65.74,64.53,257072.0,0.0038,1675974700.0,303.44,454511729285.64
000333,2024-06-13,65.31,63.92,65.45,63.66,274850.0,0.004,1763239500.0,298.79,445862334805.68
000333,2024-06-14,63.51,65.61,65.76,63.5,379244.0,0.0055000000000000005,2468107100.0,305.13,457650622443.69
000333,2024-06-17,65.76,64.53,65.76,64.18,253358.0,0.0037,1639603900.0000002,301.08,450426871154.34
000333,2024-06-18,64.3,64.84,65.19,63.67,218675.0,0.0032,1409611700.0000002,302.24,452590707045.52
000333,2024-06-19,64.77,64.0,65.08,62.8,347000.0,0.0051,2206055300.0,299.09,446727409792.0
000333,2024-06-20,63.9,64.47,64.75,63.54,280858.0,0.0040999999999999995,1806800900.0,300.86,450008064207.66
000333,2024-06-21,64.49,63.95,64.75,63.5,241537.0,0.0034999999999999996,1544527700.0,298.91,446378404003.1
000333,2024-06-24,63.71,64.88,65.55,63.61,307991.0,0.0045000000000000005,1993978000.0,302.39,452869911676.64
000333,2024-06-25,64.85,65.29,65.79,64.52,253092.0,0.0037,1652171400.0000002,303.93,455731759145.62
000333,2024-06-26,65.01,64.25,65.39,63.91,238314.0,0.0034999999999999996,1531598000.0,300.03,448472438736.5
000333,2024-06-27,64.05,64.1,64.48,63.47,274095.0,0.004,1750926700.0000002,299.47,447425421369.8
000333,2024-06-28,63.5,64.5,64.79,63.48,251956.0,0.0037,1624767700.0,300.97,450217467681.0
000333,2024-07-01,64.29,64.09,65.38,63.6,195283.0,0.0029,1255074500.0,299.43,447357927452.02
000333,2024-07-02,63.7,63.0,64.2,62.8,291813.0,0.0043,1843585700.0,295.34,439749562014.0
000333,2024-07-03,63.05,63.03,63.68,62.74,181208.0,0.0026,1145370100.0,295.46,439959963008.61
000333,2024-07-04,63.2,64.6,65.2,63.2,277531.0,0.0040999999999999995,1794060100.0,301.34,450918826120.2
000333,2024-07-05,64.5,64.0,65.15,63.0,264796.0,0.0039000000000000003,1686503700.0,299.09,446730725568.0
000333,2024-07-08,63.6,64.23,64.72,63.17,194436.0,0.0028000000000000004,1247645500.0,299.96,448336164113.01
000333,2024-07-09,63.81,64.1,64.67,63.62,216645.0,0.0032,1392889400.0,299.47,447428742326.7
000333,2024-07-10,64.54,63.81,65.06,63.81,158469.0,0.0023,1016718400.0,298.38,445404493726.47
000333,2024-07-11,63.85,63.9,64.45,62.52,271827.0,0.004,1727208400.0,298.72,446032708809.3
000333,2024-07-12,63.79,65.0,65.2,63.64,245741.0,0.0036,1588658400.0,302.84,453710893155.0
000333,2024-07-15,64.78,64.94,65.16,64.36,170459.0,0.0025,1104204300.0,302.62,453292083099.78
000333,2024-07-16,64.63,64.27,64.96,63.75,204068.0,0.003,1313240400.0,300.11,448615370816.49
000333,2024-07-17,64.04,62.83,64.38,61.66,464628.0,0.0068000000000000005,2909157000.0,294.71,438688941525.42
000333,2024-07-18,62.01,63.9,64.46,62.01,345325.0,0.005,2193053900.0,298.72,446159849808.6
000333,2024-07-19,63.36,63.6,63.78,62.89,217970.0,0.0032,1381064600.0,297.59,444065202626.4
000333,2024-07-22,63.45,63.63,64.64,63.32,199303.0,0.0029,1273643400.0,297.71,444274667344.62
000333,2024-07-23,63.63,62.38,63.79,62.38,185378.0,0.0027,1165932000.0,293.02,435741405656.46
000333,2024-07-24,62.01,60.08,62.72,59.64,455473.0,0.0066,2757887300.0,284.39,419675274957.36
000333,2024-07-25,59.52,59.4,60.09,58.9,301092.0,0.0044,1787253299.9999998,281.84,414925288489.8
000333,2024-07-26,62.83,62.84,62.99,61.4,577402.0,0.0084,3598947600.0,294.74,438954631796.28
000333,2024-07-29,62.3,62.88,63.21,62.16,207128.0,0.003,1297587400.0,294.89,439234042764.96
000333,2024-07-30,62.51,61.06,62.77,60.6,225758.0,0.0033,1381015799.9999998,288.07,426520843690.02
000333,2024-07-31,60.73,63.76,63.86,60.73,401747.0,0.0059,2530147600.0,298.19,445381084075.92
000333,2024-08-01,63.8,63.58,64.67,63.41,244068.0,0.0036,1561027300.0,297.52,444123734716.86
000333,2024-08-02,63.3,62.99,64.28,62.57,202615.0,0.003,1280021500.0,295.31,440002422928.83
000333,2024-08-05,62.54,61.65,64.3,61.56,354768.0,0.0052,2214817300.0,290.28,430642155478.05
000333,2024-08-06,61.61,59.92,62.26,59.52,384932.0,0.005600000000000001,2316733900.0,283.79,418557631082.64
000333,2024-08-07,59.92,60.7,61.38,59.24,252986.0,0.0037,1535238299.9999998,286.72,424006144971.9
000333,2024-08-08,60.42,60.96,61.48,60.21,142319.0,0.0021,867672500.0,287.69,425822316268.32
000333,2024-08-09,60.85,60.5,61.7,60.33,138024.0,0.002,839905700.0000001,285.97,422609090128.5
000333,2024-08-12,60.5,61.38,62.14,60.31,169492.0,0.0025,1042597200.0,289.27,428756131439.46
000333,2024-08-13,61.38,61.36,62.11,60.92,98351.0,0.0014000000000000002,602892300.0,289.19,428616425955.12
000333,2024-08-14,61.36,60.9,61.49,60.6,112278.0,0.0016,685993300.0,287.47,425403199815.3
000333,2024-08-15,60.7,61.0,61.35,60.29,191633.0,0.0028000000000000004,1166672200.0,287.84,426101727237.0
000333,2024-08-16,60.81,61.74,61.9,60.67,180670.0,0.0026,1112521900.0,290.62,431270830157.58
000333,2024-08-19,61.69,62.36,63.15,61.67,172753.0,0.0025,1075574300.0,292.94,435601700172.12
000333,2024-08-20,63.48,63.02,63.49,61.76,257810.0,0.0038,1623775600.0,295.42,440211981155.34
000333,2024-08-21,62.71,63.16,63.7,62.33,211871.0,0.0031,1337959100.0,295.94,441189919545.72
000333,2024-08-22,63.13,64.09,64.49,62.72,249787.0,0.0036,1597113200.0,299.43,447686224567.53
000333,2024-08-23,64.0,65.46,65.96,63.88,290471.0,0.0042,1895805000.0,304.57,457256050244.82
000333,2024-08-26,65.94,66.32,66.65,64.9,339582.0,0.0049,2241141500.0,307.79,463263386071.44
000333,2024-08-27,66.0,65.99,66.48,65.49,241138.0,0.0034999999999999996,1590912400.0,306.56,460958245579.83
000333,2024-08-28,65.98,64.93,66.15,64.57,265430.0,0.0039000000000000003,1726057200.0,302.58,453553854909.81
000333,2024-08-29,64.42,63.95,65.31,63.95,232856.0,0.0034000000000000002,1500197100.0,298.91,446708286177.15
000333,2024-08-30,63.48,64.75,65.81,63.38,333863.0,0.0049,2160911500.0,301.91,452805222602.25
000333,2024-09-02,64.5,65.23,66.52,64.44,260759.0,0.0038,1706302000.0,303.71,456161925410.73
000333,2024-09-03,65.01,65.97,66.48,65.0,242379.0,0.0034999999999999996,1599193299.9999998,306.48,461336842240.47
000333,2024-09-04,65.86,65.48,66.7,65.36,274996.0,0.004,1814975100.0,304.64,457910208123.48
000333,2024-09-05,64.95,63.59,65.4,63.48,432123.0,0.0063,2763225200.0,297.56,444693190815.09
000333,2024-09-06,63.6,63.02,64.55,62.9,233202.0,0.0034000000000000002,1480652800.0,295.42,440707106230.02
000333,2024-09-09,61.35,61.09,62.2,60.68,548406.0,0.008,3359451100.0,288.18,427210363687.59
000333,2024-09-10,60.48,60.75,61.64,60.48,401110.0,0.0058,2451075900.0,286.91,424832699198.25
000333,2024-09-11,60.52,61.66,62.08,59.7,419218.0,0.0060999999999999995,2572399300.0,290.32,431196448272.66
000333,2024-09-12,61.8,62.37,62.85,61.66,276169.0,0.004,1719561900.0,292.98,436258805944.5
000333,2024-09-13,62.05,63.51,63.78,61.59,321490.0,0.004699999999999999,2037679500.0,297.26,444232752373.5
000333,2024-09-18,63.62,65.25,65.71,63.4,295026.0,0.0043,1915513500.0,303.78,493332096037.5
000333,2024-09-19,62.3,65.28,65.73,62.3,476115.0,0.0069,3085181599.9999995,303.89,493558915392.0
000333,2024-09-20,64.91,66.06,66.3,64.76,398013.0,0.0058,2608979300.0,306.82,499456218609.0
000333,2024-09-23,66.46,67.6,67.89,66.2,391621.0,0.005699999999999999,2643088000.0,312.59,511099612140.0
000333,2024-09-24,67.6,68.04,68.25,66.2,500902.0,0.0073,3378454600.0,314.24,514518876809.28
000333,2024-09-25,68.21,70.11,71.5,68.21,627661.0,0.0091,4428074600.0,322.01,530172228881.52
000333,2024-09-26,70.0,73.56,73.68,69.79,501342.0,0.0073,3592524699.9999995,334.94,556261149001.92
000333,2024-09-27,74.75,73.0,76.4,71.15,857448.0,0.0125,6253333700.0,332.84,552026425736.0
000333,2024-09-30,73.16,76.06,76.9,72.03,1251665.0,0.0182,9344041900.0,344.32,581807865774.72
000333,2024-10-08,83.67,80.19,83.67,78.73,1352393.0,0.0197,11050056000.0,359.81,613399589225.28
000333,2024-10-09,78.4,75.01,79.32,74.02,895501.0,0.013000000000000001,6896386899.999999,340.38,573776071677.12
000333,2024-10-10,75.95,78.3,79.38,75.87,673034.0,0.0098,5259062100.0,352.72,598942359849.6
000333,2024-10-11,78.0,76.77,78.23,75.9,380602.0,0.0055000000000000005,2930030600.0,346.98,587238888450.24
000333,2024-10-14,77.03,79.0,79.29,76.6,462828.0,0.0067,3620244800.0,355.34,604296889248.0
000333,2024-10-15,79.0,76.0,79.0,76.0,375833.0,0.0055000000000000005,2905639300.0,344.09,581348906112.0
000333,2024-10-16,74.7,75.24,75.5,73.73,342829.0,0.005,2559503200.0,341.24,575535417050.88
000333,2024-10-17,75.24,73.08,75.53,72.9,394376.0,0.005699999999999999,2920853700.0,333.14,559012869192.96
000333,2024-10-18,73.08,75.01,76.2,72.65,427851.0,0.0062,3180240300.0000005,340.38,573776071677.12
000333,2024-10-21,75.35,74.08,75.98,73.28,343229.0,0.005,2547898000.0,336.89,566662196904.96
000333,2024-10-22,74.35,76.5,76.96,74.14,404060.0,0.0059,3073890000.0,345.97,585173569968.0
000333,2024-10-23,76.6,76.38,77.78,76.0,268313.0,0.0039000000000000003,2053544700.0,345.52,584255650642.56
000333,2024-10-24,76.11,75.64,76.46,75.3,171087.0,0.0025,1296927000.0,342.74,578595148135.68
000333,2024-10-25,75.42,75.27,75.86,74.77,210573.0,0.0031,1583775200.0,341.36,575764896882.24
000333,2024-10-28,75.49,74.87,75.58,74.01,280591.0,0.0040999999999999995,2091524800.0,339.86,572705165797.44
000333,2024-10-29,74.61,74.07,75.5,73.8,297272.0,0.0043,2214621300.0,336.86,566585703627.84
000333,2024-10-30,73.7,72.75,74.35,72.12,404137.0,0.0059,2939634800.0,331.91,556488591048.0
000333,2024-10-31,72.97,71.42,73.69,71.1,500469.0,0.0073,3595551700.0,326.92,546768171587.86
000333,2024-11-01,71.44,72.25,73.0,70.38,416515.0,0.006,3009423800.0,330.03,553122380246.75
000333,2024-11-04,72.14,72.84,73.37,71.7,232316.0,0.0034000000000000002,1680407700.0,332.24,557639227365.72
000333,2024-11-05,72.5,73.13,73.48,71.21,416967.0,0.0060999999999999995,3027068200.0,333.33,559859372559.79
000333,2024-11-06,73.14,71.17,73.14,70.97,525931.0,0.0076,3768679099.9999995,325.98,544854253317.11
000333,2024-11-07,70.35,72.1,72.1,69.89,547746.0,0.008,3895318900.0,329.47,551974029284.3
000333,2024-11-08,72.66,72.58,73.76,71.1,593374.0,0.0086,4283549300.0,331.27,555648752364.14
000333,2024-11-11,71.23,71.6,71.84,70.82,442079.0,0.0064,3153791599.9999995,327.59,548146192742.8
000333,2024-11-12,71.91,72.39,74.89,71.79,575477.0,0.0084,4231304800.0,330.56,554194174478.37
000333,2024-11-13,72.48,73.4,74.3,72.46,458417.0,0.0067,3373337500.0,334.34,561961041825.6
000333,2024-11-14,73.48,73.64,74.89,72.33,408435.0,0.0059,3020823000.0,335.24,563798516621.76
000333,2024-11-15,73.15,72.25,74.11,71.85,342825.0,0.005,2496870600.0,330.03,553156475094.0
000333,2024-11-18,72.17,71.05,72.98,70.83,319386.0,0.0046,2292938800.0,325.53,543969101113.2
000333,2024-11-19,71.05,71.31,71.75,70.7,226652.0,0.0033,1614053700.0,326.51,545959698809.04
000333,2024-11-20,71.38,71.43,71.65,70.74,226371.0,0.0033,1610809500.0,326.96,546878436207.12
000333,2024-11-21,71.37,70.84,71.39,70.55,216528.0,0.0031,1534662600.0,324.74,542361310666.56
000333,2024-11-22,70.83,70.39,72.82,70.22,388458.0,0.005600000000000001,2781161800.0,323.06,538916045423.76
000333,2024-11-25,70.11,70.39,72.38,70.11,385868.0,0.005600000000000001,2737579000.0,323.06,538916045423.76
000333,2024-11-26,70.11,70.6,71.2,69.35,274188.0,0.004,1932586700.0000002,323.84,540523835870.4
000333,2024-11-27,70.32,71.32,71.5,69.74,264825.0,0.0038,1875798200.0,326.54,546036260258.88
000333,2024-11-28,72.0,70.19,72.0,69.76,323290.0,0.004699999999999999,2275593400.0,322.31,537384816426.96
000333,2024-11-29,69.68,70.13,70.77,69.55,277501.0,0.004,1951115200.0,322.08,536925447727.92
000333,2024-12-02,70.15,70.08,70.53,69.23,357906.0,0.0052,2500096000.0,321.89,536565300216.0
000333,2024-12-03,70.0,69.85,70.0,69.4,313174.0,0.0045000000000000005,2181594400.0,321.03,534804312501.25
000333,2024-12-04,69.88,71.49,71.99,69.6,531955.0,0.0077,3779094500.0,327.18,547360920554.25
000333,2024-12-05,71.6,71.72,72.88,71.42,367645.0,0.0053,2647263400.0000005,328.04,549121908269.0
000333,2024-12-06,71.78,72.85,73.13,71.51,456778.0,0.0066,3318584699.9999995,332.28,557773717476.25
000333,2024-12-09,72.01,73.13,73.88,71.31,413219.0,0.006,3017126100.0,333.33,559917528607.25
000333,2024-12-10,76.51,73.84,76.66,73.79,555133.0,0.008100000000000001,4164810200.0,335.99,565353621118.0
000333,2024-12-11,73.7,75.1,75.33,73.6,335434.0,0.0049,2512587300.0,340.72,575000771207.5
000333,2024-12-12,75.2,75.56,75.75,74.37,286398.0,0.0042,2153602300.0,342.44,578559399508.48
000333,2024-12-13,75.2,74.0,75.23,73.33,370633.0,0.0054,2744782500.0,336.59,566484592060.0
000333,2024-12-16,74.1,73.22,74.45,72.65,280471.0,0.0040999999999999995,2054964900.0,333.67,560513538251.8
000333,2024-12-17,73.2,73.67,74.68,72.81,278873.0,0.004,2058386000.0,335.36,563958376987.3
000333,2024-12-18,73.66,74.1,74.58,73.58,225785.0,0.0033,1675256400.0000002,336.97,567250111779.0
000333,2024-12-19,73.86,74.44,75.23,73.24,253553.0,0.0037,1893593100.0,338.24,569852878823.6
000333,2024-12-20,74.43,74.0,74.79,73.66,209397.0,0.003,1552495000.0,336.59,566484592060.0
000333,2024-12-23,74.0,74.61,75.25,73.95,226029.0,0.0033,1689849300.0,338.88,571154262345.9
000333,2024-12-24,74.4,76.25,76.38,74.4,344141.0,0.005,2606513900.0,345.03,583708785737.5
000333,2024-12-25,76.3,75.54,76.6,75.04,227339.0,0.0033,1719267200.0,342.37,578273595732.6
000333,2024-12-26,75.26,75.98,76.24,74.65,242143.0,0.0034999999999999996,1829497500.0,344.02,581641882496.2
000333,2024-12-27,75.98,75.42,76.05,74.8,198421.0,0.0029,1493951300.0,341.92,577354972069.8
000333,2024-12-30,75.0,75.32,76.18,74.92,221827.0,0.0032,1676165000.0,341.54,576603268599.68
000333,2024-12-31,75.1,75.22,76.05,74.69,307660.0,0.0045000000000000005,2324365500.0,341.17,575881001519.26
000333,2025-01-02,75.4,75.32,77.2,75.0,413671.0,0.006,3143071599.9999995,341.54,576646597107.56
000333,2025-01-03,75.0,74.69,76.06,73.9,296422.0,0.0043,2225340600.0,339.18,571823344901.27
000333,2025-01-06,74.68,75.38,76.28,74.28,306810.0,0.0045000000000000005,2308954900.0,341.77,577105954460.54
000333,2025-01-07,75.0,75.93,76.76,74.5,251785.0,0.0037,1913943100.0,343.83,581316730196.19
000333,2025-01-08,75.51,77.58,77.66,75.43,406930.0,0.0059,3129132600.0,350.02,594010770198.48
000333,2025-01-09,77.7,78.73,79.0,77.2,345987.0,0.005,2715146300.0,354.33,602816034257.88
000333,2025-01-10,78.73,76.37,78.89,76.37,271096.0,0.0039000000000000003,2093133200.0,345.48,584746101057.72
000333,2025-01-13,75.61,74.3,76.02,73.93,255846.0,0.0037,1911136099.9999998,337.72,568896625750.8
000333,2025-01-14,74.3,74.62,75.35,73.43,288584.0,0.0042,2150563700.0,338.92,571346786184.72
000333,2025-01-15,74.64,73.82,75.77,73.6,256635.0,0.0037,1910565900.0,335.92,565221385099.92
000333,2025-01-16,73.99,74.09,75.45,73.9,262330.0,0.0038,1953070100.0,336.93,567288707966.04
000333,2025-01-17,74.08,74.35,74.87,73.63,159288.0,0.0023,1184446600.0,337.91,569279463318.6
000333,2025-01-20,75.1,74.89,76.74,74.88,296993.0,0.0043,2245932500.0,339.93,573414109050.84
000333,2025-01-21,75.26,74.4,75.29,74.22,162863.0,0.0024,1217315700.0,338.09,569662300886.4
000333,2025-01-22,74.38,73.0,74.38,72.28,322180.0,0.004699999999999999,2351219500.0,332.84,558942848988.0
000333,2025-01-23,73.4,73.41,73.92,72.4,270087.0,0.0039000000000000003,1981526500.0,334.38,562082117043.96
000333,2025-01-24,73.01,72.82,73.64,72.55,304861.0,0.0044,2224547300.0,332.17,557564633743.92
000333,2025-01-27,72.86,73.88,74.3,72.62,280115.0,0.0040999999999999995,2066039000.0,336.14,565680790181.28
000333,2025-02-05,73.4,72.21,73.69,71.68,363511.0,0.0053,2623254200.0,329.88,553005990597.24
000333,2025-02-06,72.18,72.27,72.56,71.43,285675.0,0.0040999999999999995,2058313200.0,330.11,553465488719.88
000333,2025-02-07,72.4,73.44,73.44,71.67,355350.0,0.0052,2588044000.0,334.49,562425702111.36
000333,2025-02-10,73.32,73.01,73.33,72.5,318650.0,0.0046,2324957400.0,332.88,559132632232.44
000333,2025-02-11,73.44,73.7,73.86,72.61,300440.0,0.0044,2200715500.0,335.47,564416860642.8
000333,2025-02-12,73.46,73.28,73.59,72.68,228073.0,0.0033,1667138700.0,333.89,561200373784.32
000333,2025-02-13,73.0,72.14,73.39,72.13,410664.0,0.006,2979276900.0,329.62,552469909454.16
000333,2025-02-14,72.12,72.49,72.69,71.9,234351.0,0.0034000000000000002,1697819600.0,330.93,555150315169.56
000333,2025-02-17,72.25,72.04,72.47,71.25,402358.0,0.0058,2886662800.0000005,329.24,551704079249.76
000333,2025-02-18,71.99,71.9,72.65,71.53,293465.0,0.0043,2117878299.9999998,328.72,550631916963.6
000333,2025-02-19,71.3,71.45,71.97,71.0,337150.0,0.0049,2408852100.0,327.03,547185681043.8
000333,2025-02-20,71.41,71.23,71.71,71.06,314202.0,0.0046,2241810200.0,326.21,545500854594.12
000333,2025-02-21,71.02,70.59,71.23,70.2,553390.0,0.008,3903770900.0000005,323.81,540599541285.96
000333,2025-02-24,70.65,70.89,71.5,70.28,469377.0,0.0068000000000000005,3326317400.0,324.93,542897031899.16
000333,2025-02-25,70.5,69.03,70.67,68.98,565999.0,0.008199999999999999,3932087500.0,317.96,528652590097.32
000333,2025-02-26,68.71,70.12,70.16,68.7,404124.0,0.0059,2820753700.0,322.04,537000139325.28
000333,2025-02-27,71.0,72.48,72.71,70.63,652482.0,0.0095,4700242800.0,330.89,555073732149.12
000333,2025-02-28,72.75,73.05,73.5,72.1,506479.0,0.0073,3702978900.0,333.03,559546607214.75
000333,2025-03-03,72.7,71.0,72.99,70.85,405918.0,0.0059,2908667199.9999995,325.34,543844067245.0
000333,2025-03-04,71.28,71.97,72.47,71.28,300420.0,0.0044,2159097800.0,328.98,551274049572.15
000333,2025-03-05,71.9,71.75,72.15,71.2,286186.0,0.0042,2050696400.0000002,328.16,549588898941.25
000333,2025-03-06,71.91,71.14,71.97,70.42,402399.0,0.0058,2857881500.0,325.87,544916435828.3
000333,2025-03-07,71.12,70.79,71.24,70.26,314827.0,0.0046,2228493000.0,324.56,542235514370.05
000333,2025-03-10,70.81,71.07,71.26,70.51,273440.0,0.004,1937259300.0,325.61,544406132032.5
000333,2025-03-11,70.5,70.93,71.44,70.3,252825.0,0.0037,1788427200.0,325.08,543333712467.5
000333,2025-03-12,70.98,70.1,70.98,70.1,301301.0,0.0044,2117631600.0,321.97,536975796475.0
000333,2025-03-13,70.01,70.01,70.65,69.81,252622.0,0.0037,1774960000.0,321.63,536286383897.5
000333,2025-03-14,70.03,71.87,72.1,69.82,425450.0,0.0062,3036262000.0,328.61,550534243832.5
000333,2025-03-17,72.52,71.88,72.52,71.6,347333.0,0.005,2497780800.0,328.64,550610845230.0
000333,2025-03-18,72.0,74.98,76.1,71.61,779314.0,0.0113,5762238300.0,340.27,574357278455.0
000333,2025-03-19,77.23,76.51,77.94,75.03,1066261.0,0.0155,8164296300.0,346.01,586077292272.5
000333,2025-03-20,76.4,75.17,76.85,75.1,585693.0,0.0085,4434498800.0,340.98,575812705007.5
000333,2025-03-21,74.77,75.28,76.43,74.77,384528.0,0.005600000000000001,2903191200.0,341.39,576655320380.0
000333,2025-03-24,74.88,76.06,76.5,74.82,387348.0,0.005600000000000001,2945134200.0,344.32,582630229385.0
000333,2025-03-25,76.81,76.86,77.5,76.37,324186.0,0.004699999999999999,2493718300.0,347.32,588758341185.0
000333,2025-03-26,76.47,76.79,77.4,75.87,237069.0,0.0034000000000000002,1814277200.0,347.06,588222131402.5
000333,2025-03-27,76.79,76.5,77.5,76.32,257215.0,0.0037,1974042900.0,345.97,586000690875.0
000333,2025-03-28,76.21,76.87,77.18,75.68,249114.0,0.0036,1909917900.0,347.36,588834942582.5
000333,2025-03-31,76.9,78.5,80.5,76.9,689684.0,0.01,5458996600.0,353.47,601337928102.0
000333,2025-04-01,78.1,75.39,78.78,75.2,551817.0,0.008,4204786500.0,341.81,577514221651.08
000333,2025-04-02,75.35,75.96,76.79,75.19,268536.0,0.0039000000000000003,2036925100.0,343.94,581880624441.12
000333,2025-04-03,74.6,73.36,74.83,73.15,565989.0,0.008199999999999999,4179850000.0,334.19,561963699433.92
000333,2025-04-07,68.22,67.18,69.47,66.02,880897.0,0.0128,5986991800.000001,311.02,514622700762.96
000333,2025-04-08,68.0,70.23,70.5,67.79,744733.0,0.0108,5151771400.0,322.46,537986785867.56
000333,2025-04-09,69.19,69.67,70.5,68.42,578840.0,0.0084,4027838500.0,320.36,533890130059.11
000333,2025-04-10,70.6,71.09,71.59,70.13,450849.0,0.006500000000000001,3199356700.0,325.68,544771771865.97
000333,2025-04-11,70.52,70.49,70.74,69.63,295626.0,0.0043,2075657500.0,323.43,540187122353.69
000333,2025-04-14,70.72,69.92,70.9,69.71,348835.0,0.0051,2447104100.0,321.29,535826549934.24
000333,2025-04-15,70.1,71.48,71.83,69.69,343667.0,0.005,2441442800.0,327.14,547787956774.2
000333,2025-04-16,71.19,71.0,71.48,70.37,266729.0,0.0039000000000000003,1890971300.0,325.34,544113700395.0
000333,2025-04-17,70.74,70.95,71.17,70.34,195913.0,0.0028000000000000004,1388823299.9999998,325.16,543734304999.6
000333,2025-04-18,70.95,70.92,71.33,70.47,154484.0,0.0022,1094653700.0,325.04,543506376147.12
000333,2025-04-21,70.78,71.39,71.61,70.5,177514.0,0.0026,1262930800.0,326.81,547108293755.54
000333,2025-04-22,71.3,71.72,72.23,71.21,226155.0,0.0033,1626765500.0,328.04,549637299735.92
000333,2025-04-23,72.1,71.85,72.42,71.8,225869.0,0.0033,1627423200.0,328.53,550643230884.3
000333,2025-04-24,72.4,72.95,73.19,71.96,231808.0,0.0034000000000000002,1684714700.0,332.66,559076509967.6
000333,2025-04-25,72.95,72.75,73.0,72.38,170972.0,0.0025,1244078500.0,331.91,557549658600.75
000333,2025-04-28,73.39,73.23,73.58,72.8,239660.0,0.0034999999999999996,1755320200.0,333.71,561228336760.59
000333,2025-04-29,73.26,74.2,74.37,72.86,234974.0,0.0034000000000000002,1733740200.0,337.34,568662332208.6
000333,2025-04-30,75.0,73.62,75.12,73.45,478100.0,0.0069,3548715600.0,335.17,564217262765.46
000333,2025-05-06,74.23,74.05,74.38,73.1,346412.0,0.005,2556249600.0,336.78,567512745283.65
000333,2025-05-07,74.77,74.36,75.18,74.0,300281.0,0.0044,2239595600.0,337.94,569888558261.88
000333,2025-05-08,74.35,75.0,75.64,73.88,277076.0,0.004,2081094600.0,340.34,574827014100.0
000333,2025-05-09,74.99,75.8,76.03,74.71,245639.0,0.0036,1861536400.0000002,343.34,580977315507.2
000333,2025-05-12,76.1,76.58,76.74,75.9,272239.0,0.0039000000000000003,2078979200.0000002,346.27,586979232512.68
000333,2025-05-13,77.0,77.11,77.2,76.44,255278.0,0.0037,1963341200.0,348.26,591093563626.06
000333,2025-05-14,76.9,77.09,77.55,76.13,292496.0,0.0042,2248759300.0,348.18,590992026724.58
000333,2025-05-15,76.66,76.5,77.07,76.32,204902.0,0.003,1571335900.0,345.97,586517396661.0
000333,2025-05-16,76.21,76.6,76.84,75.57,238660.0,0.0034999999999999996,1819974400.0,346.34,587309752124.0
000333,2025-05-19,76.44,77.58,77.72,76.29,263086.0,0.0038,2031022800.0,350.02,594851022576.36
000333,2025-05-20,77.53,78.67,79.1,77.48,277995.0,0.004,2184604700.0,354.11,603283737583.11
000333,2025-05-21,78.5,78.8,79.44,78.47,205438.0,0.003,1619843000.0,354.59,604361487806.4
000333,2025-05-22,78.73,79.36,79.56,78.31,234034.0,0.0034000000000000002,1850376700.0000002,356.69,608738308889.6
000333,2025-05-23,79.36,78.89,80.48,78.72,299746.0,0.0043,2385953100.0,354.93,605302867171.31
000333,2025-05-26,78.72,78.27,79.19,77.61,241689.0,0.0034999999999999996,1893696300.0,352.61,600667049143.26
000333,2025-05-27,78.2,78.48,78.89,78.02,206449.0,0.003,1620472100.0,353.39,602370650316.96
000333,2025-05-28,78.98,79.32,80.1,78.7,240449.0,0.0034999999999999996,1911343100.0,356.54,608925720133.2
000333,2025-05-29,79.07,78.98,79.49,78.36,251677.0,0.0036,1988440700.0,355.27,606293445041.02
000333,2025-05-30,78.74,79.06,79.51,78.3,215733.0,0.0031,1703126099.9999998,355.57,606962975785.44
000333,2025-06-03,79.05,75.91,79.05,75.67,561908.0,0.008100000000000001,4293054900.0,343.76,582779654589.84
000333,2025-06-04,75.78,75.56,76.58,75.5,367554.0,0.0053,2790934600.0,342.44,580092618901.44
000333,2025-06-05,75.44,75.25,75.9,75.05,235803.0,0.0034000000000000002,1776718100.0,341.28,577712673006.0
000333,2025-06-06,75.37,75.7,75.83,75.1,275559.0,0.004,2081019000.0,342.97,581167433176.8
000333,2025-06-09,75.25,75.4,75.58,74.07,466956.0,0.0068000000000000005,3500234300.0,341.84,578864259729.6
000333,2025-06-10,75.63,75.05,76.5,75.05,321074.0,0.0046,2433498300.0,340.53,576177224041.2
000333,2025-06-11,75.2,75.49,75.8,74.83,263083.0,0.0038,1986827800.0,342.18,579555211763.76
000333,2025-06-12,72.51,72.2,72.68,71.53,347029.0,0.005,2510413500.0,342.89,554297076292.8
000333,2025-06-13,71.6,71.48,72.16,71.0,300452.0,0.0043,2148718100.0,340.19,548769460019.52
000333,2025-06-16,71.6,71.26,71.8,70.85,250205.0,0.0036,1784037800.0,339.36,547080466158.24
000333,2025-06-17,71.8,72.06,73.08,71.8,326395.0,0.004699999999999999,2362020300.0,342.36,553222262017.44
000333,2025-06-18,72.19,72.1,72.64,72.02,175288.0,0.0025,1265648200.0,342.51,553529351810.4
000333,2025-06-19,72.2,71.33,72.41,71.13,211253.0,0.0031,1512893100.0,339.63,547617873295.92
000333,2025-06-20,71.35,72.38,72.38,71.26,229864.0,0.0033,1655767200.0,343.56,555678980361.12
000333,2025-06-23,72.0,71.72,72.33,71.46,210545.0,0.003,1510951200.0,341.09,550611998777.28
000333,2025-06-24,72.1,72.8,73.34,72.0,270501.0,0.0039000000000000003,1971805600.0,345.14,558096017242.4
000333,2025-06-25,72.8,73.18,73.33,72.3,243275.0,0.0034999999999999996,1772058900.0000002,346.56,561009155793.94
000333,2025-06-26,73.0,73.1,73.59,72.75,226726.0,0.0033,1658102100.0,346.26,560395863467.3
000333,2025-06-27,73.06,72.28,73.19,72.22,223640.0,0.0032,1623349500.0,343.19,554109617119.24
000333,2025-06-30,72.25,72.2,72.58,71.98,193023.0,0.0028000000000000004,1394828299.9999998,342.89,553496324792.6
000333,2025-07-01,72.28,72.11,72.35,71.8,186252.0,0.0027,1341760500.0,342.55,552806370925.13
000333,2025-07-02,72.11,72.5,73.1,71.81,266155.0,0.0039000000000000003,1929453700.0,344.01,555796171017.5
000333,2025-07-03,72.79,72.89,72.95,72.34,179369.0,0.0026,1304399800.0,345.48,558785971109.87
000333,2025-07-04,72.88,73.48,73.84,72.6,211462.0,0.0031,1548790500.0,347.69,563309002018.84
000333,2025-07-07,73.2,72.55,73.45,72.33,215453.0,0.0031,1567324900.0,344.2,556364968322.35
000333,2025-07-08,72.55,72.22,72.7,72.07,256867.0,0.0037,1856483000.0,342.96,553901655086.62
000333,2025-07-09,72.07,71.8,72.35,71.8,272053.0,0.0039000000000000003,1958489400.0,341.39,550725811558.6
000333,2025-07-10,71.84,71.68,71.97,71.33,231514.0,0.0034000000000000002,1656983400.0,340.94,549832664227.84
000333,2025-07-11,71.74,72.48,72.8,71.69,320554.0,0.0046,2324471000.0,343.94,555994476320.64
000333,2025-07-14,72.47,73.1,73.21,71.98,233739.0,0.0034000000000000002,1702247000.0,346.26,560774127970.0
000333,2025-07-15,73.11,73.21,73.5,72.81,249010.0,0.0036,1821265500.0,346.68,561642137160.71
000333,2025-07-16,73.47,72.89,74.09,72.8,206888.0,0.003,1514278400.0,345.48,559204867534.5
000333,2025-07-17,72.75,72.63,73.43,72.6,247300.0,0.0036,1804135200.0,344.5,557235466368.48
000333,2025-07-18,72.87,72.83,73.28,72.52,219512.0,0.0032,1596482200.0,345.25,558788655095.36
000333,2025-07-21,72.61,72.55,72.96,72.4,308971.0,0.0045000000000000005,2244011100.0,344.2,556654751014.75
000333,2025-07-22,72.58,73.19,73.22,72.26,357204.0,0.0052,2602924300.0,346.6,561587571672.53
000333,2025-07-23,73.2,73.5,73.85,73.18,369872.0,0.0053,2718700800.0,347.76,563988698805.0
000333,2025-07-24,73.7,73.51,73.95,73.09,290699.0,0.0042,2134051800.0,347.8,564087670794.58
000333,2025-07-25,73.4,72.76,73.4,72.55,244562.0,0.0034999999999999996,1780421800.0,344.99,558343777977.24
000333,2025-07-28,72.82,71.94,72.92,71.8,377736.0,0.0055000000000000005,2725637100.0,341.91,552065874086.1
000333,2025-07-29,71.94,71.24,72.07,71.02,398369.0,0.0058,2843589800.0,339.29,546709675166.72
000333,2025-07-30,71.49,72.11,72.74,71.2,411325.0,0.0059,2964849099.9999995,342.55,553401826461.13
000333,2025-07-31,72.0,70.19,72.02,69.88,694777.0,0.01,4895784300.0,335.35,538672743826.98
000333,2025-08-01,70.2,70.79,70.97,70.1,286447.0,0.0040999999999999995,2019147900.0,337.6,543292306424.55
000333,2025-08-04,70.55,70.94,71.0,70.2,197766.0,0.0029,1398398700.0,338.16,544450635841.1
000333,2025-08-05,71.11,71.38,71.51,70.68,191748.0,0.0028000000000000004,1365340900.0,339.81,547832530389.2
000333,2025-08-06,71.38,71.7,71.78,70.99,221358.0,0.0032,1583549600.0,341.01,550294776834.0
000333,2025-08-07,71.51,71.48,71.93,71.21,203616.0,0.0029,1456650799.9999998,340.19,548610631173.6
000333,2025-08-08,71.4,71.58,71.83,71.29,201184.0,0.0029,1439938200.0,340.56,549382499119.8
000333,2025-08-11,71.3,71.76,71.82,71.19,179124.0,0.0026,1282650800.0,341.24,550766825762.4
000333,2025-08-12,71.75,71.93,72.44,71.6,240476.0,0.0034999999999999996,1734351300.0,341.88,552078544245.54
000333,2025-08-13,71.98,71.82,72.29,71.6,253847.0,0.0037,1827058299.9999998,341.46,551242125691.74
000333,2025-08-14,71.8,72.33,73.05,71.72,455149.0,0.0066,3301054400.0,343.38,555156543459.81
000333,2025-08-15,72.33,72.3,72.4,71.81,274700.0,0.004,1980637200.0,343.26,554945024835.6
000333,2025-08-18,72.31,71.84,72.56,71.61,542998.0,0.0078000000000000005,3906937000.0,341.54,551414254276.48
000333,2025-08-19,73.2,72.68,73.63,72.2,537603.0,0.0078000000000000005,3916336800.0,344.69,557861748340.96
000333,2025-08-20,72.21,72.22,72.32,71.51,403770.0,0.0058,2901846300.0,342.96,554330977781.84
000333,2025-08-21,72.09,71.92,72.5,71.66,338014.0,0.0049,2436115400.0,341.84,552028301330.24
000333,2025-08-22,71.97,72.09,72.19,71.65,391389.0,0.005699999999999999,2814332700.0,342.48,553333151319.48
000333,2025-08-25,72.12,73.52,73.85,72.12,700234.0,0.0101,5110086600.0,347.84,564309242405.44
000333,2025-08-26,73.52,73.8,74.28,73.31,462938.0,0.0067,3417986300.0,348.89,566458407093.6
000333,2025-08-27,73.89,72.71,74.55,72.69,488419.0,0.0070999999999999995,3605612800.0000005,344.8,558092015986.12
000333,2025-08-28,72.71,73.5,73.97,72.51,432987.0,0.0063,3171280800.0,347.76,564155730642.0
000333,2025-08-29,73.5,73.71,74.84,73.39,567669.0,0.008199999999999999,4210933500.0,348.55,565767604158.12
000333,2025-09-01,75.0,74.03,75.84,73.52,776259.0,0.011200000000000002,5792738600.0,349.75,568223792373.16
000333,2025-09-02,74.21,76.16,76.4,73.99,805909.0,0.0116,6106472200.0,357.74,584572795179.52
000333,2025-09-03,76.55,75.62,77.14,74.95,504881.0,0.0073,3826685200.0,355.71,580626587295.8
000333,2025-09-04,75.98,75.59,76.0,74.42,443539.0,0.0064,3328858300.0,355.6,580443366234.16
000333,2025-09-05,75.81,76.22,76.69,75.44,464252.0,0.0067,3530971100.0,357.96,585295446781.52
000333,2025-09-08,76.67,77.03,78.08,76.5,550294.0,0.0079,4245832300.0,361.0,591566754717.14
000333,2025-09-09,77.02,77.18,77.6,76.35,383150.0,0.0055000000000000005,2947171800.0,361.56,592780441481.74
000333,2025-09-10,77.0,77.02,77.27,76.4,271542.0,0.0039000000000000003,2087580300.0,360.96,591591038141.58
000333,2025-09-11,76.9,77.02,77.27,75.9,459605.0,0.0066,3515566400.0,360.96,591615098881.5
000333,2025-09-12,76.95,75.57,77.69,75.41,591171.0,0.0085,4507931200.0,355.53,580497594882.48
000333,2025-09-15,75.2,75.17,75.95,74.5,480680.0,0.0069,3614905700.0,354.03,577445561202.93
000333,2025-09-16,75.13,74.46,75.2,74.05,456028.0,0.0066,3396155200.0,351.36,572004161915.7
000333,2025-09-17,74.41,74.35,75.43,74.17,577227.0,0.0083,4303710300.0,350.95,571165787577.45
000333,2025-09-18,74.6,73.74,75.35,73.19,600840.0,0.0087,4452255600.0,348.66,566487910752.06
000333,2025-09-19,73.41,74.35,74.59,73.21,388478.0,0.005600000000000001,2879645200.0,350.95,571185995981.8
000333,2025-09-22,74.81,73.26,74.9,72.9,479740.0,0.0069,3520814699.9999995,346.86,562819791099.06
000333,2025-09-23,73.25,73.53,73.65,72.72,421477.0,0.0060999999999999995,3082692700.0,347.88,564899651072.82
000333,2025-09-24,73.51,74.1,74.35,72.95,306285.0,0.0044,2260146500.0,350.01,569284829384.7
000333,2025-09-25,73.3,72.84,73.75,72.55,478607.0,0.0069,3487388600.0,345.29,559608376714.56
000333,2025-09-26,73.04,74.2,74.7,72.89,476983.0,0.0069,3524465600.0,350.39,570061579484.6
000333,2025-09-29,74.43,73.73,74.55,73.05,465939.0,0.0067,3431995400.0,348.63,566454817973.29
000333,2025-09-30,73.7,72.66,73.71,72.55,506108.0,0.0073,3690464300.0,344.61,558236719787.04
000333,2025-10-09,72.35,72.63,72.97,71.38,615939.0,0.0089,4446685200.0,344.5,558011326901.58
000333,2025-10-10,72.45,72.83,73.73,72.1,433305.0,0.0063,3168138000.0,345.25,559552878201.54
000333,2025-10-13,71.38,71.81,72.11,71.02,481605.0,0.0069,3450611700.0,341.43,551717879116.65
000333,2025-10-14,72.0,72.6,73.15,71.69,519095.0,0.0075,3767793700.0,344.39,557794008156.0
000333,2025-10-15,72.8,72.92,73.49,72.6,376333.0,0.0054,2753956000.0,345.59,560254550351.24
000333,2025-10-16,73.2,73.18,73.69,72.52,346780.0,0.005,2535057400.0,346.56,562254688029.18
000333,2025-10-17,72.7,72.8,73.59,72.64,276491.0,0.004,2017092900.0,345.14,559338711276.8
000333,2025-10-20,73.09,72.87,73.4,72.39,297557.0,0.0043,2166679600.0,345.4,559878111317.07
000333,2025-10-21,72.9,72.91,73.26,72.58,283947.0,0.0040999999999999995,2070032700.0,345.55,560188968602.22
000333,2025-10-22,72.8,73.88,73.99,72.61,393298.0,0.005699999999999999,2894112400.0,349.19,567643816209.36
000333,2025-10-23,73.8,74.89,74.95,73.68,347633.0,0.005,2588236900.0,352.98,575408829813.22
000333,2025-10-24,74.89,74.61,75.0,74.46,244838.0,0.0034999999999999996,1829626000.0,351.93,573268820243.31
000333,2025-10-27,74.74,74.88,75.35,74.37,340553.0,0.0049,2552508400.0,352.94,575351293345.92
000333,2025-10-28,74.61,74.41,74.92,74.13,233658.0,0.0034000000000000002,1740011900.0,351.18,571739980473.69
000333,2025-10-29,74.25,74.4,74.42,73.5,273587.0,0.0039000000000000003,2025139800.0,351.14,571663144029.6
000333,2025-10-30,74.5,75.3,76.1,74.5,499653.0,0.0072,3777679300.0,354.51,578578423997.7
000333,2025-10-31,75.2,76.4,76.83,75.1,509742.0,0.0074,3888018200.0,358.64,587054658982.0
000333,2025-11-03,76.39,75.39,76.95,75.18,281970.0,0.0040999999999999995,2132026200.0,354.85,579318330586.8
000333,2025-11-04,75.12,75.16,75.79,74.9,302606.0,0.0044,2282008200.0,353.99,577561762482.84
000333,2025-11-05,75.0,75.94,76.39,74.3,266151.0,0.0038,2015978800.0,356.91,583564235744.14
000333,2025-11-06,75.94,77.03,77.43,75.94,355111.0,0.0051,2732619900.0,361.0,591952268760.92
000333,2025-11-07,77.27,76.2,77.27,76.11,264420.0,0.0038,2021807300.0,357.89,585602200040.4
000333,2025-11-10,76.26,77.33,77.55,75.95,391008.0,0.005600000000000001,3010494000.0,362.13,594286327153.86
000333,2025-11-11,77.33,77.23,77.39,76.68,227708.0,0.0033,1755331400.0000002,361.75,593517820329.66
000333,2025-11-12,77.23,79.49,80.55,77.23,737847.0,0.0106,5857421200.0,370.23,610886074556.58
000333,2025-11-13,79.2,79.6,80.0,78.69,333370.0,0.0048,2639881200.0,370.64,611731432063.2
000333,2025-11-14,79.5,79.23,80.42,79.05,273127.0,0.0039000000000000003,2181244600.0,369.25,608887956813.66
000333,2025-11-17,79.23,78.42,79.39,77.91,261095.0,0.0038,2050426800.0,366.21,602663051537.64
000333,2025-11-18,78.29,77.4,78.66,77.0,235904.0,0.0034000000000000002,1833005300.0,364.23,594824281930.8
000333,2025-11-19,77.38,77.4,78.09,77.02,214415.0,0.0031,1661623000.0,364.23,594824281930.8
000333,2025-11-20,77.5,77.94,78.88,77.03,261929.0,0.0038,2050174700.0,366.25,598974218781.48
000333,2025-11-21,77.1,78.75,79.29,77.1,439495.0,0.0063,3442968300.0,369.29,605199124057.5
000333,2025-11-24,78.6,78.56,79.48,78.25,367739.0,0.0053,2903024300.0,368.58,603738961091.52
000333,2025-11-25,78.99,78.7,79.0,77.61,291012.0,0.0042,2280195500.0,369.1,604925122577.2
000333,2025-11-26,78.69,79.8,80.0,78.41,320728.0,0.0046,2538706400.0,373.23,613409515832.4
000333,2025-11-27,79.6,79.8,80.73,78.95,316461.0,0.0046,2524590700.0,373.23,613466886286.8
000333,2025-11-28,79.8,79.86,80.07,79.33,181267.0,0.0026,1445017000.0,373.45,613970023439.52
000333,2025-12-01,79.8,80.0,80.2,79.17,303520.0,0.0044,2419268700.0,373.98,615079251760.0
000333,2025-12-02,80.1,81.56,81.66,80.01,378049.0,0.0055000000000000005,3071966500.0,379.83,627109537295.04
000333,2025-12-03,81.55,82.17,82.88,81.26,368660.0,0.0053,3038100700.0,382.11,631862347600.44
000333,2025-12-04,82.13,81.89,83.17,81.77,289180.0,0.0042,2377656100.0,381.06,629775121567.15
000333,2025-12-05,81.89,82.23,82.59,81.7,246165.0,0.0034999999999999996,2020996800.0,382.34,632421914549.49
000333,2025-12-08,83.0,81.81,83.1,81.04,273365.0,0.0039000000000000003,2235420000.0,380.76,629216775929.61
000333,2025-12-09,81.5,80.2,81.56,79.94,356479.0,0.0051,2872571900.0,374.73,616833949756.2
000333,2025-12-10,79.98,80.07,80.62,79.7,245720.0,0.0034999999999999996,1970629700.0,374.24,615834094226.67
000333,2025-12-11,80.12,79.3,80.56,79.18,272945.0,0.0039000000000000003,2178536600.0,371.35,609911873013.3
000333,2025-12-12,79.35,79.32,79.98,79.2,328959.0,0.004699999999999999,2615340000.0,371.43,610065696940.92
000333,2025-12-15,79.69,80.41,81.1,79.45,365547.0,0.0053,2945959200.0,375.51,618449100996.21
000333,2025-12-16,80.25,79.96,80.85,79.84,214231.0,0.0031,1718619100.0,373.83,614988062624.76
000333,2025-12-17,79.71,80.47,80.92,79.38,230282.0,0.0033,1850597000.0,375.74,618910572779.07
000333,2025-12-18,80.27,79.83,80.61,79.51,214098.0,0.0031,1710070000.0,373.34,614107345946.04
000333,2025-12-19,79.85,79.45,79.9,78.8,278018.0,0.004,2205368600.0,371.91,603645669062.1
000333,2025-12-22,79.3,79.16,79.79,78.9,245037.0,0.0036,1941379900.0,370.83,601449844980.68
000333,2025-12-23,79.38,79.65,80.31,79.02,254680.0,0.0037,2029842300.0,372.66,605172816481.95
000333,2025-12-24,79.43,78.8,79.94,78.76,217047.0,0.0032,1715476099.9999998,369.48,598714600612.4
000333,2025-12-25,78.52,78.59,78.88,78.18,226758.0,0.0033,1780124500.0,368.69,597119041397.57
000333,2025-12-26,78.59,78.87,79.07,78.55,214107.0,0.0031,1688269500.0,369.74,599246453684.01
000333,2025-12-29,78.79,78.41,79.72,78.25,256974.0,0.0038,2026009000.0,368.01,595751419213.43
000333,2025-12-30,78.16,78.85,79.38,78.12,213622.0,0.0031,1681118100.0,369.66,599094495663.55
000333,2025-12-31,78.87,78.15,80.28,77.85,287758.0,0.0042,2256598500.0,367.04,593716908789.9
000333,2026-01-05,80.04,78.68,80.5,78.25,442947.0,0.006500000000000001,3501427600.0,369.03,597743395823.28
000333,2026-01-06,78.58,78.84,79.49,77.39,454525.0,0.0066,3572813800.0,369.63,598958939078.64
000333,2026-01-07,78.99,79.37,79.58,78.06,401968.0,0.0059,3173707500.0,371.61,602985426112.02
000333,2026-01-08,79.37,79.03,79.48,78.31,312537.0,0.0046,2464225400.0,370.34,600402396694.38
000333,2026-01-09,79.6,79.77,79.95,79.3,341081.0,0.005,2719435100.0,373.11,606024284250.42
000333,2026-01-12,79.78,78.62,79.79,77.81,525014.0,0.0077,4117420900.0000005,368.8,597287567102.52
000333,2026-01-13,77.9,76.2,78.0,76.1,945712.0,0.0138,7277543700.0,359.73,579028369500.0
000333,2026-01-14,76.2,77.15,77.63,75.91,539684.0,0.0079,4151813700.0,363.29,586247227125.0
000333,2026-01-15,77.46,77.22,78.05,76.89,360314.0,0.0053,2794124500.0,363.55,586779142950.0
000333,2026-01-16,77.25,77.31,77.85,77.15,371869.0,0.0054,2882035800.0,363.89,587463034725.0
000333,2026-01-19,77.37,77.62,78.14,77.05,336374.0,0.0049,2609235800.0,365.05,589818661950.0
000333,2026-01-20,77.66,79.0,79.37,77.2,455358.0,0.0066,3580248000.0,370.23,600305002500.0
000333,2026-01-21,78.96,77.78,78.96,77.55,368086.0,0.0054,2881638100.0,365.65,591034469550.0
000333,2026-01-22,78.25,77.49,78.26,77.37,344041.0,0.005,2673285100.0,364.56,588830818275.0
000333,2026-01-23,77.57,76.78,77.79,76.71,373707.0,0.0055000000000000005,2879013300.0,361.9,583490248118.58
000333,2026-01-26,76.8,76.35,77.87,76.02,473132.0,0.0069,3631661700.0,360.29,580230330695.4
000333,2026-01-27,76.4,76.1,77.1,75.92,325807.0,0.0048,2493849800.0,359.35,578337335745.8
000333,2026-01-28,76.09,75.34,76.36,75.0,628937.0,0.0092,4759175500.0,356.5,572567859685.78
000333,2026-01-29,75.7,77.88,78.08,75.47,622441.0,0.0091,4784027400.0,366.03,591877642972.44
000333,2026-01-30,77.6,77.59,79.0,77.4,532508.0,0.0078000000000000005,4168550800.0,364.94,589673681538.67
000333,2026-02-02,77.6,77.85,78.48,77.0,345916.0,0.0051,2696447800.0000005,365.91,591651565964.55
000333,2026-02-03,77.8,77.91,78.89,77.43,345037.0,0.005,2691523400.0000005,366.14,592107559464.33
000333,2026-02-04,78.1,79.81,79.88,78.01,389103.0,0.005699999999999999,3080223000.0,373.26,606547353624.03
000333,2026-02-05,79.83,80.45,81.16,79.63,429198.0,0.0063,3456314699.9999995,375.66,611411284288.35
000333,2026-02-06,80.43,79.54,80.8,79.4,312566.0,0.0046,2494058800.0,372.25,604495382875.02
000333,2026-02-09,79.18,79.16,79.34,78.41,334670.0,0.0049,2637206599.9999995,370.83,601607424043.08
000333,2026-02-10,79.21,80.19,80.28,78.88,306184.0,0.0045000000000000005,2442130400.0,374.69,609435312455.97
000333,2026-02-11,80.0,79.69,80.21,79.6,198066.0,0.0029,1581382100.0,372.81,605635366624.47
000333,2026-02-12,79.46,79.8,80.06,79.3,188784.0,0.0028000000000000004,1505278299.9999998,373.23,606471354707.4
000333,2026-02-13,79.51,79.05,80.0,78.91,255102.0,0.0037,2024367800.0,370.41,600771435960.15
000333,2026-02-24,80.2,79.52,80.6,79.52,252514.0,0.0037,2020103200.0,372.18,604343385041.76
000333,2026-02-25,80.28,79.7,80.77,79.29,285524.0,0.0042,2280423700.0,372.85,605711365541.1
000333,2026-02-26,80.15,79.25,80.2,78.75,253271.0,0.0037,2011764300.0,371.16,602291414292.75
000333,2026-02-27,79.03,78.64,79.5,78.5,201604.0,0.0029,1590463800.0,368.88,597655480378.32
000333,2026-03-02,78.0,77.45,78.06,76.7,274786.0,0.004,2126756400.0000002,364.41,588778526828.6
000333,2026-03-03,77.46,76.56,77.64,76.5,288000.0,0.0042,2219134200.0,361.08,582035523247.2
000333,2026-03-04,76.0,76.16,76.52,75.37,284934.0,0.0042,2165428100.0,359.58,579005359197.44
000333,2026-03-05,76.6,76.27,76.99,76.12,196872.0,0.0029,1505981099.9999998,359.99,579852696801.73
000333,2026-03-06,76.22,76.52,76.72,75.76,206629.0,0.003,1576695300.0,360.93,581761637176.28
000333,2026-03-09,75.73,75.41,76.1,75.02,259478.0,0.0038,1958550799.9999998,356.76,573330404052.98
000333,2026-03-10,75.75,76.6,76.84,75.75,209086.0,0.0031,1598535400.0,361.23,582388309517.2
000333,2026-03-11,76.6,77.39,77.72,76.1,251358.0,0.0037,1941618400.0,364.19,588394664145.38
000333,2026-03-12,77.3,77.4,77.75,76.93,193305.0,0.0028000000000000004,1493891500.0,364.23,588470693950.8
000333,2026-03-13,76.95,76.86,77.46,76.65,187293.0,0.0027,1443018599.9999998,362.2,584365084458.12
000333,2026-03-16,76.52,76.64,76.88,75.68,205600.0,0.003,1570261600.0,361.38,582715086895.04
000333,2026-03-17,76.98,76.6,77.6,76.6,214075.0,0.0031,1649202300.0,361.23,582410955847.6
000333,2026-03-18,76.74,77.06,77.3,76.3,200716.0,0.0029,1544837000.0,362.95,585908462893.16
000333,2026-03-19,76.43,76.0,76.98,75.93,232729.0,0.0034000000000000002,1777663100.0,358.98,577848990136.0
000333,2026-03-20,75.92,75.12,76.15,75.12,219126.0,0.0032,1657477600.0,355.68,571158107092.32
000333,2026-03-23,73.95,73.37,73.97,72.35,462008.0,0.0067,3377621400.0,349.11,557852373766.82
000333,2026-03-24,73.73,74.23,74.42,72.8,267147.0,0.0039000000000000003,1968463599.9999998,352.34,564391191286.78
000333,2026-03-25,74.5,74.8,74.97,73.95,184964.0,0.0027,1376467600.0,354.48,568725058712.8
000333,2026-03-26,74.89,74.32,75.54,74.18,177085.0,0.0026,1325335100.0,352.68,565075486143.52
000333,2026-03-27,72.9,74.78,74.95,72.8,319125.0,0.004699999999999999,2367294100.0,354.4,568572993189.08
000333,2026-03-30,73.35,72.1,74.0,71.77,456227.0,0.0067,3304801599.9999995,344.35,548196213010.6
000333,2026-03-31,75.05,76.35,77.32,74.31,694915.0,0.0101,5310077400.0,360.29,580510136801.1
000333,2026-04-01,76.5,76.84,77.4,76.34,273616.0,0.004,2100652600.0,362.13,584257674189.24
000333,2026-04-02,76.85,77.37,77.84,76.58,326318.0,0.0048,2523387300.0,364.11,588297150539.28
000333,2026-04-03,77.3,76.35,77.35,76.2,172773.0,0.0025,1325461900.0,360.29,580541391284.4
000333,2026-04-07,76.35,76.12,76.7,75.62,163826.0,0.0024,1246113300.0,359.43,578810391085.08
000333,2026-04-08,76.95,76.73,77.25,76.35,286804.0,0.0042,2200099900.0,361.71,583461610011.97
000333,2026-04-09,76.4,76.52,77.02,75.9,235024.0,0.0034000000000000002,1796387400.0,360.93,581872278974.68
000333,2026-04-10,76.52,76.41,76.74,76.06,258373.0,0.0038,1971065600.0,360.51,581040876828.78
000333,2026-04-13,76.03,75.78,76.47,75.58,182375.0,0.0027,1384781800.0,358.15,576254414847.78
000333,2026-04-14,76.06,76.55,76.55,75.5,195782.0,0.0029,1489302800.0,361.04,582117989607.45
000333,2026-04-15,76.55,77.49,77.88,76.2,318451.0,0.0046,2461286900.0,364.56,589271688253.71
000333,2026-04-16,77.77,77.9,78.44,77.4,238078.0,0.0034999999999999996,1853913700.0,366.1,592399598396.6
000333,2026-04-17,78.18,78.65,79.25,77.84,277352.0,0.004,2181684900.0,368.91,598112061060.8
000333,2026-04-20,78.4,79.58,79.9,78.05,276700.0,0.004,2201771500.0,372.4,605204434215.98
000333,2026-04-21,79.75,79.5,80.08,79.2,238793.0,0.0034999999999999996,1903225400.0,372.1,604625084353.5
000333,2026-04-22,79.5,79.3,79.63,78.87,202782.0,0.003,1606990600.0,371.35,603131212876.4
000333,2026-04-23,79.29,79.85,80.15,78.73,299432.0,0.0044,2388456600.0,373.41,607330719982.05
000333,2026-04-24,79.56,79.66,80.2,79.46,217880.0,0.0032,1740580500.0,372.7,605910286237.34
000333,2026-04-27,79.24,79.5,80.15,79.01,258512.0,0.0038,2060818400.0,372.1,604711912504.5
000333,2026-04-28,79.45,80.45,80.8,79.18,304729.0,0.0044,2450034700.0,375.66,611938029697.95
000333,2026-04-29,80.55,81.31,81.94,80.45,331108.0,0.0048,2684108100.0,378.89,618479567367.81
000333,2026-04-30,81.0,81.1,82.15,80.61,354433.0,0.0052,2889837700.0,378.1,616882215146.1
000333,2026-05-06,79.7,80.44,80.88,79.15,360419.0,0.0053,2885237900.0,375.63,611893109904.76
000333,2026-05-07,80.0,79.81,80.98,79.77,372176.0,0.0054,2988466100.0,373.26,607142822339.02
000333,2026-05-08,79.65,80.4,81.09,79.32,282423.0,0.0040999999999999995,2273797200.0,375.48,611653162158.0
000333,2026-05-11,80.14,80.67,82.45,79.58,436444.0,0.0064,3540579400.0,376.49,613726705671.09
000333,2026-05-12,80.66,80.09,81.17,79.73,357756.0,0.0052,2875768700.0,374.31,609345411732.04
000333,2026-05-13,79.96,80.38,80.95,79.63,328497.0,0.0048,2636662800.0000005,375.4,611575143139.54
000333,2026-05-14,80.39,81.81,82.08,80.39,389267.0,0.005699999999999999,3174393400.0000005,380.76,622475481317.4
000333,2026-05-15,81.45,82.57,83.3,80.75,426609.0,0.0062,3525964200.0,383.61,628279907913.05
000333,2026-05-18,82.68,82.83,83.44,82.08,377354.0,0.0055000000000000005,3123465700.0,384.59,630278084342.61
000333,2026-05-19,82.83,81.0,82.84,80.5,335818.0,0.0049,2725821100.0,377.73,616377032028.0
000333,2026-05-20,80.72,81.5,82.16,80.08,301597.0,0.0044,2454297400.0,379.6,620216158604.0
000333,2026-05-21,82.15,81.5,83.15,81.5,311813.0,0.0045000000000000005,2562761500.0,379.6,620249612805.5
000333,2026-05-22,81.67,80.28,82.0,79.89,309848.0,0.0045000000000000005,2493884600.0,375.03,610987344736.32
000333,2026-05-25,80.0,79.81,80.14,78.79,231275.0,0.0034000000000000002,1842662800.0,373.26,607440829766.43
000333,2026-05-26,79.8,79.55,80.7,79.43,244953.0,0.0036,1954515600.0,372.29,605491659387.3
000333,2026-05-27,79.53,80.03,80.28,78.87,255888.0,0.0037,2034009900.0,374.09,609171500480.05
000333,2026-05-28,79.6,78.95,79.78,78.61,241998.0,0.0034999999999999996,1913267200.0,370.04,600972520144.35
000333,2026-05-29,78.92,80.85,81.26,78.5,429729.0,0.0063,3461222700.0,377.16,615457903575.9
000333,2026-06-01,80.32,81.7,82.0,80.29,376711.0,0.0055000000000000005,3058759000.0,380.35,621953827633.3
000333,2026-06-02,81.26,82.6,82.79,81.22,263177.0,0.0038,2162929100.0,383.73,628822091037.0
000333,2026-06-03,82.3,82.61,82.7,81.56,230326.0,0.0034000000000000002,1895270000.0,383.76,628912880663.98
000333,2026-06-04,82.05,82.42,83.48,81.8,243658.0,0.0036,2019048200.0,383.05,627482684300.16
000333,2026-06-05,82.3,81.69,83.3,81.6,209494.0,0.0031,1725517900.0,380.31,621935835618.93
000333,2026-06-08,81.39,82.85,83.75,80.88,367031.0,0.0053,3034363500.0,384.66,630773413444.95
000333,2026-06-09,82.5,82.36,82.99,81.75,220992.0,0.0032,1819542300.0,382.83,627042828380.52
000333,2026-06-10,82.5,83.9,84.88,81.47,386973.0,0.005600000000000001,3242378400.0000005,388.6,638767524297.3
000333,2026-06-11,83.66,85.35,85.9,83.4,521437.0,0.0076,4432709100.0,394.04,649807010712.45
000333,2026-06-12,84.5,83.23,84.66,82.55,429353.0,0.0063,3569548800.0,386.09,633666520229.61
000333,2026-06-15,82.95,80.93,82.98,80.5,432926.0,0.0063,3514282100.0,377.46,616155610743.51
000333,2026-06-16,80.97,78.96,80.99,78.56,415239.0,0.0060999999999999995,3291473100.0,370.08,601157136096.72
000333,2026-06-17,78.97,79.22,79.85,78.54,334472.0,0.0049,2647888300.0,371.05,603136630212.54
000333,2026-06-18,79.23,78.0,79.49,77.8,363668.0,0.0053,2850857600.0,366.48,593848234746.0
000333,2026-06-22,77.33,78.28,79.15,76.9,306710.0,0.0045000000000000005,2398663400.0,367.53,595979997639.96
000333,2026-06-23,78.17,78.07,79.62,77.82,360891.0,0.0053,2832542700.0,366.74,594381175469.49
000333,2026-06-24,78.5,76.63,78.7,76.0,384878.0,0.005600000000000001,2950191900.0,361.34,583417823443.41
000333,2026-06-25,76.64,76.5,78.37,76.2,411490.0,0.006,3173689900.0,360.85,582428076385.5
000333,2026-06-26,76.88,78.55,78.94,76.61,449534.0,0.0066,3512507600.0,368.54,598035626144.85
000333,2026-06-29,75.79,77.27,77.99,75.14,743258.0,0.0108,5697835000.0,377.7,588290424343.89
000333,2026-06-30,76.52,75.53,78.66,75.31,577509.0,0.0084,4402003700.0,371.17,575043040645.71
000333,2026-07-01,76.01,77.4,77.6,73.62,502242.0,0.0073,3810029200.0,378.18,589280171401.8
000333,2026-07-02,77.61,77.01,79.26,76.98,561468.0,0.008199999999999999,4362682500.0,376.72,586310930228.07
000333,2026-07-03,77.5,77.96,79.9,77.31,557803.0,0.008100000000000001,4376620900.0,380.28,593543697189.72
000333,2026-07-06,78.6,80.0,80.15,78.0,503837.0,0.0073,4006480100.0,387.93,609075112560.0
000333,2026-07-07,79.43,79.12,80.35,78.65,340654.0,0.005,2696341000.0,384.63,602375286321.84
000333,2026-07-08,78.75,79.41,79.96,78.33,315459.0,0.0046,2505012500.0,385.72,604583183604.87
000333,2026-07-09,79.0,79.33,79.59,78.0,301215.0,0.0044,2381427400.0,385.42,603974108492.31
000333,2026-07-10,79.14,78.99,79.3,77.86,279619.0,0.0040999999999999995,2201420900.0,384.15,601385539263.93
000333,2026-07-13,78.5,80.4,80.67,78.42,470416.0,0.0069,3769459400.0,389.43,612120488122.8
000333,2026-07-14,80.43,81.18,82.0,79.91,457503.0,0.0067,3706958300.0,392.36,618058970470.26
000333,2026-07-15,81.17,82.67,82.76,80.58,332211.0,0.0048,2726356500.0,397.95,629833827079.94
000333,2026-07-16,82.15,81.8,83.45,81.8,362382.0,0.0053,2982559400.0,394.68,623330886700.2
000333,2026-07-17,82.31,82.71,83.45,81.34,462795.0,0.0067,3817607300.0,398.1,630392941414.26
000333,2026-07-20,81.23,84.3,84.5,81.11,547048.0,0.008,4571947500.0,404.06,642590683104.0
000333,2026-07-21,84.15,84.27,85.75,83.61,459099.0,0.0067,3881820700.0,403.95,642463737091.86
000333,2026-07-22,84.04,84.8,84.8,83.51,326917.0,0.0048,2751711200.0,405.93,646577900780.8
000333,2026-07-23,84.67,84.77,85.18,84.27,191238.0,0.0028000000000000004,1620700000.0,405.82,646394631430.94
000333,2026-07-24,84.75,84.5,85.2,84.11,237911.0,0.0034999999999999996,2014365100.0,404.81,644366436181.0
000333,2026-07-27,84.03,84.13,84.55,83.2,228192.0,0.0033,1919459100.0,403.42,641567882082.01
000333,2026-07-28,84.12,85.37,85.92,84.01,336711.0,0.0049,2871540800.0,408.07,651050640179.89
000333,2026-07-29,85.35,87.01,87.5,85.1,478144.0,0.0069,4150483900.0,414.22,663557645566.97
000333,2026-07-30,87.01,88.95,89.5,86.5,461498.0,0.0067,4071773600.0,421.5,678352517793.15
000333,2026-07-31,87.01,87.6,87.79,84.51,475045.0,0.0069,4107738700.0,416.43,668167979635.2
000333,2026-08-03,87.39,85.9,87.97,85.65,336693.0,0.0049,2911398300.0,410.06,655226748164.6
000333,2026-08-04,85.99,85.14,86.2,84.66,381121.0,0.0055000000000000005,3241774699.9999995,407.21,649445858249.76
000333,2026-08-05,85.0,85.47,85.6,84.28,291297.0,0.0042,2473355700.0,408.45,651972527855.88
000333,2026-08-06,85.5,85.32,86.0,84.8,208696.0,0.003,1780112900.0,407.88,650839253631.84
000333,2026-08-07,85.26,83.5,85.33,82.97,400168.0,0.0058,3352328500.0,401.06,636958867652.0
000333,2026-08-10,83.5,85.3,86.07,83.12,311419.0,0.0045000000000000005,2645241000.0,407.81,650703757873.6
000333,2026-08-11,85.26,85.62,86.12,85.03,195092.0,0.0028000000000000004,1671643800.0,409.01,653151100777.44
000333,2026-08-12,85.18,84.34,85.37,84.16,219285.0,0.0032,1852073200.0,404.21,643389786861.08
000333,2026-08-13,84.19,84.19,84.57,83.8,199750.0,0.0029,1681492000.0,403.65,642251679258.78
000333,2026-08-14,83.77,83.03,84.3,83.0,223924.0,0.0033,1866196099.9999998,399.3,633406524042.86
000333,2026-08-17,83.15,82.61,83.28,82.39,188452.0,0.0027,1559306900.0,397.72,630206906339.12
000333,2026-08-18,82.8,83.58,83.89,82.39,227070.0,0.0033,1887839800.0,401.36,637612712943.36
000333,2026-08-19,83.51,84.72,84.78,83.38,334067.0,0.0049,2816516500.0,405.63,646311774354.24
000333,2026-08-20,84.78,85.38,85.53,83.95,263355.0,0.0038,2237151400.0,408.11,651346781094.96
000333,2026-08-21,85.38,84.3,85.99,84.25,180211.0,0.0026,1530494700.0,404.06,643107679155.6
000333,2026-08-24,84.11,85.99,86.35,84.05,276683.0,0.004,2368707200.0,410.4,656000347931.08
000333,2026-08-25,86.2,86.69,87.4,86.03,253055.0,0.0037,2195606000.0,413.02,661340506595.48
000333,2026-08-26,86.03,86.39,87.26,86.02,166377.0,0.0024,1440578200.0,411.9,659051867167.88
000333,2026-08-27,86.0,86.18,86.56,85.4,219219.0,0.0032,1883866000.0,411.11,657449819568.56
000333,2026-08-28,86.5,86.23,86.98,85.42,169362.0,0.0025,1459282400.0,411.3,657831259473.16
000333,2026-08-31,86.6,87.73,87.98,86.12,267918.0,0.0039000000000000003,2344709700.0,416.92,669274456611.16
000333,2026-09-01,87.9,87.49,88.41,87.0,184260.0,0.0027,1616473100.0,416.02,667443545069.08
000333,2026-09-02,87.37,86.98,87.89,86.68,123201.0,0.0018,1070635800.0,414.11,663573577113.06
000333,2026-09-03,87.25,87.25,88.5,86.56,148596.0,0.0022,1302253100.0,415.12,665633416913.25
000333,2026-09-04,87.0,87.57,88.28,86.02,179524.0,0.0026,1569955400.0,416.32,668078462741.76
000333,2026-09-07,87.54,86.27,87.7,85.96,228905.0,0.0033,1977895700.0,411.45,658163492240.0
000333,2026-09-08,85.88,85.15,86.38,84.68,229435.0,0.0033,1956253800.0,407.25,649622995287.5
000333,2026-09-09,85.0,86.02,86.04,84.44,179786.0,0.0026,1537157600.0,410.51,656265635150.4
000333,2026-09-10,85.99,86.2,86.6,85.4,204987.0,0.003,1764174900.0,411.18,657642773593.0
000333,2026-09-11,86.2,86.26,86.9,85.95,222863.0,0.0032,1926234900.0,411.41,658106444000.8
000333,2026-09-14,86.29,86.8,87.4,86.26,180951.0,0.0026,1572363599.9999998,413.43,662227249292.0
000333,2026-09-15,86.7,87.23,88.1,86.44,196776.0,0.0029,1722618400.0,415.05,665507868153.7
000333,2026-09-16,87.0,85.0,87.41,84.51,298455.0,0.0043,2546175000.0,406.68,648494426150.0
