code,date,open,close,high,low,volume,turnover,amount,close_hfq,market_cap_yuan
002415,2020-12-01,45.9,45.48,46.28,45.05,41664222.0,0.0051,1890821900.0,872.14,425011086454.08
002415,2020-12-02,45.5,44.83,45.68,44.8,30590181.0,0.0038,1375118500.0,860.44,418936829501.68
002415,2020-12-03,45.11,45.5,45.78,44.51,32536890.000000004,0.004,1469920900.0,872.5,425197986668.0
002415,2020-12-04,45.14,45.87,46.0,45.14,30725313.0,0.0038,1403016099.9999998,879.16,428655640625.52
002415,2020-12-07,45.0,44.8,45.52,43.54,50395029.0,0.0062,2263334000.0,859.9,418656479180.8
002415,2020-12-08,44.95,44.28,45.2,43.68,50285170.0,0.0062,2234520100.0,850.54,413797073618.88
002415,2020-12-09,44.5,43.71,44.63,43.55,35255241.0,0.0044,1549925500.0,840.28,408470417522.16
002415,2020-12-10,43.99,45.0,45.89,43.38,43498215.0,0.0054,1952422200.0,863.5,420525481320.0
002415,2020-12-11,45.12,44.47,45.4,43.7,45645362.0,0.005600000000000001,2020677500.0,853.96,415572625651.12
002415,2020-12-14,44.48,45.85,46.3,44.42,51018187.0,0.0063,2331354700.0,878.8,428468740411.6
002415,2020-12-15,46.3,46.71,47.2,45.85,48553183.0,0.006,2268365500.0,894.28,436505449610.16
002415,2020-12-16,46.35,46.0,46.71,45.63,36743185.0,0.0045000000000000005,1691696700.0000002,881.5,429870492016.0
002415,2020-12-17,45.74,44.87,46.07,44.62,38746736.0,0.0048,1750203800.0,861.16,419239129315.3
002415,2020-12-18,44.7,45.88,45.88,44.54,56884251.0,0.006999999999999999,2577562500.0,879.34,428675980677.2
002415,2020-12-21,45.49,45.19,45.61,43.61,47904587.0,0.0059,2149480400.0,866.92,422229022816.1
002415,2020-12-22,44.98,44.82,45.72,44.68,32690432.0,0.004,1478956200.0,860.26,418771958455.8
002415,2020-12-23,44.4,45.76,46.7,44.25,53127321.0,0.0066,2425960600.0,877.18,427554770614.4
002415,2020-12-24,46.05,47.12,47.5,46.05,59939896.0,0.0074,2812982500.0,901.66,440261817992.8
002415,2020-12-25,47.38,47.25,47.9,46.7,43899940.0,0.0054,2080711800.0,904.0,441476462227.5
002415,2020-12-28,46.33,47.0,47.34,46.33,42322239.0,0.0052,1983876300.0,899.5,439140607930.0
002415,2020-12-29,47.14,46.61,47.5,44.91,45553009.0,0.005600000000000001,2113307400.0,892.48,435496675225.9
002415,2020-12-30,46.31,46.95,47.66,45.98,46188957.0,0.005699999999999999,2175470200.0,898.6,438673437070.5
002415,2020-12-31,46.1,48.51,49.14,46.1,118943687.00000001,0.0147,5785848600.0,926.68,453249167886.9
002415,2021-01-04,48.1,49.8,50.65,46.92,157793361.0,0.0195,7675782100.0,949.9,465302176062.0
002415,2021-01-05,49.5,54.78,54.78,49.4,147156104.0,0.0182,7956690600.000001,1039.54,511832393668.2
002415,2021-01-06,55.5,55.42,58.32,54.8,131752692.0,0.0163,7419141899.999999,1051.06,517812180669.8
002415,2021-01-07,56.0,58.29,59.45,55.68,93609657.0,0.0116,5423116500.0,1102.72,544627788005.1
002415,2021-01-08,58.2,57.34,58.9,55.72,85544954.0,0.0106,4894349600.0,1085.62,535751541674.6
002415,2021-01-11,58.01,59.0,61.31,57.84,129337078.0,0.016,7708604399.999999,1115.5,551261614210.0
002415,2021-01-12,59.04,61.25,61.55,59.01,84141203.0,0.0104,5112224400.0,1156.0,572284302887.5
002415,2021-01-13,60.8,59.91,61.44,59.0,72099546.0,0.0089,4349146900.0,1131.88,559764123852.9
002415,2021-01-14,59.12,57.24,59.69,56.8,62406543.00000001,0.0077,3629183000.0,1083.82,534817199955.6
002415,2021-01-15,57.58,58.9,60.97,57.58,57256014.0,0.0070999999999999995,3386754300.0,1113.7,550327272491.0
002415,2021-01-18,58.21,59.78,61.1,57.07,45947104.0,0.005699999999999999,2736546500.0,1129.54,558549479618.2
002415,2021-01-19,59.82,60.59,62.19,59.82,48253933.0,0.0058,2948151400.0,1144.12,566117647542.1
002415,2021-01-20,59.71,60.4,60.58,59.2,46239256.0,0.0055000000000000005,2771744400.0,1140.7,564342398276.0
002415,2021-01-21,60.63,63.2,64.57,60.6,74640858.0,0.0089,4690048500.0,1191.1,590503966408.0
002415,2021-01-22,64.0,66.74,67.88,63.5,68616533.0,0.008199999999999999,4524129300.0,1254.82,623579663260.6
002415,2021-01-25,66.81,67.65,70.48,64.53,62922402.0,0.0075,4255124800.0,1271.2,632082172903.5
002415,2021-01-26,66.73,65.1,67.38,64.7,48400361.0,0.0058,3175946200.0,1225.3,608256459069.0
002415,2021-01-27,65.15,69.08,69.78,63.94,59629094.99999999,0.0070999999999999995,3962059400.0,1296.94,645443259485.2
002415,2021-01-28,67.5,63.95,67.5,62.17,84618566.0,0.0101,5470475300.0,1204.6,597511529300.5
002415,2021-01-29,63.6,63.0,64.92,61.51,62260960.0,0.0075,3916791599.9999995,1187.5,588635282970.0
002415,2021-02-01,63.59,63.66,64.5,61.3,50235570.0,0.006,3157186200.0,1199.38,594801938315.4
002415,2021-02-02,63.66,64.48,66.06,63.5,45263816.0,0.0054,2936284500.0,1214.14,602463540411.2
002415,2021-02-03,64.48,59.9,66.49,59.12,73388139.0,0.0088,4634693200.0,1131.7,559670689681.0
002415,2021-02-04,61.01,60.78,62.64,59.9,63513554.0,0.0076,3881094900.0,1147.54,567892896808.2
002415,2021-02-05,60.82,59.64,61.3,58.06,56512178.0,0.0068000000000000005,3363584300.0,1127.02,557241401211.6
002415,2021-02-08,59.62,59.88,61.27,58.4,53111027.0,0.0064,3184120200.0,1131.34,559483821337.2
002415,2021-02-09,60.84,62.5,63.65,60.21,55688071.0,0.0067,3462194300.0,1178.5,583963574375.0
002415,2021-02-10,62.5,66.0,66.5,61.28,55685991.0,0.0067,3593450400.0,1241.5,616665534540.0
002415,2021-02-18,66.01,61.31,67.2,61.05,70039935.0,0.0084,4421816400.0,1157.08,572844907918.9
002415,2021-02-19,60.6,61.68,62.19,59.52,41627554.0,0.005,2547252000.0,1163.74,576301972279.2
002415,2021-02-22,61.4,58.64,61.4,57.8,66889347.0,0.008,3944737199.9999995,1109.02,547897984021.6
002415,2021-02-23,58.55,58.36,59.79,57.11,44484595.0,0.0053,2593229000.0,1103.98,545281827208.4
002415,2021-02-24,58.98,56.06,59.02,55.21,69842218.0,0.0084,3965119300.0,1062.58,523791967671.4
002415,2021-02-25,57.18,56.98,58.4,56.5,36598018.0,0.0044,2102497100.0,1079.14,532387911486.2
002415,2021-02-26,55.0,55.56,56.59,54.35,47652324.0,0.005699999999999999,2651193800.0,1053.58,519120259076.4
002415,2021-03-01,57.7,58.23,59.6,57.66,49789524.0,0.006,2911832700.0,1101.64,544067182973.7
002415,2021-03-02,58.3,59.41,60.58,58.3,46738147.0,0.005600000000000001,2775047800.0000005,1122.88,555092415257.9
002415,2021-03-03,59.45,59.68,59.92,57.8,25830891.0,0.0031,1528435300.0,1127.74,557615137899.2
002415,2021-03-04,58.82,57.95,58.86,57.38,27211115.999999996,0.0033,1574937500.0,1096.6,541451026160.5
002415,2021-03-05,56.98,58.2,59.82,55.68,49015730.0,0.0059,2839053100.0,1101.1,543786880458.0
002415,2021-03-08,59.0,56.1,60.12,55.86,46149747.0,0.0055000000000000005,2660372100.0,1063.3,524165704359.0
002415,2021-03-09,55.65,53.48,55.65,52.9,65948243.00000001,0.0079,3566533300.0,1016.14,499685951321.2
002415,2021-03-10,54.46,54.34,55.43,53.96,33347646.000000004,0.004,1823436300.0,1031.62,507721290104.6
002415,2021-03-11,54.81,56.62,57.3,54.03,36616992.0,0.0044,2058729500.0,1072.66,529024281297.8
002415,2021-03-12,56.9,55.8,57.2,55.25,19707449.0,0.0024,1102585200.0,1057.9,521362679202.0
002415,2021-03-15,54.01,53.99,55.19,52.41,41300079.0,0.005,2225417800.0,1025.32,504451094088.1
002415,2021-03-16,53.95,53.3,54.4,50.78,50358909.0,0.006,2633734099.9999995,1012.9,498004136227.0
002415,2021-03-17,53.3,53.5,54.4,52.38,24555905.0,0.0029,1318260100.0,1016.5,499872819665.0
002415,2021-03-18,54.57,54.46,54.65,53.65,20055377.0,0.0024,1086393800.0,1033.78,508842500167.4
002415,2021-03-19,53.51,53.5,55.97,53.08,23468276.0,0.0028000000000000004,1275394500.0,1016.5,499872819665.0
002415,2021-03-22,52.68,53.02,53.5,51.46,32872556.0,0.0039000000000000003,1724350500.0,1007.86,495387979413.8
002415,2021-03-23,53.1,52.3,53.5,51.6,26037363.0,0.0031,1361179600.0,994.9,488660719037.0
002415,2021-03-24,52.05,51.23,52.75,51.02,27695130.0,0.0033,1430148400.0,975.64,478663262643.7
002415,2021-03-25,51.08,50.39,51.63,49.67,36001721.0,0.0043,1816768400.0,960.52,470814792204.1
002415,2021-03-26,50.89,53.4,54.5,50.58,36243014.0,0.0043,1910217300.0,1014.7,498938477946.0
002415,2021-03-29,54.02,53.55,55.34,53.4,29832527.0,0.0036,1624508700.0,1017.4,500339990524.5
002415,2021-03-30,53.88,55.27,56.48,53.28,36531313.0,0.0044,2020813800.0,1048.36,516410668091.3
002415,2021-03-31,55.35,55.9,56.51,54.66,23124763.0,0.0028000000000000004,1291534400.0,1059.7,522297020921.0
002415,2021-04-01,55.92,56.31,56.62,55.34,18564615.0,0.0022,1040904100.0,1067.08,526127821968.9
002415,2021-04-02,56.77,56.5,57.75,55.5,31469474.0,0.0038,1785461300.0,1070.5,527903071235.0
002415,2021-04-06,57.09,56.35,57.45,55.6,20112005.0,0.0024,1137675500.0,1067.8,526501558656.5
002415,2021-04-07,56.0,55.81,57.18,55.25,18732726.0,0.0022,1046702100.0000001,1058.08,521456113373.9
002415,2021-04-08,55.26,57.51,58.06,55.09,24935956.0,0.003,1427733000.0,1088.68,537339922596.9
002415,2021-04-09,57.5,55.51,57.5,55.21,21092249.0,0.0025,1181209400.0,1052.68,518653088216.9
002415,2021-04-12,55.5,53.66,55.75,53.31,18994641.0,0.0023,1023306100.0,1019.38,501367766415.4
002415,2021-04-13,53.66,54.0,54.86,53.22,16082950.0,0.0019,869567500.0,1025.5,504544528260.0
002415,2021-04-14,54.79,54.67,55.61,53.6,22753248.0,0.0027,1248677100.0,1037.56,510804617777.3
002415,2021-04-15,54.72,56.36,56.5,54.4,21985138.0,0.0026,1219402200.0,1067.98,526594992828.4
002415,2021-04-16,56.45,57.03,57.6,55.65,25464037.0,0.0031,1451264400.0,1080.04,532855082345.7
002415,2021-04-19,59.6,61.21,62.55,59.6,68676218.0,0.008199999999999999,4197673400.0000005,1155.28,571910566199.9
002415,2021-04-20,61.22,62.4,62.8,60.2,39706454.0,0.0048,2456260500.0,1176.7,583029232656.0
002415,2021-04-21,62.37,62.0,62.55,61.0,22331911.0,0.0027,1380250200.0,1169.5,579291865780.0
002415,2021-04-22,62.66,62.88,64.53,61.52,37451371.0,0.0045000000000000005,2370355300.0,1185.34,587514072907.2
002415,2021-04-23,63.08,63.23,64.44,62.68,27131551.0,0.0033,1728203000.0,1191.64,590784268923.7
002415,2021-04-26,63.26,64.0,64.59,62.34,34003750.0,0.0040999999999999995,2171671600.0,1205.5,597978700160.0
002415,2021-04-27,63.3,62.52,63.3,61.4,35065207.0,0.0042,2178051700.0,1178.86,584150442718.8
002415,2021-04-28,62.5,63.88,64.41,62.5,23044238.0,0.0028000000000000004,1467752300.0,1203.34,596857490097.2
002415,2021-04-29,63.6,63.6,64.39,62.8,17081262.0,0.002,1086257700.0,1198.3,594241333284.0
002415,2021-04-30,63.6,62.78,63.88,62.3,17581983.0,0.0021,1105756700.0,1183.54,586579731188.2
002415,2021-05-06,62.09,61.9,63.9,61.7,21871307.0,0.0026,1366455799.9999998,1167.7,578357524061.0
002415,2021-05-07,62.97,59.32,63.0,59.3,26311408.0,0.0032,1604124400.0,1121.26,554251507710.8
002415,2021-05-10,59.41,60.6,62.0,59.36,24346518.0,0.0029,1481966500.0,1144.3,566211081714.0
002415,2021-05-11,60.0,60.55,60.88,58.48,22018013.0,0.0026,1312836000.0,1143.4,565743910854.5
002415,2021-05-12,60.61,61.5,62.66,60.24,25786811.0,0.0031,1590070900.0,1160.5,574620157185.0
002415,2021-05-13,60.68,60.09,61.0,59.83,20116006.0,0.0024,1212918000.0,1135.12,561445938947.1
002415,2021-05-14,60.39,60.69,61.05,58.88,26944665.999999996,0.0032,1618120600.0,1145.92,567051989261.1
002415,2021-05-17,60.9,62.55,63.08,60.9,31375963.0,0.0038,1956787900.0,1179.4,584430745234.5
002415,2021-05-18,62.3,62.4,63.0,61.88,16168897.0,0.0019,1007521799.9999999,1176.7,583029232656.0
002415,2021-05-19,61.8,61.7,62.5,61.3,15086799.0,0.0018,932847899.9999999,1164.1,576488840623.0
002415,2021-05-20,61.5,62.77,63.5,61.38,23183732.0,0.0028000000000000004,1455404100.0,1183.36,586486297016.3
002415,2021-05-21,63.18,64.0,64.2,62.62,23272595.0,0.0028000000000000004,1480156099.9999998,1205.5,597978700160.0
002415,2021-05-24,64.1,65.0,65.27,63.23,25552711.0,0.0031,1650248599.9999998,1223.5,607322117350.0
002415,2021-05-25,65.0,65.31,65.9,64.46,33551665.999999996,0.004,2187088900.0,1229.08,610218576678.9
002415,2021-05-26,65.3,65.18,65.5,64.2,20120255.0,0.0024,1305370000.0,1226.74,609003932444.2
002415,2021-05-27,64.8,64.36,64.9,63.2,31828503.000000004,0.0038,2032651600.0,1211.98,601342330348.4
002415,2021-05-28,63.6,64.0,65.0,62.9,25265369.0,0.003,1615648100.0,1219.9,597978700160.0
002415,2021-05-31,63.89,64.58,64.6,63.03,23538344.0,0.0028000000000000004,1504355000.0,1230.34,603397882130.2
002415,2021-06-01,64.02,63.48,65.93,62.5,32516877.0,0.0039000000000000003,2072203900.0000002,1210.54,593120123221.2
002415,2021-06-02,63.04,61.62,63.6,60.2,47323134.0,0.005699999999999999,2899408500.0,1177.06,575741367247.8
002415,2021-06-03,61.58,60.4,62.06,60.24,30236944.0,0.0036,1839906099.9999998,1155.1,564342398276.0
002415,2021-06-04,60.38,61.12,61.87,59.07,26083701.0,0.0031,1584924000.0,1168.06,571069658652.8
002415,2021-06-07,60.9,60.39,61.01,59.2,31294482.0,0.0038,1875020700.0,1154.92,564248964104.1
002415,2021-06-08,60.6,59.66,61.05,59.33,24410079.0,0.0029,1466414300.0,1141.78,557428269555.4
002415,2021-06-09,59.66,59.99,60.16,59.06,15909909.0,0.0019,951397500.0,1147.72,560511597228.1
002415,2021-06-10,59.7,61.62,61.68,59.35,30476486.0,0.0037,1864340000.0,1177.06,575741367247.8
002415,2021-06-11,62.0,62.0,63.88,60.77,37347843.0,0.0045000000000000005,2305317400.0,1183.9,579291865780.0
002415,2021-06-15,61.4,60.72,61.58,59.5,30828888.0,0.0037,1861534700.0,1160.86,567332291776.8
002415,2021-06-16,60.5,58.68,60.7,58.01,32140338.0,0.0039000000000000003,1893730300.0,1124.14,548271720709.2
002415,2021-06-17,58.5,59.14,59.95,58.05,20775443.0,0.0025,1226221200.0,1132.42,552569692616.6
002415,2021-06-18,59.14,59.95,61.81,59.01,31626026.0,0.0038,1917139000.0,1147.0,560137860540.5
002415,2021-06-21,59.96,59.72,60.65,58.21,28553280.0,0.0034000000000000002,1701071500.0,1142.86,557988874586.8
002415,2021-06-22,59.8,59.94,60.25,58.5,25519848.0,0.0031,1526353599.9999998,1146.82,560044426368.6
002415,2021-06-23,60.0,59.9,60.65,58.59,28681978.000000004,0.0034000000000000002,1710213400.0,1146.1,559670689681.0
002415,2021-06-24,60.98,63.4,63.8,59.95,57809972.0,0.0069,3584291300.0,1209.1,592372649846.0
002415,2021-06-25,63.3,63.51,63.75,61.94,43511274.0,0.0052,2741734300.0,1211.08,593400425736.9
002415,2021-06-28,63.25,63.14,63.29,61.34,47615249.0,0.005699999999999999,2969587300.0,1204.42,589943361376.6
002415,2021-06-29,63.12,62.47,63.75,62.36,39073733.0,0.004699999999999999,2451687600.0,1192.36,583683271859.3
002415,2021-06-30,62.48,64.5,64.55,61.93,44245463.0,0.0053,2817703300.0,1228.9,602159494353.0
002415,2021-07-01,64.89,65.14,65.2,63.48,38472610.0,0.0046,2476286800.0,1240.42,608134410265.96
002415,2021-07-02,64.0,62.22,64.1,62.21,40952991.0,0.005,2568224300.0,1187.86,580873856413.08
002415,2021-07-05,62.1,61.17,62.61,60.1,33935469.0,0.0042,2073529200.0000002,1168.96,571071259993.38
002415,2021-07-06,61.0,60.62,61.72,59.74,35948304.0,0.0044,2173894000.0,1159.06,565936566630.68
002415,2021-07-07,60.49,61.77,62.22,60.15,26090740.0,0.0032,1604016600.0,1179.76,576672743661.78
002415,2021-07-08,61.01,61.06,62.0,60.33,33380988.0,0.0040999999999999995,2033880500.0,1166.98,570044321320.84
002415,2021-07-09,61.0,60.36,61.41,59.3,37291102.0,0.0046,2239805600.0,1154.38,563509257041.04
002415,2021-07-12,60.36,62.6,62.88,58.87,52435121.0,0.0064,3195063100.0,1194.7,584421462736.4
002415,2021-07-13,62.55,62.63,63.3,61.88,25515859.0,0.0031,1599603700.0,1195.24,584701536919.82
002415,2021-07-14,62.6,62.19,63.24,60.88,26965402.0,0.0033,1675177200.0,1187.32,580593782229.66
002415,2021-07-15,61.81,63.34,63.8,61.03,35718345.0,0.0044,2245214900.0,1208.02,591329959260.76
002415,2021-07-16,63.7,63.0,63.75,62.4,26432646.999999996,0.0032,1664213599.9999998,1201.9,588155785182.0
002415,2021-07-19,62.35,63.38,63.8,61.23,30793432.0,0.0038,1925770900.0,1208.74,591703391505.32
002415,2021-07-20,62.63,63.93,65.14,62.32,30214080.0,0.0037,1938045500.0,1218.64,596838084868.02
002415,2021-07-21,64.87,67.48,69.04,64.25,81919851.0,0.0101,5486843900.0,1282.54,629980196572.72
002415,2021-07-22,68.2,67.53,69.68,66.93,48705052.0,0.006,3312348100.0,1283.44,630446986878.42
002415,2021-07-23,67.8,67.4,68.65,66.03,43257174.0,0.0053,2910912400.0,1281.1,629233332083.6
002415,2021-07-26,70.0,65.1,70.44,63.49,85992785.0,0.0106,5623993400.0,1239.7,607760978021.4
002415,2021-07-27,64.83,60.71,64.88,60.6,90707812.0,0.0111,5637094000.0,1160.68,566776789180.94
002415,2021-07-28,60.0,61.0,62.16,58.69,46578523.0,0.005699999999999999,2817447300.0,1165.9,569484172954.0
002415,2021-07-29,62.46,62.89,63.65,61.95,42149324.0,0.0052,2650413000.0,1199.92,587128846509.46
002415,2021-07-30,62.42,61.0,62.47,59.94,50036763.0,0.0060999999999999995,3039012100.0,1165.9,569484172954.0
002415,2021-08-02,59.86,61.23,61.89,59.5,37052761.0,0.0046,2255831100.0,1170.04,571631408360.22
002415,2021-08-03,60.68,60.44,61.36,60.0,37401335.0,0.0046,2261999500.0,1155.82,564256121530.16
002415,2021-08-04,60.37,61.62,61.97,59.52,41470924.0,0.0051,2513637600.0,1177.06,575272372744.68
002415,2021-08-05,61.01,60.44,61.18,59.88,28964131.0,0.0036,1751710100.0,1155.82,564256121530.16
002415,2021-08-06,60.01,59.13,60.38,58.56,43996870.0,0.0054,2608085600.0,1132.24,552026215520.82
002415,2021-08-09,59.15,59.52,59.88,58.21,36718074.0,0.0045000000000000005,2170425100.0,1139.26,555667179905.28
002415,2021-08-10,59.17,59.8,59.88,58.5,34385762.0,0.0042,2031738200.0,1144.3,558281205617.2
002415,2021-08-11,60.4,59.98,61.5,59.9,43032297.0,0.0053,2613660100.0,1147.54,559961650717.72
002415,2021-08-12,59.99,58.6,60.36,58.22,41377520.0,0.0051,2432491500.0,1122.7,547078238280.4
002415,2021-08-13,58.3,56.65,58.54,56.28,63771219.99999999,0.0078000000000000005,3647207000.0,1087.6,528873416358.1
002415,2021-08-16,56.3,56.73,57.1,55.88,30912334.999999996,0.0038,1755116500.0,1089.04,529620280847.22
002415,2021-08-17,56.7,54.91,56.72,54.0,46364161.0,0.005699999999999999,2562185300.0,1056.28,512629113719.74
002415,2021-08-18,54.51,54.99,55.5,53.32,31557244.0,0.0039000000000000003,1715704000.0,1057.72,513375978208.86
002415,2021-08-19,54.8,54.91,55.95,54.15,30069028.999999996,0.0037,1660934000.0,1056.28,512629113719.74
002415,2021-08-20,54.5,53.57,54.63,52.15,50382504.0,0.0062,2680172199.9999995,1032.16,500119133526.98
002415,2021-08-23,53.4,55.02,55.66,52.78,33352515.999999996,0.0040999999999999995,1823985600.0,1058.26,513656052392.28
002415,2021-08-24,55.09,55.0,55.78,54.5,25157017.0,0.0031,1387540900.0,1057.9,513469336270.0
002415,2021-08-25,55.0,55.71,55.88,54.32,24707399.0,0.003,1365698100.0,1070.68,520097758610.94
002415,2021-08-26,55.45,54.02,55.55,54.0,19002043.0,0.0023,1040037700.0,1040.26,504320246278.28
002415,2021-08-27,53.5,52.7,54.64,51.68,54834018.99999999,0.0067,2885940000.0,1016.5,491996982207.8
002415,2021-08-30,52.6,51.7,52.7,50.85,66447729.0,0.008199999999999999,3413023400.0000005,998.5,482661176093.8
002415,2021-08-31,51.9,51.4,52.45,50.93,31170095.0,0.0038,1610004100.0,993.1,479860434259.6
002415,2021-09-01,51.6,53.21,53.28,50.57,58632567.00000001,0.0072,3063380800.0,1025.68,496758243325.94
002415,2021-09-02,52.98,51.41,52.98,51.0,60305847.0,0.0074,3114167900.0,993.28,479953792320.74
002415,2021-09-03,51.12,51.4,51.47,49.69,40799078.0,0.005,2068540600.0,993.1,479860434259.6
002415,2021-09-06,51.0,53.43,53.68,50.85,52412542.0,0.0064,2765137700.0,1029.64,498812120671.02
002415,2021-09-07,53.43,52.92,53.55,52.42,34151520.0,0.0042,1801530700.0,1020.46,494050859552.88
002415,2021-09-08,52.93,52.95,53.22,52.3,32333753.999999996,0.004,1707528500.0,1021.0,494330933736.3
002415,2021-09-09,52.94,51.96,53.45,51.61,29727994.0,0.0037,1554766700.0000002,1003.18,485088485683.44
002415,2021-09-10,51.8,53.72,54.1,51.66,45962747.0,0.005600000000000001,2456623300.0,1034.86,501519504444.08
002415,2021-09-13,53.82,55.39,56.2,53.18,48699725.0,0.006,2692759200.0,1064.92,517110300654.46
002415,2021-09-14,55.38,54.36,55.59,54.19,22338512.0,0.0027,1223325800.0,1046.38,507494420357.04
002415,2021-09-15,54.0,54.66,55.88,53.5,23239328.0,0.0029,1276442000.0,1051.78,510295162191.24
002415,2021-09-16,54.29,54.22,55.2,53.67,16566714.000000002,0.002,898080500.0,1043.86,506187407501.08
002415,2021-09-17,54.17,55.09,55.38,54.0,17914874.0,0.0022,982772600.0,1059.52,514309558820.26
002415,2021-09-22,54.27,53.1,54.87,52.52,26357792.0,0.0032,1405946099.9999998,1023.7,495731304653.4
002415,2021-09-23,53.09,51.8,53.6,51.07,37882058.0,0.004699999999999999,1960075100.0,1000.3,483594756705.2
002415,2021-09-24,51.81,52.48,53.31,51.6,26418288.0,0.0032,1382688500.0,1012.54,489943104862.72
002415,2021-09-27,52.36,53.97,54.89,51.61,39164894.0,0.0048,2106781700.0000002,1039.36,503853455972.58
002415,2021-09-28,53.83,54.6,55.3,53.12,28442725.0,0.0034999999999999996,1552450100.0,1050.7,509735013824.4
002415,2021-09-29,54.3,55.0,55.55,53.6,21896221.0,0.0027,1198832300.0,1057.9,513469336270.0
002415,2021-09-30,55.2,55.0,55.98,54.62,22740255.0,0.0028000000000000004,1257419500.0,1057.9,513469336270.0
002415,2021-10-08,56.0,56.48,57.24,55.44,38257651.0,0.004699999999999999,2154280500.0,1084.54,527286329318.72
002415,2021-10-11,57.2,57.15,58.45,56.6,31547014.0,0.0039000000000000003,1820446000.0,1096.6,533541319415.1
002415,2021-10-12,57.14,56.33,57.56,55.76,19696778.0,0.0024,1113692900.0,1081.84,525885958401.62
002415,2021-10-13,56.28,55.92,57.3,55.51,27149148.0,0.0033,1522997100.0,1074.46,522058277894.88
002415,2021-10-14,56.01,56.29,57.37,55.92,20727990.0,0.0025,1172396300.0,1081.12,525512526157.06
002415,2021-10-15,56.29,55.9,56.52,55.5,17214940.0,0.0021,963133400.0,1074.1,521871561772.6
002415,2021-10-18,55.91,54.61,56.08,53.8,26976262.0,0.0033,1468248700.0,1050.88,509828371885.54
002415,2021-10-19,54.61,55.44,55.81,54.4,16626960.0,0.002,917616400.0,1065.82,517577090960.16
002415,2021-10-20,55.06,54.47,56.38,54.31,19635566.0,0.0024,1083365700.0,1048.36,508521359029.58
002415,2021-10-21,54.5,55.25,55.25,53.81,19567246.0,0.0024,1066511799.9999999,1062.4,515803287798.5
002415,2021-10-22,55.5,55.44,55.5,54.2,17670065.0,0.0022,969232300.0,1065.82,517577090960.16
002415,2021-10-25,55.6,54.23,55.7,52.86,42297224.0,0.0052,2283080200.0,1044.04,506280765562.22
002415,2021-10-26,54.0,53.6,54.17,53.0,32081965.000000004,0.0039000000000000003,1715923299.9999998,1032.7,500399207710.4
002415,2021-10-27,53.5,52.8,53.5,52.51,21183064.0,0.0026,1118999200.0,1018.3,492930562819.2
002415,2021-10-28,52.7,52.07,53.43,51.93,26973915.000000004,0.0033,1418361000.0,1005.16,486115424355.98
002415,2021-10-29,52.07,52.26,52.98,51.65,27804957.0,0.0034000000000000002,1455706400.0000002,1008.58,487889227517.64
002415,2021-11-01,51.96,53.02,53.17,51.6,24188411.0,0.003,1273935700.0,1022.26,494984440164.28
002415,2021-11-02,53.02,51.37,53.03,51.3,33720043.0,0.0040999999999999995,1747115799.9999998,992.56,479580360076.18
002415,2021-11-03,51.37,50.95,51.83,50.54,21983668.0,0.0027,1120427500.0,985.0,475659321508.3
002415,2021-11-04,50.99,50.72,51.34,50.5,20457485.0,0.0025,1041684200.0,980.86,473512086102.08
002415,2021-11-05,50.5,51.48,51.95,50.43,24918323.0,0.0031,1281268300.0,994.54,480607298748.72
002415,2021-11-08,51.77,51.05,51.9,50.12,26289943.0,0.0032,1335949200.0000002,986.8,476592902119.7
002415,2021-11-09,50.6,52.2,52.36,50.2,31215946.999999996,0.0038,1604587700.0,1007.5,487329079150.8
002415,2021-11-10,52.21,52.05,52.69,51.55,29357009.999999996,0.0036,1531414300.0,1004.8,485928708233.7
002415,2021-11-11,52.06,52.3,52.67,51.4,23548682.0,0.0029,1227543600.0,1009.3,488262659762.2
002415,2021-11-12,52.4,52.62,52.75,52.3,19232760.0,0.0024,1011442500.0,1015.06,491250117718.68
002415,2021-11-15,52.75,52.4,52.86,51.95,15537143.0,0.0019,812067400.0,1011.1,489196240373.6
002415,2021-11-16,52.43,51.65,52.46,51.3,24763943.0,0.003,1279314000.0,997.6,482194385788.1
002415,2021-11-17,51.56,51.15,51.56,51.01,22963770.0,0.0028000000000000004,1174624700.0,988.6,477526482731.1
002415,2021-11-18,51.15,50.18,51.15,50.05,29585684.000000004,0.0036,1493009400.0,971.14,468470750800.52
002415,2021-11-19,50.19,50.49,50.69,49.98,27997627.0,0.0034000000000000002,1406977100.0,976.72,471364850695.86
002415,2021-11-22,50.47,50.53,51.09,50.02,36197325.0,0.0044,1825229800.0,977.44,471738282940.42
002415,2021-11-23,50.55,48.5,50.65,48.01,83777893.0,0.0103,4102480100.0,940.9,452786596529.0
002415,2021-11-24,48.99,49.65,50.71,48.66,60258953.0,0.0074,2995937300.0,961.6,463522773560.1
002415,2021-11-25,49.66,48.73,49.8,48.41,34764054.0,0.0043,1697163599.9999998,945.04,454933831935.22
002415,2021-11-26,48.6,47.8,48.83,47.37,55965516.0,0.0069,2678975000.0,928.3,446251532249.2
002415,2021-11-29,47.2,47.57,47.67,47.01,35940496.0,0.0044,1704532400.0,924.16,444104296842.98
002415,2021-11-30,47.8,48.64,48.65,47.6,33268150.0,0.0040999999999999995,1601347800.0,943.42,454093609384.96
002415,2021-12-01,48.58,48.22,48.61,48.01,21580008.0,0.0027,1042291700.0,935.86,450172570817.08
002415,2021-12-02,48.17,47.43,48.19,47.1,37997175.0,0.004699999999999999,1802294100.0,921.64,442797283987.02
002415,2021-12-03,47.5,48.4,48.53,47.21,29240157.0,0.0036,1402424600.0,939.1,451853015917.6
002415,2021-12-06,48.9,49.29,50.39,48.88,49532098.0,0.0060999999999999995,2462301400.0,955.12,460161883359.06
002415,2021-12-07,49.5,50.3,50.45,49.5,40036437.0,0.0049,2007005400.0,973.3,469591047534.2
002415,2021-12-08,50.38,51.68,51.92,49.83,49114690.0,0.006,2516184400.0,998.14,482474459971.52
002415,2021-12-09,51.2,54.27,55.55,51.2,88734397.0,0.0109,4791960200.0,1044.76,506654197806.78
002415,2021-12-10,54.02,53.5,54.33,53.0,46078378.0,0.005699999999999999,2469067300.0,1030.9,499465627099.0
002415,2021-12-13,53.72,53.43,55.3,53.35,38362809.0,0.004699999999999999,2077695500.0,1029.64,498812120671.02
002415,2021-12-14,53.86,53.98,54.75,53.38,28271358.0,0.0034999999999999996,1529454400.0,1039.54,503946814033.72
002415,2021-12-15,53.5,52.0,53.89,51.98,36213974.0,0.0044,1901903100.0,1003.9,485461917928.0
002415,2021-12-16,52.16,52.23,52.6,51.1,26596965.000000004,0.0033,1380123000.0,1008.04,487609153334.22
002415,2021-12-17,51.9,52.15,52.62,51.27,24193886.0,0.003,1256697200.0,1006.6,486862288845.1
002415,2021-12-20,51.9,51.37,52.35,51.15,19641292.0,0.0024,1015461100.0,992.56,479580360076.18
002415,2021-12-21,51.36,51.59,52.15,51.18,17839647.0,0.0022,921418600.0,996.52,481634237421.26
002415,2021-12-22,51.82,50.91,52.07,50.7,24783619.0,0.003,1270665200.0,984.28,475285889263.74
002415,2021-12-23,50.92,50.69,51.34,50.44,21557709.0,0.0026,1094516100.0,980.32,473232011918.66
002415,2021-12-24,50.45,50.55,51.0,49.7,24792595.0,0.003,1246575600.0,977.8,471924999062.7
002415,2021-12-27,50.8,50.64,50.88,49.86,17661122.0,0.0022,891066500.0,979.42,472765221612.96
002415,2021-12-28,50.65,52.49,53.1,50.49,32725790.000000004,0.004,1707957700.0,1012.72,490036462923.86
002415,2021-12-29,52.22,51.97,52.98,51.35,26227184.999999996,0.0032,1366394500.0,1003.36,485181843744.58
002415,2021-12-30,51.99,51.39,53.05,51.39,20579911.0,0.0025,1071270800.0,992.92,479767076198.46
002415,2021-12-31,51.88,52.32,52.55,50.85,28378208.0,0.0034999999999999996,1465376800.0,1009.66,488449375884.48
002415,2022-01-04,53.0,52.41,53.0,51.71,23913642.0,0.0029,1253035100.0,1011.28,489289598434.74
002415,2022-01-05,52.2,51.33,52.2,50.88,22958073.0,0.0028000000000000004,1183390500.0,991.84,479206927831.62
002415,2022-01-06,51.06,49.97,51.27,49.88,25229848.0,0.0031,1266976500.0,967.36,466510231516.58
002415,2022-01-07,49.98,49.87,50.69,49.7,18430171.0,0.0023,923379299.9999999,965.56,465576650905.18
002415,2022-01-10,49.63,50.28,50.58,49.11,22587445.0,0.0028000000000000004,1128294800.0,972.94,469404331411.92
002415,2022-01-11,50.2,49.7,50.48,49.58,20117192.0,0.0025,1006252600.0,962.5,463989563865.8
002415,2022-01-12,49.65,49.25,49.99,48.43,32406556.0,0.004,1589520000.0,954.4,459788451114.5
002415,2022-01-13,49.3,48.12,49.7,48.0,27128315.000000004,0.0033,1316781700.0000002,934.06,449238990205.68
002415,2022-01-14,48.12,48.3,48.61,47.85,17315735.0,0.0021,834432800.0,937.3,450919435306.2
002415,2022-01-17,48.38,49.0,49.2,48.3,18208951.0,0.0022,888690399.9999999,949.9,457454499586.0
002415,2022-01-18,49.01,50.73,52.21,48.88,45541509.0,0.005600000000000001,2317507400.0,981.04,473605444163.22
002415,2022-01-19,50.74,50.16,51.85,49.71,31678095.0,0.0039000000000000003,1601476300.0,970.78,468284034678.24
002415,2022-01-20,50.42,49.75,50.48,49.43,17645441.0,0.0022,879739299.9999999,963.4,464456354171.5
002415,2022-01-21,49.77,49.49,49.82,48.7,23891009.0,0.0029,1173101300.0,958.72,462029044581.86
002415,2022-01-24,49.0,48.99,49.88,48.51,24632942.0,0.003,1207170500.0,949.72,457361141524.86
002415,2022-01-25,48.8,48.25,49.35,48.21,18976178.0,0.0023,926551700.0,936.4,450452645000.5
002415,2022-01-26,48.25,49.23,49.49,48.25,17212479.0,0.0021,845250399.9999999,954.04,459601734992.22
002415,2022-01-27,49.42,48.23,49.5,47.54,28964749.0,0.0036,1393826900.0,936.04,450265928878.22
002415,2022-01-28,48.23,47.46,48.6,47.0,22646761.0,0.0028000000000000004,1078805700.0,922.18,443077358170.44
002415,2022-02-07,47.94,45.91,47.98,45.8,32960173.0,0.004,1536926099.9999998,894.28,428606858693.74
002415,2022-02-08,45.8,46.24,46.5,45.24,26585946.000000004,0.0033,1218848200.0,900.22,431687674711.36
002415,2022-02-09,46.01,46.98,47.05,46.0,22189186.0,0.0027,1036416200.0,913.54,438596171235.72
002415,2022-02-10,46.99,46.99,47.32,46.2,19012175.0,0.0021,889104200.0,913.72,438689529296.86
002415,2022-02-11,46.4,46.0,46.94,45.8,26671745.0,0.0029,1234304100.0,895.9,433927601074.0
002415,2022-02-14,45.78,45.8,46.09,45.14,15669676.0,0.0017000000000000001,714767000.0,892.3,432040959330.2
002415,2022-02-15,45.79,46.21,46.31,45.62,13541347.0,0.0015,623303400.0,899.68,435908574904.99
002415,2022-02-16,46.23,45.99,46.49,45.86,11313979.0,0.0012,520589500.0,895.72,433833268986.81
002415,2022-02-17,45.71,46.09,46.25,45.68,12894965.0,0.0014000000000000002,593357600.0,897.52,434776589858.71
002415,2022-02-18,45.96,46.5,46.54,45.7,13523690.0,0.0015,623087900.0,904.9,438644205433.5
002415,2022-02-21,46.37,47.67,47.78,46.26,22538639.0,0.0025,1066463600.0,925.96,449681059634.73
002415,2022-02-22,47.5,46.83,47.54,46.5,15951219.0,0.0017000000000000001,747155600.0,910.84,441757164310.77
002415,2022-02-23,47.8,48.9,49.25,47.5,54762350.0,0.006,2663071100.0,948.1,461283906359.1
002415,2022-02-24,48.48,47.99,49.16,47.36,21788740.0,0.0024,1051041600.0,931.72,452699686424.81
002415,2022-02-25,47.99,48.25,49.16,47.98,22276126.0,0.0024,1085288800.0,936.4,455152320691.75
002415,2022-02-28,48.14,48.2,48.5,46.96,16936985.0,0.0019,811342500.0,935.5,454680660255.8
002415,2022-03-01,48.2,47.52,48.48,47.3,19455334.0,0.0021,925202400.0,923.26,448266078326.88
002415,2022-03-02,47.4,47.2,47.73,46.74,13721529.999999998,0.0015,648393800.0,917.5,445247451536.8
002415,2022-03-03,47.53,46.81,47.59,46.68,10400914.0,0.0011,488678000.0,910.48,441568500136.39
002415,2022-03-04,46.43,45.77,46.63,45.5,22873745.0,0.0025,1050890300.0,891.76,431757963068.63
002415,2022-03-07,45.43,43.9,45.43,43.56,33259369.0,0.0036,1466809200.0000002,858.1,414117862764.1
002415,2022-03-08,43.9,43.6,44.59,43.0,18637526.0,0.002,813094400.0,852.7,411287900148.4
002415,2022-03-09,43.6,43.01,43.8,40.3,38188296.0,0.0042,1614237200.0,842.08,405722307004.19
002415,2022-03-10,43.81,44.0,44.47,43.16,24817016.0,0.0027,1088182500.0,859.9,415061183636.0
002415,2022-03-11,43.3,45.28,45.44,42.44,31306715.999999996,0.0034000000000000002,1387234900.0,882.94,427135690796.32
002415,2022-03-14,44.78,42.98,45.33,42.91,23722038.0,0.0026,1037828900.0,841.54,405439310742.62
002415,2022-03-15,42.38,41.24,42.95,41.03,31668475.0,0.0034999999999999996,1322417200.0,810.22,389025527571.56
002415,2022-03-16,41.8,41.95,42.5,39.4,52023109.0,0.005699999999999999,2118740500.0,823.0,395723105762.05
002415,2022-03-17,43.0,43.88,44.3,42.3,43740379.0,0.0048,1905310300.0,857.74,413929198589.72
002415,2022-03-18,43.4,43.37,43.5,42.58,27145378.999999996,0.003,1170326200.0,848.56,409118262143.03
002415,2022-03-21,43.6,42.4,43.61,42.26,24241491.0,0.0027,1033399700.0,831.1,399968049685.6
002415,2022-03-22,42.24,42.42,42.8,41.9,19236489.0,0.0021,812745399.9999999,831.46,400156713859.98
002415,2022-03-23,42.43,43.15,43.58,42.35,19763904.0,0.0022,851462600.0,844.6,407042956224.85
002415,2022-03-24,42.88,41.97,42.89,41.78,17260679.0,0.0019,726476100.0,823.36,395911769936.43
002415,2022-03-25,41.81,41.06,41.95,40.7,21612322.0,0.0024,889287800.0,806.98,387327550002.14
002415,2022-03-28,40.3,40.0,40.5,39.71,20788162.0,0.0023,831313800.0,787.9,377328348760.0
002415,2022-03-29,40.04,40.0,40.34,39.0,33361496.999999996,0.0036,1326104300.0,787.9,377328348760.0
002415,2022-03-30,40.48,41.2,41.68,40.02,32043413.0,0.0034999999999999996,1307734000.0,809.5,388648199222.8
002415,2022-03-31,40.99,41.0,41.34,40.64,16740862.0,0.0018,685921400.0,805.9,386761557479.0
002415,2022-04-01,40.5,41.21,41.65,40.42,17041800.0,0.0019,703549299.9999999,809.68,388742531309.99
002415,2022-04-06,40.78,40.94,41.27,40.58,13985400.0,0.0015,571696100.0,804.82,386195564955.86
002415,2022-04-07,40.7,40.2,41.1,40.2,11040400.0,0.0012,448742699.99999994,791.5,379214990503.8
002415,2022-04-08,40.47,39.4,40.59,39.0,27210400.0,0.003,1079689700.0,777.1,371668423528.6
002415,2022-04-11,39.4,37.36,39.5,37.06,34857300.0,0.0038,1318639000.0,740.38,352424677741.84
002415,2022-04-12,37.4,38.3,38.31,36.39,40198000.0,0.0044,1494915000.0,757.3,361291893937.7
002415,2022-04-13,37.88,38.67,39.66,37.62,36163800.0,0.004,1405496600.0,763.96,364782181163.73
002415,2022-04-14,39.24,39.58,39.98,38.33,37037000.0,0.0040999999999999995,1455033900.0000002,780.34,373366401098.02
002415,2022-04-15,39.2,39.93,40.2,38.94,17820900.0,0.0019,706009000.0,786.64,376668024149.67
002415,2022-04-18,41.0,41.74,42.0,40.66,65758400.0,0.0072,2722416900.0,819.22,393742131931.06
002415,2022-04-19,41.61,41.52,41.82,41.12,31162400.0,0.0034000000000000002,1292355500.0,815.26,391666826012.88
002415,2022-04-20,41.6,41.55,42.59,41.2,27874800.0,0.003,1167886000.0,815.8,391949822274.45
002415,2022-04-21,41.23,40.81,41.68,40.31,29519600.0,0.0032,1207670700.0,802.48,384969247822.39
002415,2022-04-22,40.75,40.8,41.23,40.46,30559800.0,0.0033,1249420700.0,802.3,384874915735.2
002415,2022-04-25,40.5,39.5,40.66,39.5,36505800.0,0.004,1464276500.0,778.9,372611744400.5
002415,2022-04-26,39.6,39.51,40.65,39.28,29657100.0,0.0032,1185073800.0,779.08,372706076487.69
002415,2022-04-27,39.01,41.5,41.97,38.98,52377000.0,0.005699999999999999,2154634600.0,814.9,391478161838.5
002415,2022-04-28,41.5,40.87,41.87,40.51,33745800.0,0.0037,1386885700.0,803.56,385535240345.53
002415,2022-04-29,41.1,42.49,43.13,40.68,53590700.0,0.0059,2255664900.0,832.72,400817038470.31
002415,2022-05-05,38.24,38.24,38.8,38.24,117874900.0,0.0129,4509976600.0,756.22,360725901414.56
002415,2022-05-06,35.91,34.8,36.35,34.42,245213000.0,0.0268,8571683800.0,694.3,328275663421.2
002415,2022-05-09,34.0,34.88,35.28,33.8,127072000.0,0.0139,4421444500.0,695.74,329030320118.72
002415,2022-05-10,34.2,34.45,34.68,33.4,94639000.0,0.0104,3230542100.0,688.0,324974040369.55
002415,2022-05-11,34.4,35.43,36.1,33.8,138469900.0,0.0151,4860344500.0,705.64,334218584914.17
002415,2022-05-12,34.76,34.16,34.83,33.86,145492200.0,0.0159,4974746400.0,682.78,322238409841.04
002415,2022-05-13,34.17,32.08,34.2,31.12,220444500.0,0.0241,7122373300.0,645.34,302617335705.52
002415,2022-05-16,32.08,32.66,33.15,32.08,130939600.0,0.0143,4282223900.0,655.78,308088596762.54
002415,2022-05-17,32.3,32.19,33.1,31.36,126767900.0,0.0139,4062190000.0,647.32,303654988664.61
002415,2022-05-18,32.19,33.3,33.9,31.51,156388600.0,0.017,5124739500.0,667.3,314125850342.7
002415,2022-05-19,32.52,33.08,33.3,32.33,78543800.0,0.0086,2584951600.0,663.34,312050544424.52
002415,2022-05-20,33.21,33.4,33.8,33.03,86999100.0,0.0095,2908166300.0,669.1,315069171214.6
002415,2022-05-23,33.41,33.52,33.99,33.22,77390000.0,0.0084,2599633300.0,671.26,316201156260.88
002415,2022-05-24,33.55,32.16,33.68,32.11,79307700.0,0.0086,2608384800.0,646.78,303371992403.04
002415,2022-05-25,32.16,32.41,32.58,31.81,56520700.0,0.0062,1818138599.9999998,651.28,305730294582.79
002415,2022-05-26,31.68,31.99,32.34,31.5,72333200.0,0.0079,2314221800.0,659.92,301768346920.81
002415,2022-05-27,33.6,32.53,33.89,32.18,128777200.0,0.013999999999999999,4262351400.0,669.64,306862279629.07
002415,2022-05-30,32.5,32.99,33.16,32.33,79807000.0,0.0087,2614946500.0,677.92,311201555639.81
002415,2022-05-31,32.9,33.4,33.47,32.74,69218200.0,0.0075,2297518100.0,685.3,315069171214.6
002415,2022-06-01,33.44,33.45,33.74,33.02,62328400.0,0.0068000000000000005,2084707000.0,686.2,315540831650.55
002415,2022-06-02,33.32,32.99,33.36,32.73,54525900.0,0.0059,1797334000.0,677.92,311201555639.81
002415,2022-06-06,32.9,34.86,35.09,32.8,124786100.0,0.013600000000000001,4236360200.0,711.58,328841655944.34
002415,2022-06-07,34.98,34.89,35.0,34.2,60141300.0,0.0066,2083093900.0000002,712.12,329124652205.91
002415,2022-06-08,34.92,35.69,37.34,34.92,128251700.0,0.013999999999999999,4641764600.0,726.52,336671219181.11
002415,2022-06-09,35.74,34.62,35.77,34.5,63829800.0,0.006999999999999999,2239467600.0,707.26,326577685851.78
002415,2022-06-10,34.2,34.71,34.91,34.16,48834400.0,0.0053,1688957500.0,708.88,327426674636.49
002415,2022-06-13,35.0,34.24,35.0,33.76,54137400.0,0.0059,1856448100.0,700.42,322993066538.56
002415,2022-06-14,33.65,34.25,34.42,33.2,40579100.0,0.0044,1368435300.0,700.6,323087398625.75
002415,2022-06-15,34.18,35.59,35.92,34.11,81287800.0,0.0089,2865810700.0,724.72,335727898309.21
002415,2022-06-16,35.59,35.09,35.78,34.9,42912600.0,0.004699999999999999,1512104900.0,715.72,331011293949.71
002415,2022-06-17,34.71,34.55,34.96,34.0,64733200.0,0.0070999999999999995,2226327900.0,706.0,325917361241.45
002415,2022-06-20,35.5,35.22,36.05,35.1,69468300.0,0.0076,2462028800.0,718.06,332237611083.18
002415,2022-06-21,35.22,36.28,36.66,34.97,95420900.0,0.0104,3441640700.0,737.14,342236812325.32
002415,2022-06-22,36.3,35.06,36.45,35.04,59149400.0,0.0064,2094620000.0,715.18,330728297688.14
002415,2022-06-23,35.02,35.32,35.32,34.55,43206800.0,0.004699999999999999,1511855100.0,719.86,333180931955.08
002415,2022-06-24,35.35,35.69,35.8,34.94,57293400.0,0.0062,2022513000.0,726.52,336671219181.11
002415,2022-06-27,35.8,35.88,36.6,35.38,62790900.0,0.0068000000000000005,2257486800.0,729.94,338463528837.72
002415,2022-06-28,35.83,36.63,36.88,35.45,62674500.0,0.0068000000000000005,2274601900.0,743.44,345538435376.97
002415,2022-06-29,36.63,36.2,37.49,36.1,62168800.0,0.0068000000000000005,2276808300.0,735.7,341482155627.8
002415,2022-06-30,36.2,36.2,36.55,36.09,63057100.0,0.0069,2288765100.0,735.7,341482155627.8
002415,2022-07-01,36.21,35.8,36.62,35.68,51482300.0,0.005600000000000001,1855825700.0,728.5,337708872140.2
002415,2022-07-04,35.9,35.59,35.96,35.3,48758700.0,0.0053,1730661700.0000002,724.72,335727898309.21
002415,2022-07-05,35.79,36.29,36.65,35.1,73089900.0,0.008,2628098300.0,737.32,342331144412.51
002415,2022-07-06,35.9,34.95,35.95,34.55,71528400.0,0.0078000000000000005,2520821000.0,713.2,329690644729.05
002415,2022-07-07,34.85,33.97,34.85,33.8,73462600.0,0.008,2509901700.0,695.56,320446100184.43
002415,2022-07-08,33.95,34.12,34.48,33.85,40495600.0,0.0044,1382719700.0,698.26,321861081492.28
002415,2022-07-11,34.02,32.91,34.04,32.82,59809500.0,0.006500000000000001,1976774100.0,676.48,310446898942.29
002415,2022-07-12,32.9,32.5,33.21,32.35,38095400.0,0.0042,1244995900.0,669.1,306579283367.5
002415,2022-07-13,32.57,32.81,32.95,32.35,32260200.0,0.0034999999999999996,1054205100.0,674.68,309503578070.39
002415,2022-07-14,32.69,32.74,33.04,32.45,29433500.0,0.0032,963699500.0,673.42,308843253460.06
002415,2022-07-15,32.42,31.69,32.59,31.63,59408400.0,0.006500000000000001,1901444100.0,654.52,298938384305.11
002415,2022-07-18,31.62,31.91,32.06,31.3,42497500.0,0.0046,1348381300.0,658.48,301013690223.29
002415,2022-07-19,31.9,31.87,32.18,31.7,35573500.0,0.0039000000000000003,1135432400.0,657.76,300636361874.53
002415,2022-07-20,32.09,31.91,32.17,31.65,42793500.0,0.004699999999999999,1363340799.9999998,658.48,301013690223.29
002415,2022-07-21,31.9,31.61,31.9,31.61,36186300.0,0.0039000000000000003,1148025500.0,653.08,298183727607.59
002415,2022-07-22,31.6,31.43,31.74,31.26,29632300.0,0.0032,931714299.9999999,649.84,296485750038.17
002415,2022-07-25,31.45,32.32,32.44,31.0,52648300.0,0.005699999999999999,1669529100.0,665.86,304881305798.08
002415,2022-07-26,32.08,32.31,32.42,32.0,32095500.0,0.0034999999999999996,1035210500.0,665.68,304786973710.89
002415,2022-07-27,32.32,32.68,33.13,32.1,39681500.0,0.0043,1297700300.0,672.34,308277260936.92
002415,2022-07-28,32.68,32.73,33.33,32.47,40810200.0,0.0044,1343670100.0,673.24,308748921372.87
002415,2022-07-29,32.66,31.94,32.86,31.8,37436900.0,0.0040999999999999995,1202914400.0,659.02,301296686484.86
002415,2022-08-01,31.8,31.79,31.94,31.33,22782900.0,0.0025,722186200.0,656.32,299881705177.01
002415,2022-08-02,31.4,30.51,31.4,30.27,50983800.0,0.005600000000000001,1564370200.0,633.28,287807198016.69
002415,2022-08-03,30.52,30.87,31.35,30.52,35227100.0,0.0038,1089238900.0,639.76,291203153155.53
002415,2022-08-04,31.0,31.23,31.23,30.83,22282100.0,0.0024,692266700.0,646.24,294599108294.37
002415,2022-08-05,31.26,32.5,32.55,31.09,49082600.0,0.0053,1571746099.9999998,669.1,306579283367.5
002415,2022-08-08,32.5,32.53,32.97,32.33,34921800.0,0.0038,1136011800.0,669.64,306862279629.07
002415,2022-08-09,32.43,32.66,32.77,32.25,33762300.0,0.0037,1100028200.0,671.98,308088596762.54
002415,2022-08-10,32.66,32.79,33.0,32.16,39172300.0,0.0043,1278091700.0,674.32,309314913896.01
002415,2022-08-11,32.99,33.33,33.6,32.96,50434400.0,0.0055000000000000005,1681041500.0,684.04,314408846604.27
002415,2022-08-12,33.34,33.41,33.66,32.86,51873600.0,0.005699999999999999,1727623299.9999998,685.48,315163503301.79
002415,2022-08-15,32.79,31.8,32.79,31.09,162324800.0,0.0177,5154249200.0,656.5,299976037264.2
002415,2022-08-16,31.55,31.42,31.83,31.38,68853500.0,0.0075,2172028900.0,649.66,296391417950.98
002415,2022-08-17,31.45,31.65,31.71,31.11,47917500.0,0.0052,1506034300.0,653.8,298561055956.35
002415,2022-08-18,31.56,31.3,31.56,31.25,38305200.0,0.0042,1200166200.0,647.5,295259432904.7
002415,2022-08-19,31.3,30.97,31.39,30.91,46292000.0,0.005,1439729800.0,641.56,292146474027.43
002415,2022-08-22,30.81,30.99,31.19,30.57,42362900.0,0.0046,1311805200.0,641.92,292335138201.81
002415,2022-08-23,30.86,30.82,31.12,30.6,35118400.0,0.0038,1082248600.0,638.86,290731492719.58
002415,2022-08-24,30.8,30.23,30.82,30.0,64214300.0,0.006999999999999999,1945695300.0,628.24,285165899575.37
002415,2022-08-25,30.24,29.44,30.3,29.31,68081100.0,0.0074,2012621600.0,614.02,277713664687.36
002415,2022-08-26,29.53,29.93,30.24,29.26,53370400.0,0.0058,1595574300.0,622.84,282335936959.67
002415,2022-08-29,29.58,29.95,29.95,29.38,36138500.0,0.0039000000000000003,1068868200.0000001,623.2,282524601134.05
002415,2022-08-30,29.85,29.82,30.15,29.7,27134700.0,0.003,810503600.0,620.86,281298284000.58
002415,2022-08-31,29.78,29.87,30.05,29.6,35456000.0,0.0039000000000000003,1058705300.0,621.76,281769944436.53
002415,2022-09-01,29.79,29.7,30.03,29.65,31560800.0,0.0034000000000000002,940276600.0,618.7,280166298954.3
002415,2022-09-02,29.73,29.5,29.79,29.38,26282800.0,0.0029,775640399.9999999,615.1,278279657210.5
002415,2022-09-05,29.49,28.39,29.49,28.1,72035400.0,0.0079,2061412900.0,595.12,267808795532.41
002415,2022-09-06,28.42,28.87,29.05,28.11,56206000.0,0.0060999999999999995,1604830500.0,603.76,272336735717.53
002415,2022-09-07,28.7,28.55,29.01,28.39,43532100.0,0.004699999999999999,1247388900.0,598.0,269318108927.45
002415,2022-09-08,28.62,28.65,28.86,28.24,39882100.0,0.0043,1139941100.0,599.8,270261429799.35
002415,2022-09-09,28.61,28.98,29.1,28.5,44376700.0,0.0048,1283814300.0,605.74,273374388676.62
002415,2022-09-13,29.08,29.62,29.67,29.07,55843400.0,0.0060999999999999995,1646972300.0,617.26,279411642256.78
002415,2022-09-14,29.2,29.25,29.42,29.01,35242100.0,0.0038,1029001900.0,610.6,275921355030.75
002415,2022-09-15,29.3,28.99,29.67,28.81,40822000.0,0.0044,1194927000.0,605.92,273468720763.81
002415,2022-09-16,30.2,29.8,30.7,29.53,115765100.0,0.0126,3494499600.0,620.5,281109619826.2
002415,2022-09-19,29.51,29.65,29.99,28.8,53251200.0,0.0058,1575243100.0,617.8,279694638518.35
002415,2022-09-20,29.69,30.23,30.38,29.53,49862800.0,0.0054,1500135900.0,628.24,285165899575.37
002415,2022-09-21,30.2,30.24,30.68,29.81,45644500.0,0.005,1386427700.0,628.42,285260231662.56
002415,2022-09-22,30.0,29.59,30.59,29.58,43354100.0,0.004699999999999999,1304324000.0,616.72,279128645995.21
002415,2022-09-23,29.49,29.05,29.55,28.7,48760800.0,0.0053,1416022800.0,607.0,274034713286.95
002415,2022-09-26,28.73,28.88,29.15,28.61,34858500.0,0.0038,1009048400.0,603.94,272431067804.72
002415,2022-09-27,28.9,29.45,29.47,28.75,33010600.0,0.0036,961942100.0000001,614.2,277807996774.55
002415,2022-09-28,29.3,30.1,30.46,29.24,74144700.0,0.008100000000000001,2234354700.0,625.9,283939582441.9
002415,2022-09-29,30.19,30.41,30.49,30.05,48833200.0,0.0053,1479250000.0,631.48,286863877144.79
002415,2022-09-30,30.22,30.42,30.69,30.04,41577100.0,0.0045000000000000005,1268536900.0,631.66,286958209231.98
002415,2022-10-10,30.42,29.1,30.42,29.05,47581400.0,0.0052,1404705000.0,607.9,274506373722.9
002415,2022-10-11,29.1,29.3,29.69,28.61,32250300.0,0.0034999999999999996,940438600.0,611.5,276393015466.7
002415,2022-10-12,29.2,29.37,29.37,28.5,38279700.0,0.0042,1107718900.0,612.76,277053340077.03
002415,2022-10-13,29.09,29.5,29.95,28.83,33993000.0,0.0037,997767000.0,615.1,278279657210.5
002415,2022-10-14,29.73,30.28,30.6,29.35,54478300.0,0.0059,1639917700.0,629.14,285637560011.32
002415,2022-10-17,30.05,31.29,31.36,29.85,61267200.0,0.0067,1881734300.0,647.32,295165100817.51
002415,2022-10-18,31.31,31.05,31.38,30.76,39432000.0,0.0043,1223186400.0,643.0,292901130724.95
002415,2022-10-19,30.97,30.16,30.97,30.15,34993800.0,0.0038,1068147600.0,626.98,284505574965.04
002415,2022-10-20,30.0,30.45,30.87,29.96,34959000.0,0.0038,1065601799.9999999,632.2,287241205493.55
002415,2022-10-21,30.47,30.18,30.58,30.01,22918300.0,0.0025,693359000.0,627.34,284694239139.42
002415,2022-10-24,30.14,29.6,30.43,29.45,36591600.0,0.004,1090868900.0,616.9,279222978082.4
002415,2022-10-25,29.4,29.02,29.49,28.8,34395900.0,0.0037,1000868800.0,606.46,273751717025.38
002415,2022-10-26,29.1,29.36,29.68,29.02,31877400.0,0.0034999999999999996,937051100.0,612.58,276959007989.84
002415,2022-10-27,29.4,29.87,30.15,29.24,36475400.0,0.004,1086874400.0,621.76,281769944436.53
002415,2022-10-28,29.75,28.4,29.77,28.11,79935900.0,0.0087,2285355100.0,595.3,267903127619.6
002415,2022-10-31,27.01,28.42,28.72,26.8,78449100.0,0.0085,2179270100.0,595.66,268091791793.98
002415,2022-11-01,28.38,28.85,28.87,27.92,39890100.0,0.0043,1138524900.0,603.4,272148071543.15
002415,2022-11-02,28.58,29.3,29.6,28.57,51579200.0,0.005600000000000001,1504482800.0,611.5,276393015466.7
002415,2022-11-03,29.1,29.31,29.44,28.8,33239000.0,0.0036,967015100.0,611.68,276487347553.89
002415,2022-11-04,29.2,30.02,30.2,29.12,57037800.0,0.0062,1701831000.0,624.46,283184925744.38
002415,2022-11-07,29.81,29.83,30.15,29.68,35771200.0,0.0039000000000000003,1068915900.0,621.04,281392616087.77
002415,2022-11-08,29.78,29.57,29.79,29.31,30493600.0,0.0033,900518600.0,616.36,278939981820.83
002415,2022-11-09,29.4,28.97,29.61,28.85,31941100.0,0.0034999999999999996,932577800.0,605.56,273280056589.43
002415,2022-11-10,28.8,28.68,28.95,28.56,26308900.0,0.0029,755824700.0,600.34,270544426060.92
002415,2022-11-11,29.57,29.81,30.05,28.86,65561800.0,0.0070999999999999995,1937025799.9999998,620.68,281203951913.39
002415,2022-11-14,29.82,30.59,30.6,29.82,62994500.0,0.0069,1908445900.0,634.72,288561854714.21
002415,2022-11-15,30.55,31.78,31.8,30.22,89918200.0,0.0098,2803483700.0,656.14,299787373089.82
002415,2022-11-16,31.71,31.42,31.9,31.36,49721200.0,0.0054,1571135799.9999998,649.66,296391417950.98
002415,2022-11-17,31.5,31.57,31.66,30.95,36266600.0,0.004,1134422800.0,652.36,297806399258.83
002415,2022-11-18,31.65,32.44,32.96,31.61,88862400.0,0.0097,2891975600.0,668.02,306013290844.36
002415,2022-11-21,32.18,32.54,32.69,31.27,60937800.0,0.0066,1951696400.0000002,669.82,306956611716.26
002415,2022-11-22,32.3,31.89,32.52,31.64,34837500.0,0.0038,1117426300.0,658.12,300825026048.91
002415,2022-11-23,31.95,31.31,32.28,30.95,37430400.0,0.0040999999999999995,1174692200.0,647.68,295353764991.89
002415,2022-11-24,31.4,31.2,31.48,31.08,19612300.0,0.0021,613223700.0,645.7,294316112032.8
002415,2022-11-25,31.2,30.9,31.48,30.86,23238500.0,0.0025,723559299.9999999,640.3,291486149417.1
002415,2022-11-28,29.7,30.37,30.99,29.53,40453700.0,0.0044,1226979200.0,630.76,286486548796.03
002415,2022-11-29,30.38,31.64,31.8,30.38,42018000.0,0.0046,1315940500.0,653.62,298466723869.16
002415,2022-11-30,31.59,31.51,32.28,31.23,37143300.0,0.004,1176415300.0,651.28,297240406735.69
002415,2022-12-01,32.2,32.05,32.57,31.81,38112100.0,0.0042,1225279800.0,661.0,302334339443.95
002415,2022-12-02,31.82,31.95,32.26,31.82,23755300.0,0.0026,760972700.0,659.2,301391018572.05
002415,2022-12-05,32.5,33.43,33.52,32.02,78856300.0,0.0086,2595966500.0,685.84,315352167476.17
002415,2022-12-06,33.22,34.12,34.88,33.18,80871100.0,0.0088,2783069800.0,698.26,321861081492.28
002415,2022-12-07,34.11,33.8,34.4,33.57,35419100.0,0.0039000000000000003,1199972500.0,692.5,318842454702.2
002415,2022-12-08,33.7,33.7,33.96,33.3,34599900.0,0.0038,1164531200.0,690.7,317899133830.3
002415,2022-12-09,33.65,34.54,35.1,33.55,64049900.0,0.006999999999999999,2199212400.0,705.82,325823029154.26
002415,2022-12-12,34.5,34.39,34.99,34.25,46535700.0,0.0051,1615073400.0,703.12,324408047846.41
002415,2022-12-13,34.36,34.62,34.99,34.36,31057800.0,0.0034000000000000002,1080738800.0,707.26,326577685851.78
002415,2022-12-14,34.65,34.99,35.66,34.53,46670500.0,0.0051,1648362500.0,713.92,330067973077.81
002415,2022-12-15,35.0,34.91,35.21,34.42,28621300.0,0.0031,995850100.0,712.48,329313316380.29
002415,2022-12-16,34.54,34.34,35.5,34.32,28411300.0,0.0031,989076500.0,702.22,323936387410.46
002415,2022-12-19,34.97,34.2,34.97,34.02,30165700.0,0.0033,1040430500.0,699.7,322615738189.8
002415,2022-12-20,34.29,33.45,34.39,33.01,47198000.0,0.0051,1585403599.9999998,686.2,315540831650.55
002415,2022-12-21,33.47,33.66,33.94,33.22,20826700.0,0.0023,702163100.0,689.98,317444788203.84
002415,2022-12-22,33.97,34.0,34.74,33.8,28872200.0,0.0031,992103000.0,696.1,320651301216.0
002415,2022-12-23,34.0,34.63,34.93,33.6,30654500.0,0.0033,1060032400.0,707.44,326592781209.12
002415,2022-12-26,34.63,34.92,35.2,34.41,27661700.0,0.003,965475500.0,712.66,329327748190.08
002415,2022-12-27,34.98,34.51,35.26,34.34,32494600.0,0.0034999999999999996,1124880500.0,705.28,325461070734.24
002415,2022-12-28,34.54,34.0,34.55,33.55,37882400.0,0.0040999999999999995,1283801100.0,696.1,320651301216.0
002415,2022-12-29,33.7,34.25,34.3,33.38,33150700.0,0.0036,1125561000.0,700.6,323009031372.0
002415,2022-12-30,34.4,34.68,34.79,34.09,29799800.0,0.0032,1028905800.0,708.34,327064327240.32
002415,2023-01-03,34.6,34.29,34.94,34.01,30060800.0,0.0033,1035688600.0,701.32,323386268196.96
002415,2023-01-04,34.16,33.92,34.47,33.35,34595800.0,0.0038,1168725300.0,694.66,319896827566.08
002415,2023-01-05,33.92,34.35,34.66,33.85,37657100.0,0.0040999999999999995,1289628600.0,702.4,323952123434.4
002415,2023-01-06,34.35,33.75,34.35,33.67,27146600.0,0.003,918474700.0,691.6,318293571060.0
002415,2023-01-09,33.5,33.07,33.8,33.01,45419100.0,0.0049,1509679000.0,679.36,311880545035.68
002415,2023-01-10,33.08,33.34,33.57,32.19,44753400.0,0.0049,1477216099.9999998,684.22,314426893604.16
002415,2023-01-11,33.29,32.89,33.29,32.7,35021600.0,0.0038,1153770000.0,676.12,310182979323.36
002415,2023-01-12,32.89,32.66,33.15,32.51,28030900.0,0.0031,918373600.0,671.98,308013867579.84
002415,2023-01-13,32.7,33.64,33.7,32.64,34717300.0,0.0038,1153396500.0,689.62,317256169791.36
002415,2023-01-16,33.62,34.67,35.03,33.44,58459400.0,0.0064,2021984200.0000002,708.16,326970018034.08
002415,2023-01-17,34.7,34.75,35.25,34.63,28582000.0,0.0031,995956400.0,709.6,325396664417.75
002415,2023-01-18,34.7,35.16,35.66,34.6,38038000.0,0.0042,1342497900.0,716.98,329235876861.24
002415,2023-01-19,35.14,36.79,36.9,35.0,61535500.0,0.0068000000000000005,2232133500.0,746.32,344499087307.31
002415,2023-01-20,36.66,36.73,38.0,36.61,46936600.0,0.0052,1746545500.0,745.24,343937251339.97
002415,2023-01-30,37.11,37.05,38.56,36.98,51044300.0,0.005600000000000001,1918690200.0,751.0,346933709832.45
002415,2023-01-31,37.05,35.85,37.68,35.66,49470400.0,0.0054,1788753200.0,729.4,335696990485.65
002415,2023-02-01,35.86,36.25,36.65,35.66,32706900.0,0.0036,1180240700.0,736.6,339442563601.25
002415,2023-02-02,36.24,36.39,37.26,35.99,35384300.0,0.0039000000000000003,1295657100.0,739.12,340753514191.71
002415,2023-02-03,36.3,36.7,36.88,35.73,34994300.0,0.0038,1270726800.0,744.7,343656333356.3
002415,2023-02-06,36.6,36.52,37.55,36.23,49820500.0,0.0055000000000000005,1838212400.0,741.46,341970825454.28
002415,2023-02-07,36.61,37.26,37.69,36.56,55370900.0,0.0060999999999999995,2062123000.0,754.78,348900135718.14
002415,2023-02-08,37.28,36.9,37.29,36.66,32058100.0,0.0034999999999999996,1183532300.0,748.3,345529119914.1
002415,2023-02-09,36.68,37.73,37.85,36.4,38205500.0,0.0042,1428022900.0,763.24,353301184128.97
002415,2023-02-10,37.73,36.7,37.74,36.4,40399400.0,0.0044,1490294000.0,744.7,343656333356.3
002415,2023-02-13,36.48,36.6,36.75,35.85,34502800.0,0.0038,1254114200.0,742.9,342719940077.4
002415,2023-02-14,36.6,36.18,36.64,35.94,23980500.0,0.0026,867367200.0,735.34,338787088306.02
002415,2023-02-15,36.02,36.18,36.37,35.67,25627200.0,0.0028000000000000004,923624000.0,735.34,338787088306.02
002415,2023-02-16,36.17,37.39,38.52,36.17,105007300.0,0.0115,3946666200.0,757.12,350117446980.71
002415,2023-02-17,36.99,36.51,37.44,36.51,45447900.0,0.005,1676368000.0,741.28,341877186126.39
002415,2023-02-20,36.0,38.7,38.95,35.85,92302600.0,0.0101,3514053200.0,780.7,362384198934.3
002415,2023-02-21,38.7,38.76,39.78,38.26,61172800.0,0.0067,2379282800.0,781.78,362946034901.64
002415,2023-02-22,38.61,38.17,38.99,37.9,42449300.0,0.004699999999999999,1621875100.0,771.16,357421314556.13
002415,2023-02-23,38.18,37.74,38.35,37.47,28615700.0,0.0031,1080396400.0,763.42,353394823456.86
002415,2023-02-24,37.77,37.68,38.36,37.4,28233100.0,0.0031,1067144800.0,762.34,352832987489.52
002415,2023-02-27,37.52,37.22,37.85,37.11,26267900.0,0.0029,981883100.0,754.06,348525578406.58
002415,2023-02-28,37.89,38.38,38.87,37.7,42221400.0,0.0046,1618936800.0,774.94,359387740441.82
002415,2023-03-01,38.38,39.81,39.9,38.3,66608800.0,0.0073,2630519500.0,800.68,372778164330.09
002415,2023-03-02,39.6,39.4,40.33,39.2,42074900.0,0.0046,1668002100.0,793.3,368938951886.6
002415,2023-03-03,39.5,39.37,39.59,38.75,28589800.0,0.0031,1118914800.0,792.76,368658033902.93
002415,2023-03-06,39.47,39.9,40.28,39.31,34793900.0,0.0038,1391047800.0,802.3,373620918281.1
002415,2023-03-07,39.85,38.92,40.67,38.69,37317600.0,0.0040999999999999995,1467586600.0,784.66,364444264147.88
002415,2023-03-08,38.8,39.0,39.1,38.12,32406500.0,0.0036,1249580800.0,786.1,365193378771.0
002415,2023-03-09,39.0,38.32,39.09,38.11,34915800.0,0.0038,1341408200.0,773.86,358825904474.48
002415,2023-03-10,38.11,37.81,38.76,37.6,40416400.0,0.0044,1535014700.0,764.68,354050298752.09
002415,2023-03-13,37.4,39.21,39.36,37.37,52013100.0,0.005699999999999999,2010794100.0,789.88,367159804656.69
002415,2023-03-14,39.2,38.9,39.5,38.58,39050400.0,0.0043,1521646300.0,784.3,364256985492.1
002415,2023-03-15,39.39,39.08,40.88,38.93,71782200.0,0.0079,2868927600.0,787.54,365942493394.12
002415,2023-03-16,38.71,38.01,39.21,37.85,41592500.0,0.0046,1596316500.0,768.28,355923085309.89
002415,2023-03-17,38.4,40.35,40.8,38.38,94618500.0,0.0104,3786373000.0,810.4,377834688036.15
002415,2023-03-20,40.35,41.26,42.7,40.34,112027500.0,0.0123,4694980900.0,826.78,386355866874.14
002415,2023-03-21,41.01,41.0,41.76,40.48,45371600.0,0.005,1863444800.0,822.1,383921244349.0
002415,2023-03-22,41.0,42.8,42.88,40.99,72125600.0,0.0079,3047723500.0,854.5,400776323369.2
002415,2023-03-23,42.55,44.8,45.0,42.35,104929700.0,0.0115,4615118100.0,890.5,419504188947.2
002415,2023-03-24,44.8,44.6,45.01,43.34,67400000.0,0.0074,2989750200.0,886.9,417631402389.4
002415,2023-03-27,44.0,43.61,46.34,43.02,102035900.0,0.011200000000000002,4506447600.0,869.08,408361108928.29
002415,2023-03-28,43.56,42.45,43.56,42.08,67398200.0,0.0074,2882374200.0,848.2,397498946893.05
002415,2023-03-29,42.45,42.8,43.51,41.59,49497200.0,0.0054,2111598000.0,854.5,400776323369.2
002415,2023-03-30,42.59,41.6,42.7,40.72,70586800.0,0.0077,2924683300.0,832.9,389539604022.4
002415,2023-03-31,41.69,42.66,43.46,41.28,61288200.0,0.0067,2601304000.0,851.98,399465372778.74
002415,2023-04-03,42.9,42.43,43.65,41.04,91491600.0,0.01,3836277000.0,847.84,397311668237.27
002415,2023-04-04,42.35,44.91,46.17,42.0,111194900.0,0.012199999999999999,4904280200.0,892.48,420534221553.99
002415,2023-04-06,43.6,43.86,44.94,43.38,76111200.0,0.0084,3352414099.9999995,873.58,410702092125.54
002415,2023-04-07,43.9,45.58,46.8,43.9,78473300.0,0.0086,3572771700.0,904.54,426808056522.62
002415,2023-04-10,47.99,45.05,48.84,44.44,102365100.0,0.011200000000000002,4775743300.0,895.0,421845172144.45
002415,2023-04-11,44.51,44.38,45.89,43.69,58956900.0,0.006500000000000001,2632625900.0000005,882.94,415571337175.82
002415,2023-04-12,44.31,46.37,46.68,44.31,65457200.0,0.0072,2992021400.0,918.76,434205563425.93
002415,2023-04-13,45.73,45.2,46.25,44.9,43848800.0,0.0048,1989915799.9999998,897.7,423249762062.8
002415,2023-04-14,45.08,44.56,45.17,43.1,68253500.0,0.0075,3004695600.0,886.18,417256845077.84
002415,2023-04-17,43.29,43.95,44.5,42.08,75462500.0,0.0083,3294715500.0,875.2,411544846076.55
002415,2023-04-18,43.85,43.54,44.35,42.45,54639300.0,0.006,2365180600.0,867.82,407705633633.06
002415,2023-04-19,43.48,43.16,44.2,42.81,46669500.0,0.0051,2030526200.0,860.98,404147339173.24
002415,2023-04-20,43.16,41.62,43.55,40.57,136778700.0,0.015,5651599200.0,833.26,389726882678.18
002415,2023-04-21,41.4,39.72,42.05,39.7,89176200.0,0.0098,3619640000.0,799.06,371935410379.08
002415,2023-04-24,40.03,39.25,40.8,38.78,58825800.0,0.006500000000000001,2329736200.0,790.6,367534361968.25
002415,2023-04-25,39.2,37.45,39.47,36.96,103449500.0,0.011399999999999999,3905402000.0,758.2,350679282948.05
002415,2023-04-26,37.47,37.1,37.8,36.43,71675100.0,0.0079,2655551200.0,751.9,347401906471.9
002415,2023-04-27,37.0,37.9,38.44,36.9,48149400.0,0.0053,1823913800.0,766.3,354893052703.1
002415,2023-04-28,37.54,37.75,38.15,37.23,43561300.0,0.0048,1641296400.0000002,763.6,353488462784.75
002415,2023-05-04,37.7,37.2,37.75,36.6,42939500.0,0.004699999999999999,1593912300.0,753.7,348338299750.8
002415,2023-05-05,37.17,36.06,37.46,35.66,60551300.0,0.0066,2195612000.0,733.18,337663416371.34
002415,2023-05-08,36.19,35.92,37.16,35.66,51445100.0,0.005600000000000001,1862099600.0,730.66,336352465780.88
002415,2023-05-09,35.95,35.95,36.4,35.22,39760400.0,0.0044,1431613000.0,731.2,336633383764.55
002415,2023-05-10,35.9,36.4,36.6,35.71,33392600.0,0.0037,1208723900.0,739.3,340847153519.6
002415,2023-05-11,36.42,36.27,36.68,36.01,23882800.0,0.0026,869517300.0,736.96,339629842257.03
002415,2023-05-12,36.31,35.45,36.55,35.25,33106200.0,0.0036,1179969000.0,722.2,331951417370.05
002415,2023-05-15,35.48,35.36,35.6,34.6,41427900.0,0.0045000000000000005,1448630000.0,720.58,331108663419.04
002415,2023-05-16,35.51,35.45,35.69,34.85,31399600.0,0.0034000000000000002,1107451700.0,722.2,331951417370.05
002415,2023-05-17,35.25,35.0,35.29,34.77,26589900.0,0.0029,929146200.0,714.1,327737647615.0
002415,2023-05-18,35.01,35.53,35.67,34.5,39314800.0,0.0043,1381185500.0,723.64,332700531993.17
002415,2023-05-19,35.0,35.62,35.87,34.35,48308000.0,0.0053,1698930200.0,737.86,333543285944.18
002415,2023-05-22,35.7,35.88,36.39,35.35,31408400.0,0.0034000000000000002,1127705600.0,742.54,335977908469.32
002415,2023-05-23,35.88,36.68,37.0,35.83,45015400.0,0.0049,1646861900.0,756.94,343469054700.52
002415,2023-05-24,36.4,36.0,36.46,35.8,25537800.0,0.0028000000000000004,920795500.0,744.7,337101580404.0
002415,2023-05-25,35.95,34.95,36.35,34.59,44221400.0,0.0049,1557377100.0,725.8,327269450975.55
002415,2023-05-26,35.2,35.44,35.61,34.46,34841400.0,0.0038,1219071400.0,734.62,331857778042.16
002415,2023-05-29,35.44,34.0,35.67,33.7,57736600.0,0.0063,1980768900.0000002,708.7,318373714826.0
002415,2023-05-30,34.0,35.16,35.19,33.8,37637400.0,0.0040999999999999995,1297536800.0,729.58,329235876861.24
002415,2023-05-31,35.17,34.86,35.48,34.6,25712000.0,0.0028000000000000004,898775700.0000001,724.18,326426697024.54
002415,2023-06-01,34.89,35.9,36.4,34.44,50762200.0,0.005600000000000001,1811833599.9999998,742.9,336165187125.1
002415,2023-06-02,35.9,35.91,36.08,35.48,29601300.0,0.0032,1059791900.0,743.08,336258826452.99
002415,2023-06-05,35.92,36.0,36.58,35.61,34178000.0,0.0038,1232902700.0,744.7,337101580404.0
002415,2023-06-06,36.0,34.9,36.18,34.89,31111700.0,0.0034000000000000002,1103335300.0,724.9,326801254336.1
002415,2023-06-07,34.86,34.72,35.2,34.5,24492200.0,0.0027,851616799.9999999,721.66,325115746434.08
002415,2023-06-08,34.65,34.55,35.0,34.31,18568400.0,0.002,641478100.0,718.6,323523877859.95
002415,2023-06-09,34.6,32.36,34.64,31.39,118653500.0,0.013000000000000001,3851762500.0,679.18,303016865052.04
002415,2023-06-12,32.16,31.75,32.56,31.21,81385800.0,0.0089,2588196300.0,668.2,297304866050.75
002415,2023-06-13,31.85,33.58,33.76,31.67,78126900.0,0.0086,2577306400.0,701.14,314440863054.62
002415,2023-06-14,33.5,33.37,34.03,33.18,46229700.0,0.0051,1550844800.0,697.36,312474437168.93
002415,2023-06-15,33.38,33.44,33.87,32.9,36968000.0,0.0040999999999999995,1235224300.0,698.62,313129912464.16
002415,2023-06-16,33.76,35.14,35.46,33.21,62582200.0,0.0069,2161041200.0,729.22,329048598205.46
002415,2023-06-19,35.14,36.15,36.58,34.76,70493700.0,0.0077,2535874700.0,747.4,338506170322.35
002415,2023-06-20,36.07,36.34,36.65,35.61,50590300.0,0.005600000000000001,1833538500.0,750.82,340285317552.26
002415,2023-06-21,36.17,35.16,36.17,35.16,39545500.0,0.0043,1409074100.0,729.58,329235876861.24
002415,2023-06-26,34.67,33.84,35.1,33.8,42355400.0,0.0046,1451251700.0000002,705.82,316875485579.76
002415,2023-06-27,34.02,34.1,34.5,33.81,34778100.0,0.0038,1187684100.0,710.5,319310108104.9
002415,2023-06-28,34.15,33.74,34.22,32.85,36991900.0,0.0040999999999999995,1238253500.0,704.02,315939092300.86
002415,2023-06-29,33.73,33.37,34.04,33.19,25911500.0,0.0028000000000000004,869085700.0000001,697.36,312474437168.93
002415,2023-06-30,33.38,33.11,33.62,32.94,34220400.0,0.0038,1135996300.0,692.68,310039814643.79
002415,2023-07-03,33.12,33.4,33.67,33.08,34635400.0,0.0038,1155896400.0,697.9,312755355152.6
002415,2023-07-04,33.34,34.59,35.11,33.15,58292200.0,0.0064,2005900100.0,719.32,323898435171.51
002415,2023-07-05,34.51,34.27,34.55,33.9,29364800.0,0.0032,1006405900.0,713.56,320901976679.03
002415,2023-07-06,34.08,33.88,34.51,33.68,27812800.0,0.0031,945843900.0,706.54,317250042891.32
002415,2023-07-07,33.55,33.3,33.59,32.86,23179000.0,0.0025,769467100.0000001,696.1,310709011002.3
002415,2023-07-10,33.51,34.05,34.07,33.15,26389200.0,0.0029,890734500.0,709.6,317706961700.55
002415,2023-07-11,34.0,34.2,34.37,33.88,20807600.0,0.0023,711369299.9999999,712.3,319106551840.2
002415,2023-07-12,34.21,34.29,34.68,33.75,29986100.0,0.0033,1026805600.0,713.92,319946305923.99
002415,2023-07-13,34.29,34.88,34.95,34.29,25681900.0,0.0028000000000000004,890722400.0,724.54,325451360473.28
002415,2023-07-14,34.82,34.65,35.25,34.55,22481100.0,0.0025,784083400.0,720.4,323305322259.15
002415,2023-07-17,34.6,34.21,34.65,33.99,16935200.0,0.0019,579343600.0,712.48,319199857849.51
002415,2023-07-18,34.17,34.07,34.44,34.0,17071700.0,0.0019,583030500.0,709.96,317893573719.17
002415,2023-07-19,34.02,34.29,34.3,33.91,13527600.0,0.0015,461623500.0,713.92,319946305923.99
002415,2023-07-20,34.62,33.82,34.76,33.8,18509900.0,0.002,630801700.0,705.46,315560923486.42
002415,2023-07-21,33.7,33.42,33.95,33.31,14668300.0,0.0016,492462300.00000006,698.26,311828683114.02
002415,2023-07-24,33.34,32.95,33.47,32.7,19482600.0,0.0021,643044300.0,689.8,307443300676.45
002415,2023-07-25,33.4,34.49,34.8,33.36,36599200.0,0.004,1251282700.0,717.52,321812426110.19
002415,2023-07-26,34.4,34.11,34.59,33.96,17476700.0,0.0019,596646000.0,710.68,318266797756.41
002415,2023-07-27,34.11,34.69,35.26,34.1,30169400.0,0.0033,1050305800.0,721.12,323678546296.39
002415,2023-07-28,34.5,35.52,35.79,34.45,37494400.0,0.0040999999999999995,1324971900.0,736.06,331422945069.12
002415,2023-07-31,35.76,36.32,37.0,35.76,45236100.0,0.005,1651852700.0,750.46,338887425813.92
002415,2023-08-01,36.32,36.0,36.66,35.63,26439600.0,0.0029,953915200.0,744.7,335901633516.0
002415,2023-08-02,36.0,35.66,36.21,35.53,16086200.0,0.0018,575859400.0,738.58,332729229199.46
002415,2023-08-03,35.53,35.53,35.99,35.27,19394400.0,0.0021,689634700.0,736.24,331516251078.43
002415,2023-08-04,35.81,36.55,36.83,35.81,34802400.0,0.0038,1272450100.0,754.6,341033464028.05
002415,2023-08-07,36.54,36.58,37.65,36.25,38430400.0,0.0042,1419430000.0,755.14,341313382055.98
002415,2023-08-08,36.68,36.33,36.85,36.1,17304500.0,0.0019,629476300.0,750.64,338980731823.23
002415,2023-08-09,36.12,35.98,36.55,35.95,13369200.0,0.0015,484082400.0,744.34,335715021497.38
002415,2023-08-10,35.9,36.2,36.55,35.9,14106800.0,0.0015,510692300.00000006,748.3,337767753702.2
002415,2023-08-11,36.18,35.26,36.38,35.11,28813800.0,0.0032,1025916600.0,731.38,328996988827.06
002415,2023-08-14,35.0,34.96,35.01,34.46,18746700.0,0.0021,651486700.0,725.98,326197808547.76
002415,2023-08-15,34.96,34.82,35.3,34.42,20448100.0,0.0022,711752800.0,723.46,324891524417.42
002415,2023-08-16,34.81,33.74,34.81,33.72,22899900.0,0.0025,781453400.0,704.02,314814475411.94
002415,2023-08-17,33.71,34.4,34.68,33.5,18199800.0,0.002,623515200.0,715.9,320972672026.4
002415,2023-08-18,34.43,33.9,34.9,33.85,16890400.0,0.0019,580432000.0,706.9,316307371560.9
002415,2023-08-21,34.02,34.37,35.45,34.0,31668000.0,0.0034999999999999996,1101333600.0,715.36,320692753998.47
002415,2023-08-22,34.7,35.19,35.34,34.26,26226900.0,0.0029,913261300.0,730.12,328343846761.89
002415,2023-08-23,35.1,34.18,35.5,34.17,27095600.0,0.003,942755000.0,711.94,318919939821.58
002415,2023-08-24,34.35,34.19,34.68,33.8,18275500.0,0.002,626529500.0,712.12,319013245830.89
002415,2023-08-25,33.89,33.28,33.97,33.05,25466300.0,0.0028000000000000004,851393200.0000001,695.74,310522398983.68
002415,2023-08-28,35.03,34.04,35.26,33.8,37313100.0,0.0040999999999999995,1281621700.0,709.42,317613655691.24
002415,2023-08-29,33.95,35.36,35.48,33.74,29423400.0,0.0032,1026723400.0,733.18,329930048920.16
002415,2023-08-30,35.36,35.45,35.7,34.92,23954100.0,0.0026,845887600.0,734.8,330769803003.95
002415,2023-08-31,35.37,35.28,35.64,35.04,13778400.0,0.0015,487171300.0,731.74,329183600845.68
002415,2023-09-01,35.27,35.55,35.8,35.0,18271800.0,0.002,647925400.0,736.6,331702863097.05
002415,2023-09-04,35.7,35.81,36.2,35.66,27655100.0,0.003,994070600.0,741.28,334128819339.11
002415,2023-09-05,35.68,35.53,36.11,35.44,23958400.0,0.0026,855824900.0,736.24,331516251078.43
002415,2023-09-06,35.41,35.17,35.7,34.7,24338900.0,0.0027,857981400.0,729.76,328157234743.27
002415,2023-09-07,35.17,34.3,35.17,34.2,22724900.0,0.0025,786389000.0,714.1,320039611933.3
002415,2023-09-08,34.31,33.98,34.44,33.92,16279500.0,0.0018,554665300.0,708.34,317053819635.38
002415,2023-09-11,34.0,34.0,34.5,33.8,26922300.0,0.003,918532500.0,708.7,317240431654.0
002415,2023-09-12,34.02,33.77,34.19,33.62,21037800.0,0.0023,710866000.0,704.56,315094393439.87
002415,2023-09-13,33.78,33.23,33.8,33.0,31607900.0,0.0034999999999999996,1052486600.0,694.84,310055868937.13
002415,2023-09-14,33.22,33.24,33.43,33.04,19111800.0,0.0021,635655100.0,695.02,310149174946.44
002415,2023-09-15,33.4,32.55,33.45,32.2,33584500.0,0.0037,1098109400.0,682.6,303711060304.05
002415,2023-09-18,32.4,32.49,33.01,32.19,20090900.0,0.0022,654820000.0,681.52,303151224248.19
002415,2023-09-19,32.51,31.85,32.53,31.72,35742400.0,0.0039000000000000003,1139201400.0,670.0,297179639652.35
002415,2023-09-20,31.85,32.01,32.05,31.66,16877000.0,0.0019,538803200.0,672.88,298672535801.31
002415,2023-09-21,32.08,31.92,32.23,31.75,13538100.0,0.0015,433460899.99999994,671.26,297832781717.52
002415,2023-09-22,31.91,33.2,33.29,31.84,30288000.0,0.0033,992854100.0,694.3,309775950909.2
002415,2023-09-25,33.2,33.05,33.34,32.9,17838100.0,0.002,590719500.0,691.6,308376360769.55
002415,2023-09-26,33.1,33.49,34.09,33.07,34107500.0,0.0037,1148435300.0,699.52,312481825179.19
002415,2023-09-27,33.29,33.45,33.51,33.02,14817400.0,0.0016,494387000.0,698.8,312108601141.95
002415,2023-09-28,33.45,33.8,33.87,33.38,19451400.0,0.0021,655828500.0,705.1,315374311467.8
002415,2023-10-09,33.79,34.01,34.15,33.18,21852700.0,0.0024,738476500.0,708.88,317333737663.31
002415,2023-10-10,34.22,33.81,34.27,33.67,16409700.0,0.0018,557254100.0,705.28,315467617477.11
002415,2023-10-11,33.81,34.18,34.35,33.81,18079100.0,0.002,618047200.0,711.94,318919939821.58
002415,2023-10-12,34.35,34.6,34.7,34.08,21084300.0,0.0023,727319800.0,719.5,322838792212.6
002415,2023-10-13,34.44,34.41,34.7,34.1,16249200.0,0.0018,559055900.0,716.08,321065978035.71
002415,2023-10-16,34.36,33.77,34.36,33.66,14858100.0,0.0016,502713700.0,704.56,315094393439.87
002415,2023-10-17,33.95,33.94,34.37,33.73,14575500.0,0.0016,496243200.0,707.62,316680595598.14
002415,2023-10-18,33.93,33.69,34.04,33.6,12551500.0,0.0014000000000000002,423439100.00000006,703.12,314347945365.39
002415,2023-10-19,33.59,33.24,33.78,33.21,13276000.0,0.0015,444941700.0,695.02,310149174946.44
002415,2023-10-20,33.16,32.69,33.3,32.58,14711500.0,0.0016,482503600.0,685.12,305017344434.39
002415,2023-10-23,33.6,33.8,34.21,33.1,38214400.0,0.0042,1286516000.0,705.1,315374311467.8
002415,2023-10-24,33.72,33.87,34.0,33.02,28529700.0,0.0031,958465600.0,706.36,316027453532.97
002415,2023-10-25,34.8,35.27,35.69,34.72,44779400.0,0.0049,1580201700.0000002,731.56,329090294836.37
002415,2023-10-26,35.0,35.34,35.4,34.76,24667400.0,0.0027,866354500.0,732.82,329743436901.54
002415,2023-10-27,35.29,35.9,36.29,35.05,34452000.0,0.0038,1235553500.0,742.9,334968573422.9
002415,2023-10-30,35.83,36.56,37.0,35.59,36481100.0,0.004,1331858000.0,754.78,341126770037.36
002415,2023-10-31,36.55,36.45,36.68,35.99,22420600.0,0.0025,813131600.0,752.8,340100403934.95
002415,2023-11-01,36.49,36.17,36.59,35.9,20796500.0,0.0023,751491000.0,747.76,337487835674.27
002415,2023-11-02,36.13,35.87,36.42,35.83,14579900.0,0.0016,525630199.99999994,742.36,334688655394.97
002415,2023-11-03,36.0,35.81,36.31,35.76,16470800.0,0.0018,592987800.0,741.28,334128819339.11
002415,2023-11-06,35.9,36.93,37.16,35.9,34564200.0,0.0038,1267792700.0,761.44,344579092381.83
002415,2023-11-07,36.89,36.86,37.31,36.64,25342400.0,0.0028000000000000004,937293000.0,760.18,343925950316.66
002415,2023-11-08,36.67,37.22,37.53,36.59,25536000.0,0.0028000000000000004,950399700.0,766.66,347284966651.82
002415,2023-11-09,37.16,37.07,37.75,36.83,24429300.0,0.0027,908363700.0,763.96,345885376512.17
002415,2023-11-10,36.9,37.18,37.5,36.6,17580200.0,0.0019,652796900.0,765.94,346911742614.58
002415,2023-11-13,37.25,37.24,37.58,36.91,18444700.0,0.002,688325100.0,767.02,347471578670.44
002415,2023-11-14,37.16,36.49,37.43,36.45,23420700.0,0.0026,862896500.0,753.52,340473627972.19
002415,2023-11-15,36.95,36.65,37.14,36.21,19141200.0,0.0021,700813400.0,756.4,341966524121.15
002415,2023-11-16,36.5,36.0,36.79,36.0,17176200.0,0.0019,622176900.0,744.7,335901633516.0
002415,2023-11-17,35.95,35.71,36.28,35.62,19833200.0,0.0022,710774900.0,739.48,333195759246.01
002415,2023-11-20,35.7,35.79,36.06,35.47,17957300.0,0.002,642473500.0,740.92,333942207320.49
002415,2023-11-21,35.83,35.87,36.36,35.72,17502700.0,0.0019,629365200.0,742.36,334688655394.97
002415,2023-11-22,35.88,35.55,35.97,35.31,12594500.0,0.0014000000000000002,448657000.0,736.6,331702863097.05
002415,2023-11-23,35.55,35.85,35.95,35.21,12844200.0,0.0014000000000000002,458138399.99999994,742.0,334502043376.35
002415,2023-11-24,36.3,35.81,36.35,35.56,15074000.0,0.0017000000000000001,540096400.0,741.28,334128819339.11
002415,2023-11-27,35.81,35.28,35.82,35.1,17493200.0,0.0019,617485200.0,731.74,329183600845.68
002415,2023-11-28,35.18,35.28,35.49,35.11,12326900.0,0.0014000000000000002,434855899.99999994,731.74,329183600845.68
002415,2023-11-29,35.28,35.02,35.44,34.88,12495700.0,0.0014000000000000002,438948200.0,727.06,326757644603.62
002415,2023-11-30,34.83,34.79,35.08,34.67,13060900.0,0.0014000000000000002,455240300.0,722.92,324611606389.49
002415,2023-12-01,34.84,35.5,35.5,34.5,20254300.0,0.0022,709156799.9999999,735.7,331236333050.5
002415,2023-12-04,35.6,34.9,35.99,34.88,19881000.0,0.0022,701561700.0,724.9,325637972491.9
002415,2023-12-05,34.45,33.8,34.88,33.78,22448900.0,0.0025,766528000.0,705.1,315374311467.8
002415,2023-12-06,33.77,33.6,34.05,33.35,17069700.0,0.0019,575107200.0,701.5,313508191281.6
002415,2023-12-07,33.6,33.09,33.62,33.0,24768900.0,0.0027,821678000.0,692.32,308749584806.79
002415,2023-12-08,33.1,32.65,33.52,32.65,42855600.0,0.004699999999999999,1413581400.0000002,684.4,304644120397.15
002415,2023-12-11,32.67,34.18,34.25,32.51,41222400.0,0.0045000000000000005,1378790799.9999998,711.94,318919939821.58
002415,2023-12-12,34.01,34.02,34.15,33.51,24803100.0,0.0027,838023400.0,709.06,317427043672.62
002415,2023-12-13,33.98,33.5,34.02,33.4,17858800.0,0.002,602268400.0,699.7,312575131188.5
002415,2023-12-14,33.6,33.32,33.76,33.25,13770400.0,0.0015,460738600.0,696.46,310895623020.92
002415,2023-12-15,33.32,33.31,33.58,33.11,11371900.0,0.0012,378807200.0,696.28,310802317011.61
002415,2023-12-18,33.17,33.14,33.71,32.89,12694200.0,0.0014000000000000002,422959100.00000006,693.22,309216114853.34
002415,2023-12-19,33.02,33.32,33.32,32.8,13152200.0,0.0014000000000000002,435108900.0,696.46,310895623020.92
002415,2023-12-20,33.31,32.8,33.42,32.72,15626300.0,0.0017000000000000001,517117200.0,687.1,306043710536.8
002415,2023-12-21,32.67,32.88,33.08,32.61,17876600.0,0.002,586256300.0,688.54,306790158611.28
002415,2023-12-22,32.79,32.7,32.88,32.4,19413300.0,0.0021,633053500.0,685.3,305110650443.7
002415,2023-12-25,32.59,32.94,33.13,32.51,16316200.0,0.0018,536725199.99999994,689.62,307349994667.14
002415,2023-12-26,32.94,32.8,33.03,32.71,16309300.0,0.0018,535699800.00000006,687.1,306043710536.8
002415,2023-12-27,32.76,32.94,33.07,32.7,16717200.0,0.0018,550386200.0,689.62,307349994667.14
002415,2023-12-28,32.94,33.85,34.03,32.79,29455900.0,0.0032,993731300.0,706.0,315840841514.35
002415,2023-12-29,33.81,34.72,34.75,33.69,33234300.0,0.0036,1141916800.0,721.66,323958464324.32
002415,2024-01-02,34.68,33.77,34.68,33.25,38424600.0,0.0042,1290363700.0,704.56,315094393439.87
002415,2024-01-03,33.48,33.06,33.7,32.82,30483600.0,0.0033,1008315300.0,691.78,308469666778.86
002415,2024-01-04,33.0,32.58,33.02,32.04,34031300.0,0.0037,1103184800.0,683.14,303990978331.98
002415,2024-01-05,32.36,32.43,32.94,32.14,23476600.0,0.0026,763550800.0,680.44,302591388192.33
002415,2024-01-08,32.42,31.68,32.42,31.3,30362000.0,0.0033,961036000.0,666.94,295593437494.08
002415,2024-01-09,31.66,31.15,31.68,30.42,41364500.0,0.0045000000000000005,1276313400.0,657.4,290648219000.65
002415,2024-01-10,30.93,30.35,30.99,30.2,29205000.0,0.0032,889987100.0000001,643.0,283183738255.85
002415,2024-01-11,30.35,30.86,31.2,30.21,32403100.0,0.0036,998882400.0,652.18,287942344730.66
002415,2024-01-12,30.73,30.43,30.93,30.36,29026500.0,0.0032,886807400.0,644.44,283930186330.33
002415,2024-01-15,30.5,30.5,30.63,30.15,28836200.0,0.0032,876401000.0,645.7,284583328395.5
002415,2024-01-16,30.47,30.67,30.7,30.18,22774000.0,0.0025,695748400.0,648.76,286169530553.77
002415,2024-01-17,30.83,30.98,31.24,30.75,35927500.0,0.0039000000000000003,1113438300.0,654.34,289062016842.38
002415,2024-01-18,30.66,31.63,31.9,30.41,43260800.0,0.004699999999999999,1343406400.0000002,666.04,295126907447.53
002415,2024-01-19,31.5,31.68,31.92,31.4,27619800.0,0.003,874132300.0,666.94,295593437494.08
002415,2024-01-22,31.65,30.89,31.78,30.64,31473400.0,0.0034999999999999996,985294000.0,652.72,288222262758.59
002415,2024-01-23,30.89,30.74,31.09,30.11,33031300.0,0.0036,1009871400.0,650.02,286822672618.94
002415,2024-01-24,30.71,31.38,31.38,30.18,26717400.0,0.0029,821964700.0,661.54,292794257214.78
002415,2024-01-25,31.38,32.06,32.18,31.19,27730800.0,0.003,884704600.0000001,673.78,299139065847.86
002415,2024-01-26,32.08,31.7,32.24,31.5,25680700.0,0.0028000000000000004,818356200.0,667.3,295780049512.7
002415,2024-01-29,31.88,31.5,32.12,31.46,18524100.0,0.002,586931500.0,663.7,293913929326.5
002415,2024-01-30,31.97,31.82,32.7,31.8,38819600.0,0.0043,1249025400.0,669.46,296899721624.42
002415,2024-01-31,31.65,31.92,32.15,30.86,30874900.0,0.0034000000000000002,976900399.9999999,671.26,297832781717.52
002415,2024-02-01,31.75,31.88,32.2,31.16,25694100.0,0.0028000000000000004,816353800.0,670.54,297459557680.28
002415,2024-02-02,31.87,31.08,32.2,29.82,33516200.0,0.0037,1041445900.0,656.14,289995076935.48
002415,2024-02-05,30.66,31.1,31.6,30.27,37724900.0,0.0040999999999999995,1170458600.0,656.5,290181688954.1
002415,2024-02-06,30.8,32.55,32.8,30.72,41753400.0,0.0046,1340638400.0,682.6,303711060304.05
002415,2024-02-07,32.58,32.93,33.35,32.26,37651600.0,0.0040999999999999995,1243565600.0,689.44,307256688657.83
002415,2024-02-08,33.5,33.65,33.99,33.02,41460700.0,0.0046,1397333100.0,702.4,313974721328.15
002415,2024-02-19,34.61,33.8,34.8,33.5,37876500.0,0.0042,1290757100.0,705.1,315374311467.8
002415,2024-02-20,33.43,33.91,34.05,33.29,26265900.0,0.0029,885972700.0,707.08,316400677570.21
002415,2024-02-21,33.61,33.98,34.48,33.51,32161000.0,0.0034999999999999996,1096765800.0,708.34,317053819635.38
002415,2024-02-22,34.24,34.32,34.66,34.11,26206500.0,0.0029,900734000.0,714.46,320226223951.92
002415,2024-02-23,34.38,34.59,34.64,34.0,27810700.0,0.0031,954374000.0,719.32,322745486203.29
002415,2024-02-26,34.57,34.29,34.82,34.25,27281400.0,0.003,941116700.0,713.92,319946305923.99
002415,2024-02-27,34.11,34.95,34.95,33.85,38588700.0,0.0042,1329490600.0,725.8,326104502538.45
002415,2024-02-28,35.05,34.5,35.63,34.5,42392500.0,0.004699999999999999,1487752600.0,717.7,321905732119.5
002415,2024-02-29,34.26,34.95,35.12,34.2,34757500.0,0.0038,1208384400.0,725.8,326104502538.45
002415,2024-03-01,34.93,35.68,35.87,34.73,47080200.0,0.0052,1670943800.0,738.94,332915841218.08
002415,2024-03-04,35.69,35.0,36.1,34.63,51739900.0,0.005699999999999999,1817574700.0,726.7,326571032585.0
002415,2024-03-05,34.78,35.52,36.8,34.51,69496100.0,0.0076,2478546600.0,736.06,331422945069.12
002415,2024-03-06,35.0,34.42,35.0,34.33,52281000.0,0.005699999999999999,1806324400.0,716.26,321159284045.02
002415,2024-03-07,34.35,33.95,34.67,33.75,37215900.0,0.0040999999999999995,1271517500.0,707.8,316773901607.45
002415,2024-03-08,33.99,33.93,34.17,33.36,33591000.0,0.0037,1134157900.0,707.44,316587289588.83
002415,2024-03-11,33.74,34.2,34.3,33.6,34738200.0,0.0038,1180884400.0,712.3,319106551840.2
002415,2024-03-12,34.21,34.35,34.43,33.85,40384700.0,0.0044,1379150900.0,715.0,320506141979.85
002415,2024-03-13,34.34,34.01,34.63,33.98,35351400.0,0.0039000000000000003,1212384400.0,708.88,317333737663.31
002415,2024-03-14,33.88,33.47,34.12,33.33,32845900.0,0.0036,1106884400.0,699.16,312295213160.57
002415,2024-03-15,33.44,33.26,33.44,32.95,41338900.0,0.0045000000000000005,1367763700.0,695.38,310335786965.06
002415,2024-03-18,33.38,33.51,33.52,33.06,40386900.0,0.0044,1342789700.0,699.88,312668437197.81
002415,2024-03-19,33.4,33.32,33.57,33.21,33092100.0,0.0036,1104319700.0,696.46,310895623020.92
002415,2024-03-20,33.2,33.47,33.48,33.11,32544000.0,0.0036,1084146700.0,699.16,312295213160.57
002415,2024-03-21,33.5,33.36,33.62,33.26,30098100.0,0.0033,1006108500.0,697.18,311268847058.16
002415,2024-03-22,33.3,32.73,33.3,32.61,35787700.0,0.0039000000000000003,1174244100.0,685.84,305390568471.63
002415,2024-03-25,32.7,32.65,33.45,32.51,29749600.0,0.0033,980130900.0,684.4,304644120397.15
002415,2024-03-26,32.3,32.35,32.55,32.02,27426400.0,0.003,885220700.0000001,679.0,301844940117.85
002415,2024-03-27,32.35,32.45,32.8,32.03,29912400.0,0.0033,973593200.0000001,680.8,302778000210.95
002415,2024-03-28,32.31,32.55,32.92,32.18,28073200.0,0.0031,913308100.0,682.6,303711060304.05
002415,2024-03-29,32.42,32.16,32.69,32.0,29514800.0,0.0032,951453000.0,675.58,300072125940.96
002415,2024-04-01,32.21,32.85,33.0,32.21,39480900.0,0.0043,1294665700.0,688.0,306510240583.35
002415,2024-04-02,32.96,32.19,32.98,32.05,34644200.0,0.0038,1122457600.0,676.12,300352043968.89
002415,2024-04-03,32.19,31.78,32.25,31.58,34314700.0,0.0038,1091570300.0,668.74,296526497587.18
002415,2024-04-08,31.76,31.6,31.9,31.53,22759100.0,0.0025,721381300.0,665.5,294846989419.6
002415,2024-04-09,31.58,31.84,31.94,31.31,25628700.0,0.0028000000000000004,810828400.0,669.82,297086333643.04
002415,2024-04-10,31.84,31.18,31.84,31.07,26366400.0,0.0029,826806700.0,657.94,290928137028.58
002415,2024-04-11,31.06,31.24,31.46,30.92,20755700.0,0.0023,648617900.0,659.02,291487973084.44
002415,2024-04-12,31.4,30.92,31.47,30.85,24932700.0,0.0027,775707200.0,653.26,288502180786.52
002415,2024-04-15,30.63,31.19,31.46,30.63,30807000.0,0.0034000000000000002,961643600.0,658.12,291021443037.89
002415,2024-04-16,31.15,31.56,32.08,31.03,48655800.0,0.0053,1542460500.0,664.78,294473765382.36
002415,2024-04-17,31.62,32.11,32.14,31.1,39738200.0,0.0044,1263569100.0,674.68,299605595894.41
002415,2024-04-18,32.01,31.97,32.32,31.8,36600200.0,0.004,1174964300.0,672.16,298299311764.07
002415,2024-04-19,31.86,32.1,32.19,31.41,33437900.0,0.0037,1064415300.0,674.5,299512289885.1
002415,2024-04-22,31.7,32.85,33.1,31.67,62785900.0,0.0069,2053586200.0,688.0,306510240583.35
002415,2024-04-23,32.9,32.6,32.97,32.3,34646200.0,0.0038,1125912700.0,683.5,304177590350.6
002415,2024-04-24,32.53,32.51,32.61,32.07,30960000.0,0.0034000000000000002,1002023700.0,681.88,303337836266.81
002415,2024-04-25,32.38,32.64,32.67,32.08,31844100.0,0.0034999999999999996,1030645100.0,684.22,304550814387.84
002415,2024-04-26,32.52,32.87,32.92,32.45,46684400.0,0.0051,1528426000.0,688.36,306696852601.97
002415,2024-04-29,32.86,33.26,33.41,32.56,48953700.0,0.0054,1622842800.0,695.38,310335786965.06
002415,2024-04-30,33.24,33.11,33.24,32.93,23663300.0,0.0026,783068900.0,692.68,308936196825.41
002415,2024-05-06,33.51,33.76,33.87,33.4,44545100.0,0.0049,1499389000.0,704.38,315001087430.56
002415,2024-05-07,33.67,33.63,33.85,33.55,22535400.0,0.0025,759423600.0,702.04,313788109309.53
002415,2024-05-08,33.64,32.74,33.64,32.73,42287900.0,0.0046,1396203900.0000002,686.02,305483874480.94
002415,2024-05-09,32.73,33.05,33.17,32.71,21876700.0,0.0024,722651600.0,691.6,308376360769.55
002415,2024-05-10,33.07,33.17,33.45,32.91,28342200.0,0.0031,940821100.0,693.76,309496032881.27
002415,2024-05-13,33.06,33.22,33.39,32.67,22132700.0,0.0024,732160700.0000001,694.66,309962562927.82
002415,2024-05-14,33.22,33.53,33.68,33.19,24135200.0,0.0026,807010200.0,700.24,312855049216.43
002415,2024-05-15,33.53,33.21,33.8,33.2,21076600.0,0.0023,707232800.0,694.48,309869256918.51
002415,2024-05-16,33.32,33.09,33.42,32.99,23143800.0,0.0025,766753300.0,692.32,308749584806.79
002415,2024-05-17,33.1,33.69,33.69,33.0,21462200.0,0.0024,716731600.0,703.12,314347945365.39
002415,2024-05-20,33.69,33.88,34.34,33.64,29802700.0,0.0033,1011146500.0,706.54,316120759542.28
002415,2024-05-21,33.2,32.92,33.27,32.75,24913300.0,0.0027,823212400.0,705.46,307163382648.52
002415,2024-05-22,32.72,33.03,33.14,32.72,15692600.0,0.0017000000000000001,517806000.0,707.44,308189748750.93
002415,2024-05-23,32.96,32.48,33.35,32.36,20613000.0,0.0023,673749600.0000001,697.54,303057918238.88
002415,2024-05-24,32.46,32.48,32.75,32.36,17117000.0,0.0019,557705600.0,697.54,303057918238.88
002415,2024-05-27,32.48,32.58,32.6,31.82,25346500.0,0.0028000000000000004,816259600.0000001,699.34,303990978331.98
002415,2024-05-28,32.48,32.59,32.82,32.31,13792500.0,0.0015,449751700.0,699.52,304084284341.29
002415,2024-05-29,32.59,32.7,32.79,32.48,15451500.0,0.0017000000000000001,505011000.0,701.5,305110650443.7
002415,2024-05-30,32.55,32.66,32.8,32.34,14011200.0,0.0015,457154000.0,700.78,304737426406.46
002415,2024-05-31,32.7,32.61,32.79,32.56,15047400.0,0.0017000000000000001,491718800.0,699.88,304270896359.91
002415,2024-06-03,32.72,32.66,32.77,32.35,17998600.0,0.002,585710400.0,700.78,304737426406.46
002415,2024-06-04,32.55,32.95,33.5,32.54,25961700.0,0.0029,858967400.0,706.0,307443300676.45
002415,2024-06-05,33.0,33.42,33.64,32.97,33771100.0,0.0037,1128144700.0,714.46,311828683114.02
002415,2024-06-06,33.3,33.12,33.58,32.95,21283500.0,0.0023,705690800.0,709.06,309029502834.72
002415,2024-06-07,33.12,33.12,33.6,32.79,24399800.0,0.0027,810105300.0,709.06,309029502834.72
002415,2024-06-11,32.92,33.5,33.53,32.9,20956400.0,0.0023,696760300.0,715.9,312575131188.5
002415,2024-06-12,33.41,32.88,33.7,32.85,28547200.0,0.0031,948089299.9999999,704.74,306790158611.28
002415,2024-06-13,32.79,32.48,32.81,31.92,34352100.0,0.0038,1111201200.0,697.54,303057918238.88
002415,2024-06-14,32.4,32.93,33.1,32.32,22206400.0,0.0024,728399100.0,705.64,307256688657.83
002415,2024-06-17,32.76,32.2,33.29,32.07,35169200.0,0.0039000000000000003,1145805800.0,692.5,300445349978.2
002415,2024-06-18,32.23,32.46,32.59,32.08,16668500.0,0.0018,540385000.0,697.18,302871306220.26
002415,2024-06-19,32.55,32.23,32.59,32.23,13356800.0,0.0015,432066300.0,693.04,300725268006.13
002415,2024-06-20,32.12,31.65,32.23,31.31,30242600.0,0.0033,955747899.9999999,682.6,295313519466.15
002415,2024-06-21,31.52,31.85,31.9,31.43,13614000.0,0.0015,431623300.0,686.2,297179639652.35
002415,2024-06-24,31.79,31.42,31.79,31.27,20907400.0,0.0023,657643600.0,678.46,293167481252.02
002415,2024-06-25,31.42,30.92,31.61,30.71,21011900.0,0.0023,653158400.0,669.46,288502180786.52
002415,2024-06-26,31.0,31.04,31.14,30.65,21768700.0,0.0024,672897500.0,671.62,289621852898.24
002415,2024-06-27,31.05,30.71,31.06,30.5,18062900.0,0.002,555156400.0,665.68,286542754591.01
002415,2024-06-28,30.67,30.91,31.08,30.61,18162700.0,0.002,560939400.0,669.28,288408874777.21
002415,2024-07-01,30.93,30.81,30.96,30.41,16045300.0,0.0018,491852600.0,667.48,287475814684.11
002415,2024-07-02,30.81,30.12,30.97,30.03,30642200.0,0.0034000000000000002,929680399.9999999,655.06,281037700041.72
002415,2024-07-03,30.15,30.17,30.3,29.86,18585000.0,0.002,559389500.0,655.96,281504230088.27
002415,2024-07-04,30.16,29.75,30.53,29.6,23981900.0,0.0026,717446200.0,648.4,277585377697.25
002415,2024-07-05,29.66,29.83,29.86,29.35,15655000.0,0.0017000000000000001,463627800.0,649.84,278331825771.73
002415,2024-07-08,29.83,29.33,29.95,29.0,21406900.0,0.0024,627815300.0,640.84,273666525306.23
002415,2024-07-09,29.2,29.41,29.43,28.86,29027300.0,0.0032,845499700.0,642.28,274412973380.71
002415,2024-07-10,29.34,29.42,29.72,29.12,20848700.0,0.0023,614645700.0,642.46,274506279390.02
002415,2024-07-11,29.82,30.1,30.3,29.6,28907900.0,0.0032,868321799.9999999,654.7,280851088023.1
002415,2024-07-12,30.15,30.03,30.15,29.75,17373400.0,0.0019,521112300.00000006,653.44,280197945957.93
002415,2024-07-15,29.98,30.03,30.14,29.75,13582200.0,0.0015,407068300.0,653.44,280197945957.93
002415,2024-07-16,29.98,30.25,30.3,29.82,18667000.0,0.002,563135400.0,657.4,282250678162.75
002415,2024-07-17,30.24,30.28,30.48,29.98,18816700.0,0.0021,569135300.0,657.94,282530596190.68
002415,2024-07-18,30.15,30.02,30.15,29.62,21238900.0,0.0023,635014100.0,653.26,280104639948.62
002415,2024-07-19,30.02,30.3,30.38,29.86,21024100.0,0.0023,634847600.0,658.3,282717208209.3
002415,2024-07-22,30.32,30.37,30.54,30.1,18828300.0,0.0021,572049200.0,659.56,283370350274.47
002415,2024-07-23,30.25,29.58,30.3,29.58,22720100.0,0.0025,677818400.0,645.34,275999175538.98
002415,2024-07-24,29.55,29.32,29.64,28.97,21510200.0,0.0024,628996800.0,640.66,273573219296.92
002415,2024-07-25,29.2,29.3,29.33,28.92,18361300.0,0.002,534964300.0,640.3,273386607278.3
002415,2024-07-26,29.3,29.55,29.56,29.11,18778800.0,0.0021,551120900.0,644.8,275719257511.05
002415,2024-07-29,29.55,29.11,29.59,29.01,18700700.0,0.0021,545810000.0,636.88,271613793101.41
002415,2024-07-30,29.09,28.67,29.09,28.2,35902800.0,0.0039000000000000003,1021902899.9999999,628.96,267508328691.77
002415,2024-07-31,28.5,29.07,29.21,28.33,44968500.0,0.0049,1298984800.0,636.16,271240569064.17
002415,2024-08-01,29.08,28.77,29.18,28.66,31511900.0,0.0034999999999999996,908522100.0000001,630.76,268441388784.87
002415,2024-08-02,28.51,28.38,28.74,28.36,28939900.0,0.0032,824830399.9999999,623.74,264802454421.78
002415,2024-08-05,28.22,27.53,28.44,27.47,46121000.0,0.0051,1284586100.0,608.44,256871443630.43
002415,2024-08-06,27.7,27.73,27.9,27.54,25751100.0,0.0028000000000000004,712425200.0,612.04,258737563816.63
002415,2024-08-07,27.7,27.52,27.8,27.34,26570800.0,0.0029,731549400.0,608.26,256778137621.12
002415,2024-08-08,27.42,27.59,27.61,26.86,36418200.0,0.004,993045100.0,609.52,257431279686.29
002415,2024-08-09,27.59,27.2,27.74,27.14,21803000.0,0.0024,597075600.0,602.5,253792345323.2
002415,2024-08-12,27.1,27.13,27.23,27.04,16372100.0,0.0018,443982400.0,601.24,253139203258.03
002415,2024-08-13,27.17,27.15,27.25,27.0,18081300.0,0.002,490007699.99999994,601.6,253325815276.65
002415,2024-08-14,27.13,27.25,27.36,27.04,16462000.0,0.0018,448447800.0,603.4,254258875369.75
002415,2024-08-15,27.16,27.45,27.54,27.11,19519600.0,0.0021,534990000.0,607.0,253451294048.7
002415,2024-08-16,27.45,27.54,27.72,27.42,22236200.0,0.0024,612659100.0,608.62,254282281898.04
002415,2024-08-19,26.83,26.71,27.15,26.52,61022000.0,0.0067,1632420400.0,593.68,246618727287.46
002415,2024-08-20,26.7,26.44,26.75,26.2,33208700.0,0.0036,876669400.0,588.82,244125763739.44
002415,2024-08-21,26.44,26.53,26.68,26.4,17721200.0,0.0019,470852300.00000006,590.44,244956751588.78
002415,2024-08-22,26.54,26.22,26.59,26.18,16928500.0,0.0019,446284400.0,584.86,242094460107.72
002415,2024-08-23,26.18,26.55,26.6,26.12,17201500.0,0.0019,454244300.0,590.8,245141415555.3
002415,2024-08-26,26.68,26.38,26.69,26.13,20020400.0,0.0022,527744000.0,587.74,243571771839.88
002415,2024-08-27,26.31,26.14,26.34,26.0,15366500.0,0.0017000000000000001,400844500.0,583.42,241355804241.64
002415,2024-08-28,26.08,26.2,26.29,26.03,12399100.0,0.0014000000000000002,324455900.0,584.5,241909796141.2
002415,2024-08-29,26.14,26.17,26.31,26.01,19571000.0,0.0021,512835100.0,583.96,241632800191.42
002415,2024-08-30,26.15,26.72,26.95,26.04,37137100.0,0.0040999999999999995,987425500.0,593.86,246711059270.72
002415,2024-09-02,26.63,26.17,26.65,26.17,21800100.0,0.0024,574749100.0,583.96,241632800191.42
002415,2024-09-03,26.08,26.4,26.47,26.06,19781400.0,0.0022,521179400.0,588.1,243756435806.4
002415,2024-09-04,26.3,26.54,26.65,26.21,18483100.0,0.002,490039900.0,590.62,245049083572.04
002415,2024-09-05,26.55,26.48,26.6,26.36,18740800.0,0.0021,495888100.0,589.54,244495091672.48
002415,2024-09-06,26.46,26.15,26.53,26.13,14062800.0,0.0015,369666300.0,583.6,241448136224.9
002415,2024-09-09,26.11,25.33,26.12,25.31,33015500.0,0.0036,846010000.0,568.84,233876913597.58
002415,2024-09-10,25.39,25.85,25.87,25.03,28046900.0,0.0031,716034200.0,578.2,238678176727.1
002415,2024-09-11,25.68,25.73,25.85,25.52,16202400.0,0.0018,415753500.0,576.04,237570192927.98
002415,2024-09-12,25.74,25.27,25.95,25.26,19998100.0,0.0022,510785300.0,567.76,233322921698.02
002415,2024-09-13,25.27,25.08,25.39,25.03,17147200.0,0.0019,431545400.0,564.34,231568614016.08
002415,2024-09-18,25.1,25.13,25.17,24.71,20137100.0,0.0022,501801900.0,565.24,232030273932.38
002415,2024-09-19,25.22,25.17,25.43,24.83,27341200.0,0.003,687930300.0,565.96,232399601865.42
002415,2024-09-20,25.2,25.34,25.38,24.93,24269300.0,0.0027,611454600.0,569.02,233969245580.84
002415,2024-09-23,25.33,25.35,25.56,25.26,17657700.0,0.0019,448645700.0,569.2,234061577564.1
002415,2024-09-24,25.5,26.17,26.17,25.34,40903300.0,0.0045000000000000005,1057848600.0,583.96,241632800191.42
002415,2024-09-25,26.58,26.91,27.6,26.58,66583700.0,0.0073,1805529100.0,597.28,248465366952.66
002415,2024-09-26,26.91,28.22,28.22,26.9,61906400.0,0.0068000000000000005,1713000000.0,620.86,260560856759.72
002415,2024-09-27,29.0,29.69,30.24,28.99,105462500.0,0.0116,3120097199.9999995,647.32,274133658298.94
002415,2024-09-30,31.02,32.29,32.32,30.6,142607300.0,0.015700000000000002,4514701500.0,694.12,298139973946.54
002415,2024-10-08,35.52,33.83,35.52,32.3,227430000.0,0.025,7700155100.0,721.84,312359099368.58
002415,2024-10-09,33.3,31.5,33.3,31.46,118968900.0,0.0131,3814098800.0,679.9,290845747269.0
002415,2024-10-10,31.26,31.37,32.19,31.1,79053500.0,0.0087,2501204600.0,677.56,289645431486.62
002415,2024-10-11,31.18,29.63,31.21,29.25,89187800.0,0.0098,2692718900.0,646.24,273579666399.38
002415,2024-10-14,29.63,30.42,30.75,29.51,109689100.0,0.012,3326150700.0,660.46,280873893076.92
002415,2024-10-15,30.44,29.31,30.95,29.28,88697300.0,0.0097,2667339900.0,640.48,270625042935.06
002415,2024-10-16,28.86,28.28,29.0,28.08,87520800.0,0.0096,2491709100.0,621.94,261114848659.28
002415,2024-10-17,28.46,27.99,28.66,27.97,69624900.0,0.0076,1973198299.9999998,616.72,258437221144.74
002415,2024-10-18,27.9,28.87,29.65,27.72,99998400.0,0.011000000000000001,2854837600.0,632.56,266562435671.62
002415,2024-10-21,30.8,30.73,31.49,30.01,218849400.0,0.024,6743963199.999999,666.04,283736184557.98
002415,2024-10-22,30.7,30.84,30.99,30.01,82539900.0,0.0091,2527713700.0,668.02,284751836373.84
002415,2024-10-23,30.85,30.9,31.15,30.61,71244700.0,0.0078000000000000005,2202560800.0,669.1,285305828273.4
002415,2024-10-24,30.74,30.66,30.8,30.35,52031300.0,0.005699999999999999,1592052200.0,664.78,283089860675.16
002415,2024-10-25,30.66,30.95,31.1,30.37,63722200.0,0.006999999999999999,1960951000.0,670.0,285767488189.7
002415,2024-10-28,30.49,30.61,30.61,30.1,75709500.0,0.0083,2295201700.0,663.88,282628200758.86
002415,2024-10-29,30.62,30.54,30.88,30.3,57709900.0,0.0063,1762534700.0,662.62,281981876876.04
002415,2024-10-30,30.33,30.01,30.35,29.8,56587700.0,0.0062,1699960400.0,653.08,277088281763.26
002415,2024-10-31,29.99,30.11,30.3,29.36,56480200.0,0.0062,1690490300.0,654.88,278011601595.86
002415,2024-11-01,29.92,30.12,30.3,29.75,46864100.0,0.0051,1408295700.0,655.06,278103933579.12
002415,2024-11-04,30.13,31.0,31.0,30.02,65297200.0,0.0072,2006933900.0000002,670.9,286229148106.0
002415,2024-11-05,31.0,31.42,31.59,30.72,79051100.0,0.0087,2466094600.0,678.46,290107091402.92
002415,2024-11-06,31.42,31.25,31.62,31.0,76227500.0,0.0084,2387311900.0,675.4,288537447687.5
002415,2024-11-07,31.0,31.83,31.85,30.81,64635900.0,0.0070999999999999995,2032670300.0,685.84,293892702716.58
002415,2024-11-08,32.01,31.6,32.36,31.44,71488600.0,0.0079,2278947000.0,681.7,291769067101.6
002415,2024-11-11,31.48,32.88,33.2,31.18,108082600.0,0.011899999999999999,3512640400.0,704.74,303587560958.88
002415,2024-11-12,33.0,32.17,33.0,32.0,73316000.0,0.008100000000000001,2384609400.0,691.96,297031990147.42
002415,2024-11-13,32.07,32.42,32.58,31.8,59757100.0,0.0066,1931136200.0,696.46,299340289728.92
002415,2024-11-14,32.43,31.63,32.7,31.55,51233100.0,0.005600000000000001,1647396200.0,682.24,292046063051.38
002415,2024-11-15,31.63,31.4,32.28,31.4,49872400.0,0.0055000000000000005,1587994400.0,678.1,289922427436.4
002415,2024-11-18,31.6,30.72,31.71,30.61,56635000.0,0.0062,1754034800.0,665.86,283643852574.72
002415,2024-11-19,30.72,31.09,31.14,30.44,38698500.0,0.0042,1194992600.0,672.52,287060135955.34
002415,2024-11-20,31.05,31.1,31.28,30.88,27377400.0,0.003,850624000.0,672.7,287152467938.6
002415,2024-11-21,31.11,30.89,31.11,30.72,25734300.0,0.0028000000000000004,795014900.0,668.92,285213496290.14
002415,2024-11-22,30.88,30.02,30.95,30.0,37554000.0,0.0040999999999999995,1143837500.0,653.26,277180613746.52
002415,2024-11-25,30.01,29.59,30.07,29.38,32755300.0,0.0036,973550800.0,645.52,273210338466.34
002415,2024-11-26,29.6,29.59,29.87,29.54,18148400.0,0.002,538592300.0,645.52,273210338466.34
002415,2024-11-27,29.51,30.02,30.02,29.45,28095900.0,0.0031,837838500.0,653.26,277180613746.52
002415,2024-11-28,30.0,29.8,30.15,29.75,25251300.0,0.0028000000000000004,755396000.0,649.3,275149310114.8
002415,2024-11-29,29.91,30.08,30.26,29.64,28265300.0,0.0031,848316000.0,654.34,277734605646.08
002415,2024-12-02,30.0,30.23,30.3,29.91,45105200.0,0.005,1358858299.9999998,657.04,279119585394.98
002415,2024-12-03,30.11,29.99,30.2,29.8,31960100.0,0.0034999999999999996,956358700.0,652.72,276903617796.74
002415,2024-12-04,29.94,29.67,29.95,29.63,26656500.0,0.0029,793373600.0,646.96,273948994332.42
002415,2024-12-05,29.67,29.72,29.78,29.45,25538500.0,0.0028000000000000004,756445600.0,647.86,274410654248.72
002415,2024-12-06,29.9,30.64,30.65,29.9,56027700.0,0.0062,1699146500.0,664.42,282905196708.64
002415,2024-12-09,30.65,31.27,31.77,30.46,70747700.0,0.0078000000000000005,2216839000.0,675.76,288722111654.02
002415,2024-12-10,32.87,31.97,32.96,31.93,108002400.0,0.011899999999999999,3500129900.0,688.36,295185350482.22
002415,2024-12-11,31.97,31.51,32.1,31.35,47608100.0,0.0052,1505250000.0,680.08,290938079252.26
002415,2024-12-12,31.52,31.58,31.65,31.3,37941900.0,0.0042,1194004100.0,681.34,291584403135.08
002415,2024-12-13,31.41,30.81,31.41,30.8,54036100.0,0.0059,1676811099.9999998,667.48,284474840424.06
002415,2024-12-16,30.91,30.4,31.08,30.18,39977100.0,0.0044,1216719200.0,660.1,280689229110.4
002415,2024-12-17,30.4,30.5,30.84,30.26,32759000.0,0.0036,1002591600.0,661.9,281612548943.0
002415,2024-12-18,30.81,31.0,31.25,30.79,40745000.0,0.0045000000000000005,1264497600.0,670.9,286229148106.0
002415,2024-12-19,30.61,31.04,31.1,30.53,30141500.0,0.0033,930938600.0,671.62,286598476039.04
002415,2024-12-20,31.01,30.88,31.07,30.75,31276200.0,0.0034000000000000002,966377300.0,668.74,285121164306.88
002415,2024-12-23,30.88,30.72,31.09,30.6,39176600.0,0.0043,1209473300.0,665.86,283643852574.72
002415,2024-12-24,30.7,30.74,31.08,30.47,41383800.0,0.0045000000000000005,1274467000.0,666.22,283828516541.24
002415,2024-12-25,30.8,31.25,31.39,30.66,53222800.0,0.0058,1656411500.0,675.4,288537447687.5
002415,2024-12-26,31.32,31.5,31.51,30.91,50349800.0,0.0055000000000000005,1578220400.0,679.9,290845747269.0
002415,2024-12-27,31.6,31.06,31.64,31.0,34561800.0,0.0038,1079997000.0,671.98,286783140005.56
002415,2024-12-30,30.95,31.02,31.21,30.9,28868000.0,0.0032,897020000.0,671.26,286413812072.52
002415,2024-12-31,31.05,30.7,31.07,30.36,51107700.0,0.005600000000000001,1566706200.0,665.5,283459188608.2
002415,2025-01-02,30.58,29.6,30.58,29.41,48923200.0,0.0054,1463495000.0,645.7,273302670449.6
002415,2025-01-03,29.66,28.83,29.78,28.7,42986300.0,0.004699999999999999,1253604700.0,631.84,266193107738.58
002415,2025-01-06,28.84,28.32,28.89,28.2,38921600.0,0.0043,1108551700.0,622.66,261484176592.32
002415,2025-01-07,28.33,28.41,28.47,28.2,29322300.0,0.0032,831108800.0,624.28,262315164441.66
002415,2025-01-08,28.36,28.09,28.37,27.53,39003200.0,0.0043,1088411600.0,618.52,259360540977.34
002415,2025-01-09,28.0,28.13,28.41,27.88,28278600.0,0.0031,797075200.0,619.24,259729868910.38
002415,2025-01-10,28.12,27.8,28.26,27.8,21125800.0,0.0023,592831000.0,613.3,256682913462.8
002415,2025-01-13,27.59,27.67,28.1,27.51,26424600.0,0.0029,732285399.9999999,610.96,255482597680.42
002415,2025-01-14,27.72,28.36,28.37,27.56,49300200.0,0.0054,1387307100.0,623.38,261853504525.36
002415,2025-01-15,28.37,28.1,28.37,27.9,32765100.0,0.0036,918633400.0,618.7,259452872960.6
002415,2025-01-16,28.14,28.13,28.46,27.95,27525700.0,0.003,776562200.0,619.24,259729868910.38
002415,2025-01-17,28.02,28.2,28.37,27.9,21510200.0,0.0024,605876400.0,620.5,260376192793.2
002415,2025-01-20,28.37,28.28,28.54,28.22,30135500.0,0.0033,854751300.0,621.94,261114848659.28
002415,2025-01-21,28.41,28.39,28.47,28.2,22956700.0,0.0025,650598900.0,623.92,262130500475.14
002415,2025-01-22,28.39,28.46,28.58,28.03,32526700.0,0.0036,921169900.0,625.18,262776824357.96
002415,2025-01-23,28.75,28.63,28.94,28.41,35126200.0,0.0039000000000000003,1006360900.0,628.24,264346468073.38
002415,2025-01-24,28.5,29.02,29.07,28.45,37373300.0,0.0040999999999999995,1078910100.0,635.26,267947415420.52
002415,2025-01-27,29.13,29.03,29.25,28.93,26862300.0,0.003,780936500.0,635.44,268039747403.78
002415,2025-02-05,29.55,30.0,30.2,29.28,70403800.0,0.0077,2104193800.0,652.9,276995949780.0
002415,2025-02-06,29.9,30.37,30.45,29.66,56296900.0,0.0062,1696165799.9999998,659.56,280412233160.62
002415,2025-02-07,30.37,30.88,31.02,30.35,81288900.0,0.0089,2499201000.0,668.74,285121164306.88
002415,2025-02-10,30.88,31.05,31.25,30.67,55315700.0,0.0060999999999999995,1715151400.0000002,671.8,286690808022.3
002415,2025-02-11,31.1,31.22,31.58,30.89,58968700.0,0.006500000000000001,1847552700.0,674.86,288260451737.72
002415,2025-02-12,31.21,30.91,31.21,30.6,55200400.0,0.0060999999999999995,1700023200.0,669.28,285398160256.66
002415,2025-02-13,30.9,30.49,30.9,30.3,45233500.0,0.005,1384001700.0000002,661.72,281520216959.74
002415,2025-02-14,30.48,31.54,31.85,30.4,68374600.0,0.0075,2136041200.0,680.62,291215075202.04
002415,2025-02-17,31.88,31.58,31.9,31.4,45227300.0,0.005,1429731200.0,681.34,291584403135.08
002415,2025-02-18,31.56,32.1,32.67,31.42,105307900.0,0.0116,3400549800.0,690.7,296385666264.6
002415,2025-02-19,32.0,32.25,32.32,31.71,51403500.0,0.005600000000000001,1648753100.0,693.4,297770646013.5
002415,2025-02-20,32.19,32.09,32.77,31.98,39461100.0,0.0043,1272685900.0,690.52,296293334281.34
002415,2025-02-21,32.1,32.69,32.77,32.08,64066300.0,0.006999999999999999,2081999900.0,701.32,301833253276.94
002415,2025-02-24,32.16,31.85,32.79,31.65,110366600.0,0.0121,3547916700.0,686.2,294077366683.1
002415,2025-02-25,31.46,31.1,31.46,30.85,74326400.0,0.008199999999999999,2315056400.0,672.7,287152467938.6
002415,2025-02-26,31.1,31.21,31.29,30.83,49481100.0,0.0054,1534882100.0,674.68,288168119754.46
002415,2025-02-27,31.17,30.95,31.4,30.54,48379900.0,0.0053,1497388800.0,670.0,285767488189.7
002415,2025-02-28,30.94,30.14,31.12,30.1,42924800.0,0.004699999999999999,1311411099.9999998,655.42,278288597545.64
002415,2025-03-03,30.19,30.52,30.82,30.19,35372700.0,0.0039000000000000003,1080968500.0,662.26,281797212909.52
002415,2025-03-04,30.43,30.85,30.95,30.3,39154400.0,0.0043,1205393900.0,668.2,284844168357.1
002415,2025-03-05,30.8,31.16,31.29,30.76,36964500.0,0.0040999999999999995,1145942700.0,673.78,287706459838.16
002415,2025-03-06,31.29,33.6,33.76,31.25,179293800.0,0.0197,5881986000.0,717.7,310235463753.6
002415,2025-03-07,33.07,33.56,34.07,32.98,102924900.0,0.0113,3451111500.0,716.98,309866135820.56
002415,2025-03-10,33.39,33.63,33.79,32.71,66376900.0,0.0073,2208007700.0,718.24,310512459703.38
002415,2025-03-11,33.16,33.13,33.47,32.8,51378800.0,0.005600000000000001,1698320799.9999998,709.24,305895860540.38
002415,2025-03-12,33.17,33.28,33.64,33.0,40867600.0,0.0045000000000000005,1363500400.0,711.94,307280840289.28
002415,2025-03-13,33.1,33.16,33.68,32.78,39195900.0,0.0043,1299112200.0,709.78,306172856490.16
002415,2025-03-14,32.96,33.35,33.38,32.88,45902800.0,0.005,1521541800.0,713.2,307927164172.1
002415,2025-03-17,33.28,33.35,33.55,33.14,34218700.0,0.0038,1142088900.0,713.2,307927164172.1
002415,2025-03-18,33.65,33.37,33.86,33.2,33728800.0,0.0037,1131126700.0,713.56,308111828138.62
002415,2025-03-19,33.37,33.3,33.6,33.11,26741600.0,0.0029,892369800.0,712.3,307465504255.8
002415,2025-03-20,33.31,31.89,33.38,31.8,71786200.0,0.0079,2318088800.0,686.92,294446694616.14
002415,2025-03-21,31.85,31.33,31.94,31.26,35506300.0,0.0039000000000000003,1118983900.0,676.84,289276103553.58
002415,2025-03-24,31.34,31.41,31.69,30.96,27245800.0,0.003,853325100.0,678.28,290014759419.66
002415,2025-03-25,31.41,31.24,31.5,31.17,17058300.0,0.0019,534154800.00000006,675.22,288445115704.24
002415,2025-03-26,31.41,31.0,31.42,30.91,22827800.0,0.0025,709255700.0000001,670.9,286229148106.0
002415,2025-03-27,31.0,31.08,31.33,30.82,22897800.0,0.0025,712614500.0,672.34,286967803972.08
002415,2025-03-28,31.07,30.97,31.17,30.95,14384900.0,0.0016,446368000.0,670.36,285952152156.22
002415,2025-03-31,30.9,30.7,31.09,30.14,35216800.0,0.0039000000000000003,1074925800.0,665.5,283459188608.2
002415,2025-04-01,30.72,30.46,30.76,30.21,32659200.0,0.0036,995154299.9999999,661.18,281243221009.96
002415,2025-04-02,30.49,30.33,30.5,30.21,22739000.0,0.0025,689268700.0,658.84,280042905227.58
002415,2025-04-03,30.12,29.91,30.28,29.8,31997100.0,0.0034999999999999996,958766000.0,651.28,276164961930.66
002415,2025-04-07,28.6,27.89,28.79,27.06,74091200.0,0.008100000000000001,2080174800.0,614.92,257513901312.14
002415,2025-04-08,27.95,28.09,28.66,27.53,57401800.0,0.0063,1607649700.0,618.52,259360540977.34
002415,2025-04-09,27.99,28.17,28.3,27.63,65288500.0,0.0072,1829621900.0,619.96,260099196843.42
002415,2025-04-10,28.42,28.83,28.97,28.25,49210200.0,0.0054,1412762000.0,631.84,266193107738.58
002415,2025-04-11,28.6,28.5,28.82,28.19,41922300.0,0.0046,1194632600.0,625.9,263146152291.0
002415,2025-04-14,28.8,28.7,29.05,28.66,30530600.0,0.0034000000000000002,879383100.0,629.5,264992791956.2
002415,2025-04-15,28.7,28.58,28.75,28.31,23901200.0,0.0026,679860100.0,627.34,263884808157.08
002415,2025-04-16,28.51,28.36,28.51,28.01,30763400.0,0.0034000000000000002,867674299.9999999,623.38,261853504525.36
002415,2025-04-17,28.2,28.21,28.35,28.15,27324200.0,0.003,771904100.0,620.68,260468524776.46
002415,2025-04-18,28.2,28.37,28.39,28.02,20847200.0,0.0023,587956600.0,623.56,261945836508.62
002415,2025-04-21,28.58,28.88,29.37,28.45,42867100.0,0.004699999999999999,1240657700.0,632.74,266654767654.88
002415,2025-04-22,28.8,28.49,28.89,28.35,32223700.0,0.0034999999999999996,920091100.0,625.72,263053820307.74
002415,2025-04-23,28.63,28.48,28.69,28.38,30732200.0,0.0034000000000000002,875683100.0,625.54,262961488324.48
002415,2025-04-24,28.52,28.33,28.61,28.18,32617800.0,0.0036,924434700.0,622.84,261576508575.58
002415,2025-04-25,28.32,28.18,28.33,28.13,33332700.0,0.0037,940056700.0,620.14,260191528826.68
002415,2025-04-28,28.18,28.06,28.24,28.02,26372300.0,0.0029,741662899.9999999,617.98,259083545027.56
002415,2025-04-29,28.06,28.14,28.2,27.92,17870800.0,0.002,502173900.0,619.42,259822200893.64
002415,2025-04-30,28.15,28.21,28.31,28.1,23129700.0,0.0025,652806900.0,620.68,260468524776.46
002415,2025-05-06,28.35,28.83,28.83,28.3,38826800.0,0.0043,1110450600.0,631.84,266193107738.58
002415,2025-05-07,29.05,28.84,29.27,28.64,34500800.0,0.0038,996400300.0,632.02,266285439721.84
002415,2025-05-08,28.68,28.92,29.0,28.67,26358200.0,0.0029,762003300.0,633.46,267024095587.92
002415,2025-05-09,28.92,28.65,28.92,28.54,22194800.0,0.0024,636217200.0,628.6,264531132039.9
002415,2025-05-12,28.79,28.94,28.95,28.65,34235200.0,0.0038,987151400.0,633.82,267208759554.44
002415,2025-05-13,29.27,28.82,29.29,28.73,31152700.0,0.0034000000000000002,901058000.0,631.66,266100775755.32
002415,2025-05-14,28.83,29.01,29.08,28.7,31825900.0,0.0034999999999999996,919245200.0,635.08,267855083437.26
002415,2025-05-15,28.98,28.79,28.98,28.73,20099600.0,0.0022,578986300.0,631.12,265823779805.54
002415,2025-05-16,28.7,28.8,28.86,28.55,16930500.0,0.0019,486869100.00000006,631.3,265916111788.8
002415,2025-05-19,28.81,28.77,28.86,28.61,19415200.0,0.0021,557555200.0,630.76,265639115839.02
002415,2025-05-20,28.1,28.18,28.2,27.9,25877800.0,0.0028000000000000004,726235900.0,632.68,260191528826.68
002415,2025-05-21,28.18,28.48,28.66,28.11,30361400.0,0.0033,861690500.0,638.08,262961488324.48
002415,2025-05-22,28.4,28.31,28.46,28.22,19357800.0,0.0021,548167900.0,635.02,261391844609.06
002415,2025-05-23,28.29,28.18,28.39,28.12,23755300.0,0.0026,671120200.0,632.68,260191528826.68
002415,2025-05-26,28.18,28.24,28.27,28.04,18936900.0,0.0021,532484000.0,633.76,260745520726.24
002415,2025-05-27,28.15,28.11,28.18,27.96,18594500.0,0.002,521531900.0,631.42,259545204943.86
002415,2025-05-28,28.1,28.01,28.18,28.0,16116200.0,0.0018,452466000.0,629.62,258621885111.26
002415,2025-05-29,28.07,28.28,28.34,28.01,23610700.0,0.0026,666452400.0,634.48,261114848659.28
002415,2025-05-30,28.19,28.13,28.22,28.05,15228900.0,0.0017000000000000001,428402300.00000006,631.78,259729868910.38
002415,2025-06-03,28.04,28.04,28.19,27.93,21592800.0,0.0024,605673900.0,630.16,258898881061.04
002415,2025-06-04,28.08,28.25,28.29,28.05,20005800.0,0.0022,564200200.0,633.94,260837852709.5
002415,2025-06-05,28.29,28.48,28.53,28.2,26559500.0,0.0029,753867600.0,638.08,262961488324.48
002415,2025-06-06,28.55,28.55,28.65,28.31,23292600.0,0.0026,663638200.0000001,639.34,263607812207.3
002415,2025-06-09,28.57,28.45,28.65,28.35,36301600.0,0.004,1033706100.0,637.54,262684492374.7
002415,2025-06-10,28.45,28.13,28.46,27.97,39311800.0,0.0043,1106474600.0,631.78,259729868910.38
002415,2025-06-11,28.13,28.12,28.28,28.04,33289100.0,0.0037,936562800.0,631.6,259637536927.12
002415,2025-06-12,28.09,27.99,28.09,27.81,38373200.0,0.0042,1071476900.0,629.26,258437221144.74
002415,2025-06-13,27.91,27.76,27.94,27.69,37660900.0,0.0040999999999999995,1045624800.0,625.12,256313585529.76
002415,2025-06-16,27.62,27.59,27.77,27.41,45667800.0,0.005,1258522100.0,622.06,254743941814.34
002415,2025-06-17,27.51,27.62,27.66,27.44,20525400.0,0.0023,566029500.0,622.6,255020937764.12
002415,2025-06-18,27.62,27.65,27.66,27.45,18574600.0,0.002,512527900.0,623.14,255297933713.9
002415,2025-06-19,27.58,27.45,27.62,27.3,30540500.0,0.0034000000000000002,837238400.0,619.54,253451294048.7
002415,2025-06-20,27.33,27.26,27.44,27.24,20800100.0,0.0023,568151400.0,616.12,251696986366.76
002415,2025-06-23,27.05,27.32,27.35,27.02,19887900.0,0.0022,540488500.0,617.2,252250978266.32
002415,2025-06-24,27.38,27.61,27.64,27.31,28127600.0,0.0031,774094100.0,622.42,254928605780.86
002415,2025-06-25,27.65,27.81,27.82,27.53,32056600.0,0.0034999999999999996,887219800.0,626.02,256775245446.06
002415,2025-06-26,27.8,27.59,27.98,27.54,31480800.0,0.0034999999999999996,871626799.9999999,622.06,254743941814.34
002415,2025-06-27,27.59,27.64,27.84,27.56,28215400.0,0.0031,780884800.0,622.96,255205601730.64
002415,2025-06-30,27.03,27.73,27.78,27.03,44230100.0,0.0049,1215035100.0,624.58,256036589579.98
002415,2025-07-01,27.6,27.53,27.63,27.38,32806500.0,0.0036,901660700.0000001,620.98,254189949914.78
002415,2025-07-02,27.5,27.51,27.57,27.38,21287200.0,0.0023,584614300.0,620.62,254005285948.26
002415,2025-07-03,27.49,27.71,27.76,27.46,32689200.0,0.0036,905049800.0,624.22,255851925613.46
002415,2025-07-04,27.72,27.61,27.8,27.59,29922600.0,0.0033,828603700.0,622.42,254928605780.86
002415,2025-07-07,27.62,27.43,27.62,27.4,22958700.0,0.0025,629863900.0,619.18,253266630082.18
002415,2025-07-08,27.44,27.62,27.65,27.44,25615000.0,0.0028000000000000004,706339700.0,622.6,255020937764.12
002415,2025-07-09,27.63,27.68,27.77,27.55,32650300.0,0.0036,903779800.0,623.68,255574929663.68
002415,2025-07-10,27.66,27.78,27.86,27.55,30483500.0,0.0033,844228400.0,625.48,256498249496.28
002415,2025-07-11,27.79,27.9,28.05,27.79,48918400.0,0.0054,1366329600.0,627.64,257606233295.4
002415,2025-07-14,27.9,27.76,27.92,27.72,28636700.0,0.0031,795812800.0,625.12,256313585529.76
002415,2025-07-15,27.76,27.93,27.95,27.63,46228800.0,0.0051,1284598500.0,628.18,257883229245.18
002415,2025-07-16,27.81,27.72,27.85,27.68,36651800.0,0.004,1017030700.0000001,624.4,255944257596.72
002415,2025-07-17,27.72,27.94,27.98,27.65,44850200.0,0.0049,1248362400.0,628.36,257975561228.44
002415,2025-07-18,27.99,28.01,28.16,27.92,42985600.0,0.004699999999999999,1205792700.0,629.62,258621885111.26
002415,2025-07-21,28.08,28.14,28.29,28.01,44539400.0,0.0049,1251130100.0,631.96,259822200893.64
002415,2025-07-22,28.13,28.4,28.5,28.02,63659300.0,0.006999999999999999,1798929100.0,636.64,262222832458.4
002415,2025-07-23,28.41,28.27,28.8,28.2,65732300.0,0.0072,1873084900.0,634.3,261022516676.02
002415,2025-07-24,28.25,28.64,28.64,28.22,48612600.0,0.0053,1383918299.9999998,640.96,264438800056.64
002415,2025-07-25,28.72,28.66,28.82,28.59,38655300.0,0.0042,1108600500.0,641.32,264623464023.16
002415,2025-07-28,28.75,28.59,28.82,28.46,46419600.0,0.0051,1328452400.0,640.06,263977140140.34
002415,2025-07-29,28.5,28.56,28.59,28.24,44379700.0,0.0049,1261139300.0,639.52,263700144190.56
002415,2025-07-30,28.55,28.49,28.69,28.25,48365200.0,0.0053,1378418500.0,638.26,263053820307.74
002415,2025-07-31,28.44,28.1,28.47,28.0,54243100.0,0.006,1530864300.0,631.24,259452872960.6
002415,2025-08-01,28.26,29.11,29.56,28.1,130564400.0,0.0143,3793420000.0,649.42,268778403269.86
002415,2025-08-04,28.75,28.57,29.15,28.37,114128200.0,0.0125,3266338700.0,639.7,263792476173.82
002415,2025-08-05,28.66,29.33,29.39,28.66,107630100.0,0.0118,3133436700.0,653.38,270809706901.58
002415,2025-08-06,29.3,29.28,29.68,29.21,79940400.0,0.0088,2351431300.0,652.48,270348046985.28
002415,2025-08-07,29.31,29.15,29.78,29.1,65613300.0,0.0072,1923263400.0,650.14,269147731202.9
002415,2025-08-08,29.2,28.77,29.23,28.76,51256700.0,0.005600000000000001,1479854200.0000002,643.3,265639115839.02
002415,2025-08-11,28.8,28.85,28.97,28.69,49379400.0,0.0054,1424360700.0,644.74,266377771705.1
002415,2025-08-12,29.09,29.25,29.64,29.05,66891600.0,0.0073,1961048800.0,651.94,270071051035.5
002415,2025-08-13,29.3,29.52,29.65,29.23,65517000.0,0.0072,1931536900.0,656.8,272564014583.52
002415,2025-08-14,29.5,29.19,29.65,29.1,57326800.0,0.0063,1685314800.0,650.86,269517059135.94
002415,2025-08-15,29.17,29.56,29.56,29.16,56637900.0,0.0062,1663746400.0000002,657.52,272933342516.56
002415,2025-08-18,29.61,30.02,30.5,29.6,109384500.0,0.012,3296400500.0,665.8,277180613746.52
002415,2025-08-19,30.02,29.86,30.17,29.8,57784500.0,0.0063,1729825300.0,662.92,275703302014.36
002415,2025-08-20,29.8,30.19,30.19,29.61,60242500.0,0.0066,1805583299.9999998,668.86,278750257461.94
002415,2025-08-21,30.28,30.33,30.75,30.05,70048300.0,0.0077,2130708800.0,671.38,280042905227.58
002415,2025-08-22,30.25,31.09,31.15,30.16,99803000.0,0.0109,3073840100.0,685.06,287060135955.34
002415,2025-08-25,31.48,31.18,31.55,30.81,102105900.0,0.011200000000000002,3180160100.0,686.68,287891123804.68
002415,2025-08-26,31.01,31.28,31.47,30.88,67290100.0,0.0074,2102229000.0,688.48,288814443637.28
002415,2025-08-27,31.55,30.85,32.27,30.82,117736600.0,0.0129,3726441599.9999995,680.74,284844168357.1
002415,2025-08-28,30.81,31.18,31.3,30.4,90716800.0,0.01,2803129900.0,686.68,287891123804.68
002415,2025-08-29,31.18,31.17,31.58,31.05,86500200.0,0.0095,2709144500.0,686.5,287798791821.42
002415,2025-09-01,31.2,31.15,31.32,30.8,69932700.0,0.0077,2171963600.0,686.14,287614127854.9
002415,2025-09-02,31.08,30.64,31.19,30.26,75306900.0,0.0083,2310385500.0,676.96,282905196708.64
002415,2025-09-03,30.65,29.9,30.88,29.76,64823700.0,0.0070999999999999995,1956421200.0,663.64,276072629947.4
002415,2025-09-04,29.99,29.3,30.07,28.93,74905600.0,0.008199999999999999,2197851400.0,652.84,268530736415.0
002415,2025-09-05,29.3,29.62,29.66,28.99,55723600.0,0.0060999999999999995,1637903200.0,658.6,271463495311.0
002415,2025-09-08,29.63,30.33,30.68,29.63,74952100.0,0.0083,2269926300.0,671.38,277970554111.5
002415,2025-09-09,30.33,30.18,30.33,30.0,45418700.0,0.005,1369352600.0,668.68,276595823379.0
002415,2025-09-10,30.3,30.2,30.7,29.95,49545200.0,0.0055000000000000005,1499729600.0,669.04,276779120810.0
002415,2025-09-11,30.18,30.89,30.89,30.08,69017200.0,0.0076,2110916700.0000002,681.46,283102882179.5
002415,2025-09-12,30.98,30.75,31.31,30.74,70497800.0,0.0078000000000000005,2187807300.0,678.94,281819800162.5
002415,2025-09-15,30.74,30.49,30.89,30.31,49099000.0,0.0054,1498757300.0,674.26,279436933559.5
002415,2025-09-16,30.41,30.87,30.96,30.31,52135600.0,0.0058,1599359700.0,681.1,282919584748.5
002415,2025-09-17,30.87,30.75,30.96,30.38,48006200.0,0.0053,1472247000.0,678.94,281819800162.5
002415,2025-09-18,30.75,30.92,32.1,30.59,119137300.0,0.0132,3727138900.0,682.0,283377828326.0
002415,2025-09-19,30.92,30.71,31.06,30.66,57449800.0,0.0064,1770162100.0,678.22,281453205300.5
002415,2025-09-22,30.65,30.41,30.77,30.2,56041700.0,0.0062,1704414600.0,672.82,278703743835.5
002415,2025-09-23,30.41,30.29,30.66,29.88,58540700.0,0.006500000000000001,1768501200.0,670.66,277603959249.5
002415,2025-09-24,30.18,30.97,31.04,30.02,80514700.0,0.0089,2460617400.0,682.9,283836071903.5
002415,2025-09-25,31.0,31.24,31.5,30.88,76454500.0,0.0085,2388390000.0,687.76,286310587222.0
002415,2025-09-26,31.19,30.66,31.34,30.56,55166800.0,0.0060999999999999995,1702939800.0,677.32,280994961723.0
002415,2025-09-29,30.66,31.22,31.3,30.21,65929400.0,0.0073,2025428200.0,687.4,286127289791.0
002415,2025-09-30,31.22,31.52,31.89,31.08,78501400.0,0.0087,2470207400.0,692.8,288876751256.0
002415,2025-10-09,31.8,34.17,34.67,31.8,291095500.0,0.0322,9883137900.0,740.5,313163660863.5
002415,2025-10-10,33.78,33.91,34.48,33.27,192092500.0,0.0212,6529742100.0,743.02,310780794260.5
002415,2025-10-13,32.75,33.36,33.57,32.32,154199900.0,0.017,5075046900.0,733.12,305740114908.0
002415,2025-10-14,33.52,33.25,34.78,33.05,139943200.0,0.0155,4740162000.0,731.14,304731979037.5
002415,2025-10-15,33.11,33.37,33.81,32.56,102301200.0,0.0113,3391789500.0,733.3,305831763623.5
002415,2025-10-16,33.21,33.4,34.22,32.8,100157100.0,0.0111,3341044500.0,733.84,306106709770.0
002415,2025-10-17,33.35,33.06,34.1,32.63,116180300.0,0.0128,3857658500.0,727.72,302990653443.0
002415,2025-10-20,33.89,32.36,34.0,32.05,127913200.0,0.0141,4186908900.0,715.12,296575243358.0
002415,2025-10-21,32.36,32.58,32.79,32.22,75199500.0,0.0083,2449246100.0,719.08,298591515099.0
002415,2025-10-22,32.31,33.47,33.6,31.96,100321500.0,0.0111,3304836700.0,735.1,306748250778.5
002415,2025-10-23,33.37,33.43,33.7,32.76,70413000.0,0.0078000000000000005,2343588100.0,734.38,306381655916.5
002415,2025-10-24,33.43,33.29,33.85,33.18,71580600.0,0.0079,2391640100.0,731.86,305098573899.5
002415,2025-10-27,33.63,33.9,34.28,33.38,94747700.0,0.0105,3206845200.0,742.84,310689145545.0
002415,2025-10-28,33.55,32.98,33.74,32.95,74750900.0,0.0083,2489095800.0,726.28,302257463719.0
002415,2025-10-29,33.1,33.35,33.44,33.01,50588500.0,0.005600000000000001,1680721400.0000002,732.94,305648466192.5
002415,2025-10-30,33.28,33.22,33.95,33.1,75104600.0,0.0083,2513012900.0,730.6,304457032891.0
002415,2025-10-31,33.1,32.87,33.67,32.8,73380700.0,0.008100000000000001,2432170800.0,724.3,301249327848.5
002415,2025-11-03,32.88,32.6,33.15,32.06,59034000.0,0.006500000000000001,1917342500.0,719.44,298774812530.0
002415,2025-11-04,32.55,31.79,32.63,31.51,62853400.0,0.0069,2009488500.0,704.86,291351266574.5
002415,2025-11-05,31.46,31.5,31.63,31.06,58225200.0,0.0064,1825640600.0,699.64,288693453825.0
002415,2025-11-06,31.7,31.8,31.95,31.6,45062800.0,0.005,1432288400.0,705.04,291442915290.0
002415,2025-11-07,31.55,31.37,31.67,31.35,39681200.0,0.0044,1249820800.0,697.3,287502020523.5
002415,2025-11-10,31.38,31.81,31.95,31.38,41366300.0,0.0046,1312089100.0,705.22,291534564005.5
002415,2025-11-11,31.81,31.72,31.98,31.62,36549000.0,0.004,1161835000.0,703.6,290709725566.0
002415,2025-11-12,31.55,31.43,31.69,31.11,37316900.0,0.0040999999999999995,1174338100.0,698.38,288051912816.5
002415,2025-11-13,31.4,31.69,31.95,31.36,37703400.0,0.0042,1197168600.0,703.06,290434779419.5
002415,2025-11-14,31.5,31.31,31.58,31.31,36440900.0,0.004,1145330600.0,696.22,286952128230.5
002415,2025-11-17,31.2,30.46,31.28,30.46,63142000.0,0.006999999999999999,1941162300.0,680.92,279161987413.0
002415,2025-11-18,30.45,30.73,30.79,30.38,33843900.0,0.0037,1037641300.0,685.78,281636502731.5
002415,2025-11-19,30.73,30.42,30.9,30.28,28458700.0,0.0031,869432600.0,680.2,278795392551.0
002415,2025-11-20,30.63,30.23,30.69,30.21,22881200.0,0.0025,696969100.0,676.78,277054066956.5
002415,2025-11-21,29.96,29.82,30.35,29.8,41085600.0,0.0045000000000000005,1231660300.0,669.4,273296469621.0
002415,2025-11-24,29.9,29.86,30.09,29.7,40630400.0,0.0045000000000000005,1214858300.0,670.12,273663064483.0
002415,2025-11-25,30.1,29.99,30.42,29.96,45432200.0,0.005,1371641400.0000002,672.46,274854497784.5
002415,2025-11-26,30.02,29.9,30.08,29.85,29928900.0,0.0033,896599299.9999999,670.84,274029659345.0
002415,2025-11-27,29.97,29.73,30.02,29.71,29737400.0,0.0033,888837200.0,667.78,272471631181.5
002415,2025-11-28,29.73,30.02,30.03,29.64,25531100.0,0.0028000000000000004,761711700.0,673.0,275129443931.0
002415,2025-12-01,30.01,30.58,30.58,29.93,42357900.0,0.004699999999999999,1285247600.0,683.08,280261771999.0
002415,2025-12-02,30.51,30.52,30.68,30.35,25369000.0,0.0028000000000000004,773849400.0,682.0,279711879706.0
002415,2025-12-03,30.49,30.34,30.55,30.23,20861600.0,0.0023,633782000.0,678.76,278062202827.0
002415,2025-12-04,30.3,30.35,30.55,30.24,18438200.0,0.002,559477100.0,678.94,278153851542.5
002415,2025-12-05,30.35,30.07,30.38,29.86,39751100.0,0.0044,1193536300.0,673.9,275587687508.5
002415,2025-12-08,30.15,30.43,30.66,30.14,42477300.0,0.004699999999999999,1293161200.0,680.38,278887041266.5
002415,2025-12-09,30.4,29.99,30.42,29.94,35185000.0,0.0039000000000000003,1058665000.0,672.46,274854497784.5
002415,2025-12-10,29.99,30.0,30.11,29.75,24783100.0,0.0027,740775500.0,672.64,274946146500.0
002415,2025-12-11,30.03,29.4,30.1,29.35,42561800.0,0.004699999999999999,1263635600.0,661.84,269447223570.0
002415,2025-12-12,29.4,29.63,29.69,29.13,49128100.0,0.0054,1445998299.9999998,665.98,271555144026.5
002415,2025-12-15,29.42,29.02,29.57,29.0,43488700.0,0.0048,1271943100.0,655.0,265964572381.0
002415,2025-12-16,29.0,28.69,29.02,28.61,35446500.0,0.0039000000000000003,1018006500.0,649.06,262940164769.5
002415,2025-12-17,28.69,29.07,29.19,28.65,26961200.0,0.003,779553400.0,655.9,266422815958.5
002415,2025-12-18,28.96,29.02,29.2,28.9,21735100.0,0.0024,632012600.0,655.0,265964572381.0
002415,2025-12-19,29.09,29.19,29.35,29.09,25116800.0,0.0028000000000000004,734364000.0,658.06,267522600544.5
002415,2025-12-22,29.25,29.15,29.38,29.08,33966100.0,0.0038,992189700.0,657.34,267156005682.5
002415,2025-12-23,29.16,29.14,29.33,28.95,30235500.0,0.0033,880879400.0,657.16,267064356967.0
002415,2025-12-24,29.1,29.33,29.45,29.02,31494100.0,0.0034999999999999996,922046500.0,660.58,268805682561.5
002415,2025-12-25,29.34,29.63,29.67,29.3,36113500.0,0.004,1066941000.0,665.98,271555144026.5
002415,2025-12-26,29.62,29.82,30.03,29.56,40172100.0,0.0044,1197977500.0,669.4,273296469621.0
002415,2025-12-29,29.82,29.6,29.89,29.53,30591100.0,0.0034000000000000002,908336100.0,665.44,271280197880.0
002415,2025-12-30,29.51,29.85,29.94,29.46,27017100.0,0.003,804085700.0000001,669.94,273571415767.5
002415,2025-12-31,29.85,29.84,29.92,29.63,33021400.0,0.0037,983772800.0,669.76,273479767052.0
002415,2026-01-05,29.88,30.0,30.12,29.87,54303100.0,0.006,1629147300.0,672.64,274946146500.0
002415,2026-01-06,30.03,30.39,30.4,29.92,50362300.0,0.005600000000000001,1522876600.0,679.66,278520446404.5
002415,2026-01-07,30.46,30.07,30.51,30.0,50324200.0,0.005600000000000001,1518569600.0,673.9,275587687508.5
002415,2026-01-08,30.01,30.01,30.22,29.87,40319400.0,0.0045000000000000005,1210748000.0,672.82,275037795215.5
002415,2026-01-09,29.98,30.26,30.3,29.9,46610500.0,0.0052,1404991700.0000002,677.32,277329013103.0
002415,2026-01-12,30.5,31.64,31.86,30.48,117704300.0,0.013000000000000001,3693298000.0,702.16,289976535842.0
002415,2026-01-13,31.85,30.87,31.88,30.77,89939100.0,0.009899999999999999,2803787600.0,688.3,282919584748.5
002415,2026-01-14,31.02,31.43,32.0,31.02,108964300.0,0.012,3435757199.9999995,698.38,288051912816.5
002415,2026-01-15,31.25,31.29,31.54,31.08,55622100.0,0.0060999999999999995,1739516800.0,695.86,286768830799.5
002415,2026-01-16,31.42,31.0,31.47,30.75,65137500.0,0.0072,2020580400.0,690.64,284111018050.0
002415,2026-01-19,31.0,31.01,31.26,30.85,45917900.0,0.0051,1424836500.0,690.82,284202666765.5
002415,2026-01-20,31.06,31.14,31.22,30.59,55312900.0,0.0060999999999999995,1706945400.0,693.16,285394100067.0
002415,2026-01-21,32.03,32.6,32.99,31.81,189209400.0,0.0209,6133973300.0,719.44,298774812530.0
002415,2026-01-22,32.7,32.09,32.79,32.01,85897900.0,0.0095,2772983000.0,710.26,294100728039.5
002415,2026-01-23,32.09,31.95,32.43,31.92,74342400.0,0.008199999999999999,2385283000.0,707.74,292817646022.5
002415,2026-01-26,32.05,32.31,32.43,31.47,98214700.0,0.0109,3143057100.0,714.22,296116999780.5
002415,2026-01-27,32.2,31.9,32.26,31.8,57429700.0,0.0063,1838613000.0,706.84,292359402445.0
002415,2026-01-28,31.96,32.03,32.32,31.83,60617300.0,0.0067,1943330100.0,709.18,293550835746.5
002415,2026-01-29,32.03,32.2,32.46,31.86,76072800.0,0.0084,2447988200.0,712.24,295108863910.0
002415,2026-01-30,31.98,31.33,32.17,31.18,71684200.0,0.0079,2264810100.0,696.58,287135425661.5
002415,2026-02-02,31.3,31.61,31.81,31.23,69919100.0,0.0077,2206703000.0,701.62,289701589695.5
002415,2026-02-03,31.61,31.86,31.86,30.84,65892500.0,0.0073,2068479000.0,706.12,291992807583.0
002415,2026-02-04,31.61,31.93,31.97,31.25,47790600.0,0.0053,1512059000.0,707.38,292634348591.5
002415,2026-02-05,31.6,32.5,32.66,31.56,92244900.0,0.0102,2991347100.0,717.64,297858325375.0
002415,2026-02-06,32.3,32.64,32.71,32.26,58649700.0,0.006500000000000001,1909525700.0,720.16,299141407392.0
002415,2026-02-09,32.8,32.54,32.84,32.35,50971900.0,0.005600000000000001,1656336400.0000002,718.36,298224920237.0
002415,2026-02-10,32.55,32.86,33.08,32.4,52396600.0,0.0058,1720479900.0,724.12,301157679133.0
002415,2026-02-11,32.81,32.4,32.9,32.37,41471400.0,0.0046,1348595700.0,715.84,296941838220.0
002415,2026-02-12,32.38,32.49,32.66,32.33,38172100.0,0.0042,1241747100.0,717.46,297766676659.5
002415,2026-02-13,32.4,32.38,32.7,32.2,31770400.0,0.0034999999999999996,1033018300.0,715.48,296758540789.0
002415,2026-02-24,32.58,32.34,32.89,32.27,38146100.0,0.0042,1240962300.0,714.76,296391945927.0
002415,2026-02-25,32.32,31.93,32.51,31.85,53525900.0,0.0059,1721294100.0,707.38,292634348591.5
002415,2026-02-26,31.87,31.56,31.99,31.2,65740400.0,0.0073,2068034200.0000002,700.72,289243346118.0
002415,2026-02-27,31.4,31.44,31.45,31.14,39916600.0,0.0044,1249090100.0,698.56,288143561532.0
002415,2026-03-02,31.01,31.16,31.41,30.81,48419000.0,0.0054,1508143200.0,693.52,285577397498.0
002415,2026-03-03,31.18,30.31,31.28,30.25,74135600.0,0.008199999999999999,2262978000.0,678.22,277787256680.5
002415,2026-03-04,30.03,30.26,30.55,29.95,42789600.0,0.004699999999999999,1294295400.0,677.32,277329013103.0
002415,2026-03-05,30.61,30.76,30.89,30.6,36805600.0,0.0040999999999999995,1131908800.0,686.32,281911448878.0
002415,2026-03-06,30.49,31.07,31.09,30.46,27243900.0,0.003,842767500.0,691.9,284752559058.5
002415,2026-03-09,30.61,31.16,31.19,30.44,41295200.0,0.0046,1273101800.0,693.52,285577397498.0
002415,2026-03-10,31.3,31.32,31.37,31.05,31038800.0,0.0034000000000000002,969915200.0,696.4,287043776946.0
002415,2026-03-11,31.34,31.65,31.7,31.18,38285900.0,0.0042,1207713300.0,702.34,290068184557.5
002415,2026-03-12,31.53,31.92,31.93,31.45,34586200.0,0.0038,1095703500.0,707.2,292542699876.0
002415,2026-03-13,31.69,31.94,32.02,31.62,36707400.0,0.0040999999999999995,1170137200.0,707.56,292725997307.0
002415,2026-03-16,31.92,31.76,32.04,31.63,31416100.0,0.0034999999999999996,998942300.0,704.32,291076320428.0
002415,2026-03-17,31.81,31.62,32.05,31.52,34872500.0,0.0039000000000000003,1109175300.0,701.8,289793238411.0
002415,2026-03-18,31.61,32.17,32.2,31.18,49430800.0,0.0055000000000000005,1569298100.0,711.7,294833917763.5
002415,2026-03-19,31.9,31.25,32.0,31.13,43323200.0,0.0048,1363673599.9999998,695.14,286402235937.5
002415,2026-03-20,31.27,31.3,31.62,31.17,31569800.0,0.0034999999999999996,991088700.0,696.04,286860479515.0
002415,2026-03-23,30.64,30.01,31.08,29.95,47952100.0,0.0053,1458279300.0,672.82,275037795215.5
002415,2026-03-24,30.38,30.28,30.48,29.56,41866800.0,0.0046,1256810300.0,677.68,277512310534.0
002415,2026-03-25,30.28,30.78,30.83,30.21,31597700.0,0.0034999999999999996,968493500.0,686.68,282094746309.0
002415,2026-03-26,30.73,30.37,31.0,30.17,28777700.0,0.0032,881257899.9999999,679.3,278337148973.5
002415,2026-03-27,30.07,30.35,30.6,30.03,19771000.0,0.0022,601179600.0,678.94,278153851542.5
002415,2026-03-30,30.0,30.53,30.56,29.6,34865300.0,0.0039000000000000003,1045696900.0,682.18,279803528421.5
002415,2026-03-31,30.35,30.42,30.68,30.26,23340700.0,0.0026,712089900.0,680.2,278795392551.0
002415,2026-04-01,30.75,30.72,30.84,30.52,21174900.0,0.0023,649690400.0,685.6,281544854016.0
002415,2026-04-02,30.72,30.4,30.86,30.2,24219800.0,0.0027,737731100.0,679.84,278612095120.0
002415,2026-04-03,30.49,30.27,30.65,30.19,19636400.0,0.0022,596933500.0,677.5,277420661818.5
002415,2026-04-07,30.27,30.2,30.5,29.92,28159400.0,0.0031,849410600.0,676.24,276779120810.0
002415,2026-04-08,30.55,30.88,30.98,30.44,34576600.0,0.0038,1062317899.9999999,688.48,283011233464.0
002415,2026-04-09,30.58,30.76,30.86,30.45,23877300.0,0.0026,731842400.0,686.32,281911448878.0
002415,2026-04-10,30.88,31.71,32.1,30.83,62290100.0,0.0069,1966517700.0,703.42,290618076850.5
002415,2026-04-13,31.51,32.65,32.66,31.41,64249000.0,0.0070999999999999995,2068425799.9999998,720.34,299233056107.5
002415,2026-04-14,32.74,33.48,33.88,32.74,124315200.0,0.0137,4133900000.0,735.28,306839899494.0
002415,2026-04-15,33.45,33.2,33.5,32.91,57562300.0,0.0064,1911958900.0000002,730.24,304273735460.0
002415,2026-04-16,33.29,33.54,33.59,33.05,47934900.0,0.0053,1600607700.0,736.36,307389791787.0
002415,2026-04-17,33.49,33.13,33.75,32.75,79890100.0,0.0088,2654570800.0,728.98,303632194451.5
002415,2026-04-20,34.81,34.51,35.29,34.4,133441100.0,0.0148,4638404800.0,753.82,316279717190.5
002415,2026-04-21,34.5,33.73,34.65,33.69,72940700.0,0.008100000000000001,2473931300.0,739.78,309131117381.5
002415,2026-04-22,33.56,33.63,33.95,33.41,48598200.0,0.0054,1633804200.0000002,737.98,308214630226.5
002415,2026-04-23,33.5,33.49,34.13,33.35,49683400.0,0.0055000000000000005,1674350400.0,735.46,306931548209.5
002415,2026-04-24,33.68,33.6,34.0,33.3,40525900.0,0.0045000000000000005,1363939700.0,737.44,307939684080.0
002415,2026-04-27,33.55,33.97,34.39,33.51,50032800.0,0.0055000000000000005,1701721500.0,744.1,311330686553.5
002415,2026-04-28,34.01,34.65,35.18,33.68,76610700.0,0.0085,2641005800.0,756.34,317562799207.5
002415,2026-04-29,34.5,34.81,35.3,34.29,58598300.0,0.006500000000000001,2036328500.0,759.22,319029178655.5
002415,2026-04-30,34.75,36.29,36.84,34.57,117530900.0,0.013000000000000001,4226180600.0,785.86,332593188549.5
002415,2026-05-06,36.68,36.04,37.09,35.79,93010600.0,0.0103,3381203600.0,781.36,330301970662.0
002415,2026-05-07,35.92,35.96,36.45,35.56,63023100.0,0.006999999999999999,2268752400.0,779.92,329568780938.0
002415,2026-05-08,35.88,35.55,35.88,35.2,57655200.0,0.0064,2043398400.0,772.54,325811183602.5
002415,2026-05-11,35.8,35.36,36.86,35.17,94613500.0,0.0105,3393069500.0,769.12,324069858008.0
002415,2026-05-12,35.36,34.56,35.51,34.55,79001200.0,0.0087,2755822900.0,754.72,316737960768.0
002415,2026-05-13,34.5,34.49,34.69,33.79,72189200.0,0.008,2469167500.0,753.46,316096419759.5
002415,2026-05-14,34.59,33.45,34.85,33.45,69196400.0,0.0076,2350342100.0,734.74,306564953347.5
002415,2026-05-15,33.63,33.12,34.08,33.02,61854600.0,0.0068000000000000005,2073595100.0,728.8,303540545736.0
002415,2026-05-18,33.15,33.0,33.47,32.75,48705500.0,0.0054,1610547500.0,726.64,302440761150.0
002415,2026-05-19,32.85,33.38,33.41,32.55,52847600.0,0.0058,1741210500.0,733.48,305923412339.0
002415,2026-05-20,32.6,32.55,33.5,32.46,56430600.0,0.0062,1851762300.0,732.04,298316568952.5
002415,2026-05-21,32.84,31.63,33.15,31.6,62309800.0,0.0069,2019419100.0,715.48,289884887126.5
002415,2026-05-22,31.8,31.83,31.94,31.29,41830500.0,0.0046,1322985400.0,719.08,291717861436.5
002415,2026-05-25,32.01,32.27,32.4,31.84,47925800.0,0.0053,1539667200.0,727.0,295750404918.5
002415,2026-05-26,32.15,32.0,32.84,31.42,66343900.0,0.0073,2119256200.0,722.14,293275889600.0
002415,2026-05-27,31.92,31.65,32.54,31.46,58235100.0,0.0064,1857668900.0000002,715.84,290068184557.5
002415,2026-05-28,31.41,30.76,31.45,30.23,88997900.0,0.0098,2739940300.0000005,699.82,281911448878.0
002415,2026-05-29,31.0,30.56,31.2,30.15,75180900.0,0.0083,2297985600.0,696.22,280078474568.0
002415,2026-06-01,30.56,30.06,30.76,30.01,70762700.0,0.0078000000000000005,2145921600.0,687.22,275496038793.0
002415,2026-06-02,30.11,30.75,30.96,30.0,74735600.0,0.0083,2272434700.0,699.64,281819800162.5
002415,2026-06-03,30.55,30.77,31.15,30.28,58557300.0,0.006500000000000001,1800874300.0,700.0,282003097593.5
002415,2026-06-04,30.62,30.63,30.92,30.45,41257400.0,0.0046,1266647300.0,697.48,280720015576.5
002415,2026-06-05,30.77,31.28,31.53,30.51,76152700.0,0.0084,2379650200.0,709.18,286677182084.0
002415,2026-06-08,30.7,30.3,31.11,30.1,68110700.0,0.0075,2080449500.0,691.54,277695607965.0
002415,2026-06-09,30.57,30.49,30.83,30.2,54269400.0,0.006,1652717400.0,694.96,279436933559.5
002415,2026-06-10,30.2,30.38,30.5,30.11,44484200.0,0.0049,1346163599.9999998,692.98,278428797689.0
002415,2026-06-11,30.2,29.98,30.3,29.76,51330400.0,0.005699999999999999,1536863000.0,685.78,274762849069.0
002415,2026-06-12,30.25,30.24,30.67,30.12,66250100.0,0.0073,2013463700.0,690.46,277145715672.0
002415,2026-06-15,30.6,30.71,31.0,30.35,54637700.0,0.006,1675104100.0,698.92,281453205300.5
002415,2026-06-16,30.78,32.2,32.59,30.6,105785500.0,0.011699999999999999,3343731900.0,725.74,295108863910.0
002415,2026-06-17,31.85,32.36,32.87,31.7,80575600.0,0.0089,2607765200.0,728.62,296575243358.0
002415,2026-06-18,32.07,32.3,32.74,31.45,82463300.0,0.0091,2639933000.0,727.54,296025351065.0
002415,2026-06-22,32.2,32.83,32.9,31.41,91641000.0,0.0101,2943360200.0,737.08,300882732986.5
002415,2026-06-23,32.51,31.41,32.9,31.36,68967500.0,0.0076,2208908000.0,711.52,287868615385.5
002415,2026-06-24,31.4,34.03,34.49,31.02,167170900.0,0.018500000000000003,5542712500.0,758.68,311880578846.5
002415,2026-06-25,33.9,34.44,35.54,33.84,147523100.0,0.0163,5114177400.0,766.06,315638176182.0
002415,2026-06-26,34.42,33.32,34.67,33.25,78493200.0,0.0087,2649151700.0,745.9,305373520046.0
002415,2026-06-29,33.5,32.99,34.26,32.47,101185400.0,0.011200000000000002,3372300200.0,739.96,302349112434.5
002415,2026-06-30,33.0,34.2,35.26,32.98,123372200.0,0.013600000000000001,4238812199.9999995,761.74,313438607010.0
002415,2026-07-01,34.82,34.03,36.16,33.82,144591100.0,0.016,5059760400.0,758.68,311880578846.5
002415,2026-07-02,33.56,33.61,34.83,33.1,97404100.0,0.0108,3301220000.0,751.12,308031332795.5
002415,2026-07-03,33.8,34.0,34.63,33.45,93377600.0,0.0103,3189522199.9999995,758.14,311605632700.0
002415,2026-07-06,34.14,33.83,34.28,32.85,91868300.0,0.0102,3075405800.0,755.08,310047604536.5
002415,2026-07-07,33.55,33.86,34.82,33.42,87680100.0,0.0097,2989542199.9999995,755.62,310322550683.0
002415,2026-07-08,34.14,34.35,34.89,34.06,106195600.0,0.011699999999999999,3665593600.0,764.44,314813337742.5
002415,2026-07-09,33.9,35.39,35.41,33.85,109191700.0,0.0121,3805472500.0,783.16,324344804154.5
002415,2026-07-10,35.2,34.45,35.86,34.43,115613800.0,0.0128,4054310000.0,766.24,315729824897.5
002415,2026-07-13,34.2,33.19,34.23,33.05,93963400.0,0.0104,3152929699.9999995,743.56,304182086744.5
002415,2026-07-14,33.07,33.58,33.72,32.88,66192100.0,0.0073,2204506700.0,750.58,307756386649.0
002415,2026-07-15,33.35,34.1,34.43,33.19,65428000.0,0.0072,2224517900.0,759.94,312522119855.0
002415,2026-07-16,33.77,34.12,34.76,33.65,69697500.0,0.0077,2389803600.0,760.3,312705417286.0
002415,2026-07-17,34.13,33.15,34.5,32.82,96118100.0,0.0106,3223351400.0,742.84,303815491882.5
002415,2026-07-20,33.68,34.28,34.82,33.52,101232800.0,0.011200000000000002,3467024699.9999995,763.18,314171796734.0
002415,2026-07-21,34.59,35.11,35.26,33.5,130742300.0,0.014499999999999999,4504066200.0,778.12,321778640120.5
002415,2026-07-22,34.72,35.63,35.88,34.15,121862200.0,0.013500000000000002,4281917100.0,787.48,326544373326.5
002415,2026-07-23,35.59,35.77,36.0,35.2,90900900.0,0.01,3239218400.0000005,790.0,327827455343.5
002415,2026-07-24,35.4,35.49,35.78,34.76,78148900.0,0.0086,2760348500.0,784.96,325261291309.5
002415,2026-07-27,36.93,36.99,38.09,36.17,289934400.0,0.0321,10757769700.0,811.96,339008598634.5
002415,2026-07-28,36.56,36.14,37.0,36.1,119471400.0,0.0132,4356810900.0,796.66,331218457817.0
002415,2026-07-29,36.46,35.74,36.51,34.78,126300500.0,0.013999999999999999,4494796700.0,789.46,327552509197.0
002415,2026-07-30,35.59,35.62,36.09,35.13,98817500.0,0.0109,3517549200.0,787.3,326452724611.0
002415,2026-07-31,36.15,37.65,38.0,35.56,171557400.0,0.019,6330183600.0,823.84,345057413857.5
002415,2026-08-03,37.7,37.95,39.18,37.51,153375900.0,0.017,5873160200.0,829.24,347806875322.5
002415,2026-08-04,38.23,38.63,38.8,37.54,114450500.0,0.0127,4379823300.0,841.48,354038987976.5
002415,2026-08-05,38.4,38.44,39.0,38.18,105026300.0,0.0116,4045574000.0,838.06,352297662382.0
002415,2026-08-06,38.09,37.45,38.15,37.12,101703400.0,0.011200000000000002,3817616700.0,820.24,343224439547.5
002415,2026-08-07,37.26,37.24,37.46,36.86,85570400.0,0.0095,3178769500.0,816.46,341299816522.0
002415,2026-08-10,37.16,37.44,37.64,36.67,92227100.0,0.0102,3434398500.0,820.06,343132790832.0
002415,2026-08-11,37.26,36.37,38.03,36.28,106228500.0,0.011699999999999999,3928209800.0,800.8,333326378273.5
002415,2026-08-12,36.36,36.47,36.82,36.21,77219400.0,0.0085,2816398900.0,802.6,334242865428.5
002415,2026-08-13,36.5,35.66,36.78,35.66,93695100.0,0.0104,3381078700.0,788.02,326819319473.0
002415,2026-08-14,35.62,34.88,35.81,34.54,98704100.0,0.0109,3452306300.0,773.98,319670719664.0
002415,2026-08-17,34.91,35.09,35.2,34.76,62848900.0,0.0069,2200882100.0,777.76,321595342689.5
002415,2026-08-18,35.0,35.18,35.19,34.58,56894100.0,0.0063,1983682700.0,779.38,322420181129.0
002415,2026-08-19,34.5,33.89,34.52,33.62,76434700.0,0.0084,2602286300.0,766.06,310597496829.5
002415,2026-08-20,34.05,34.07,34.45,33.94,48172500.0,0.0053,1647618800.0,769.3,312247173708.5
002415,2026-08-21,33.92,34.4,34.5,33.8,46321500.0,0.0051,1586257500.0,775.24,315271581320.0
002415,2026-08-24,34.38,34.15,34.95,33.84,77080900.0,0.0085,2654961400.0,770.74,312980363432.5
002415,2026-08-25,33.98,34.75,35.13,33.89,64912000.0,0.0072,2245130900.0,781.54,318479286362.5
002415,2026-08-26,34.76,34.78,34.86,34.51,41803300.0,0.0046,1451946200.0,782.08,318754232509.0
002415,2026-08-27,34.78,35.29,35.34,34.6,54646700.0,0.006,1917161000.0,791.26,323428316999.5
002415,2026-08-28,35.2,35.1,35.44,35.01,45880300.0,0.0051,1614844700.0,787.84,321686991405.0
002415,2026-08-31,34.91,35.79,35.8,34.8,56912300.0,0.0063,2016076700.0000002,800.26,328010752774.5
002415,2026-09-01,35.76,35.92,36.18,35.59,43976600.0,0.0049,1581193000.0,802.6,329202186076.0
002415,2026-09-02,35.64,35.18,35.93,35.18,44358900.0,0.0049,1572601600.0,789.28,322420181129.0
002415,2026-09-03,35.25,34.98,35.45,34.85,38012400.0,0.0042,1331859900.0,785.68,320587206819.0
002415,2026-09-04,35.51,34.87,35.78,34.7,37160800.0,0.0040999999999999995,1309742600.0,783.7,319579070948.5
002415,2026-09-07,34.89,34.87,35.18,34.44,42722300.0,0.004699999999999999,1483707900.0,783.7,319579070948.5
002415,2026-09-08,34.78,33.65,34.79,32.1,185206100.0,0.020499999999999997,6183684900.0,761.74,308397927657.5
002415,2026-09-09,33.63,33.75,33.87,33.36,64500100.0,0.0070999999999999995,2170438700.0,763.54,309314414812.5
002415,2026-09-10,33.57,33.51,33.76,33.31,37342000.0,0.0040999999999999995,1252296600.0,759.22,307114845640.5
002415,2026-09-11,33.2,33.25,33.53,32.95,43378900.0,0.0048,1441985799.9999998,754.54,304731979037.5
002415,2026-09-14,33.05,33.16,33.46,32.85,26498000.0,0.0029,880425100.0,752.92,303907140598.0
002415,2026-09-15,33.16,32.77,33.24,32.68,29895800.0,0.0033,983832700.0,745.9,300332840693.5
002415,2026-09-16,32.71,32.61,32.79,32.21,41928900.0,0.0046,1362432100.0,743.02,298866461245.5
