code,date,open,close,high,low,volume,turnover,amount,close_hfq,market_cap_yuan
600011,2020-12-01,5.13,5.1,5.14,5.07,47871233.0,0.0044,243519300.0,23.88,80060276130.9
600011,2020-12-02,5.09,5.05,5.1,5.03,33647837.0,0.0031,170040400.0,23.75,79275371462.95
600011,2020-12-03,5.06,5.0,5.06,4.98,36374090.0,0.0033,181915200.0,23.62,78490466795.0
600011,2020-12-04,5.0,4.95,5.0,4.91,28272784.000000004,0.0026,139522900.0,23.49,77705562127.05
600011,2020-12-07,4.94,4.85,4.95,4.84,32002769.0,0.0029,155925600.0,23.23,76135752791.15
600011,2020-12-08,4.85,4.85,4.88,4.82,18730820.0,0.0017000000000000001,90644700.0,23.23,76135752791.15
600011,2020-12-09,4.85,4.74,4.86,4.74,25191566.0,0.0023,120674400.0,22.95,74408962521.66
600011,2020-12-10,4.8,4.74,4.8,4.72,16526854.999999998,0.0015,78337600.0,22.95,74408962521.66
600011,2020-12-11,4.73,4.58,4.74,4.54,34325660.0,0.0031,158424500.0,22.53,71897267584.22
600011,2020-12-14,4.58,4.59,4.65,4.54,29852067.0,0.0027,136891900.0,22.56,72054248517.81
600011,2020-12-15,4.59,4.49,4.59,4.45,40654818.0,0.0037,181911200.0,22.3,70484439181.91
600011,2020-12-16,4.47,4.43,4.5,4.41,30845790.999999996,0.0028000000000000004,137206100.0,22.14,69542553580.37
600011,2020-12-17,4.42,4.53,4.55,4.4,40662195.0,0.0037,183007300.0,22.4,71112362916.27
600011,2020-12-18,4.57,4.71,4.85,4.55,74835818.0,0.0068000000000000005,354076900.0,22.87,73938019720.89
600011,2020-12-21,4.69,4.66,4.74,4.62,37583618.0,0.0034000000000000002,175484400.0,22.74,73153115052.94
600011,2020-12-22,4.62,4.54,4.64,4.5,36882784.0,0.0034000000000000002,168229000.0,22.43,71269343849.86
600011,2020-12-23,4.5,4.59,4.61,4.49,33188959.999999996,0.003,151026900.0,22.56,72054248517.81
600011,2020-12-24,4.61,4.58,4.64,4.55,31185243.0,0.0028000000000000004,143149500.0,22.53,71897267584.22
600011,2020-12-25,4.55,4.73,4.76,4.54,46302501.0,0.0042,217060000.0,22.92,74251981588.07
600011,2020-12-28,4.77,4.72,4.84,4.64,63761784.0,0.0058,301807300.0,22.9,74095000654.48
600011,2020-12-29,4.71,4.57,4.71,4.57,58279165.0,0.0053,268329199.99999997,22.51,71740286650.63
600011,2020-12-30,4.61,4.53,4.65,4.52,49720403.0,0.0045000000000000005,226865099.99999997,22.4,71112362916.27
600011,2020-12-31,4.53,4.48,4.56,4.47,69427904.0,0.0063,312837700.0,22.27,70327458248.32
600011,2021-01-04,4.5,4.5,4.54,4.44,65106156.99999999,0.0059,292012000.0,22.32,70641420115.5
600011,2021-01-05,4.5,4.4,4.5,4.37,70314580.0,0.0064,309307400.0,22.06,69071610779.6
600011,2021-01-06,4.4,4.43,4.43,4.32,50189396.0,0.0046,219294800.0,22.14,69542553580.37
600011,2021-01-07,4.4,4.4,4.47,4.36,47559805.0,0.0043,209339700.0,22.06,69071610779.6
600011,2021-01-08,4.4,4.47,4.5,4.37,45184519.0,0.0040999999999999995,201130300.0,22.25,70170477314.73
600011,2021-01-11,4.47,4.35,4.49,4.32,51545147.0,0.004699999999999999,225874500.0,21.93,68286706111.65
600011,2021-01-12,4.31,4.36,4.38,4.31,26579611.0,0.0024,115201600.0,21.96,68443687045.24
600011,2021-01-13,4.33,4.5,4.52,4.3,60115992.00000001,0.0055000000000000005,266649500.0,22.32,70641420115.5
600011,2021-01-14,4.48,4.52,4.65,4.46,56178675.0,0.0051,256242400.00000003,22.38,70955381982.68
600011,2021-01-15,4.5,4.46,4.59,4.45,38702358.0,0.0034999999999999996,174204199.99999997,22.22,70013496381.14
600011,2021-01-18,4.48,4.45,4.5,4.44,33698142.0,0.0031,150349500.0,22.19,69856515447.55
600011,2021-01-19,4.46,4.56,4.57,4.42,45442411.0,0.0040999999999999995,204734900.00000003,22.48,71583305717.04
600011,2021-01-20,4.56,4.51,4.59,4.48,41066624.0,0.0037,185607900.0,22.35,70798401049.09
600011,2021-01-21,4.49,4.44,4.5,4.44,34047542.0,0.0031,151945900.0,22.17,69699534513.96
600011,2021-01-22,4.44,4.37,4.46,4.35,30008371.999999996,0.0027,131562600.0,21.99,68600667978.83
600011,2021-01-25,4.35,4.29,4.36,4.27,34149400.0,0.0031,147390400.0,21.78,67344820510.11
600011,2021-01-26,4.3,4.28,4.33,4.26,28638318.0,0.0026,122518799.99999999,21.75,67187839576.52
600011,2021-01-27,4.28,4.25,4.34,4.24,31317792.0,0.0028000000000000004,133859599.99999999,21.67,66716896775.75
600011,2021-01-28,4.23,4.2,4.26,4.16,34769509.0,0.0032,146066800.0,21.54,65931992107.8
600011,2021-01-29,4.21,4.17,4.24,4.14,27360778.000000004,0.0025,114528100.0,21.47,65461049307.03
600011,2021-02-01,4.17,4.04,4.2,3.99,80244420.0,0.0073,324483200.0,21.13,63420297170.36
600011,2021-02-02,4.03,3.99,4.08,3.97,54707644.99999999,0.005,219532300.0,21.0,62635392502.41
600011,2021-02-03,3.98,3.89,3.99,3.88,51106067.0,0.0046,200460000.0,20.74,61065583166.51
600011,2021-02-04,3.87,3.84,3.91,3.8,36917774.0,0.0034000000000000002,141932700.0,20.61,60280678498.56
600011,2021-02-05,3.84,3.87,3.9,3.82,25408467.0,0.0023,98123600.0,20.69,60751621299.33
600011,2021-02-08,3.87,3.81,3.88,3.8,39159509.0,0.0036,149745200.0,20.53,59809735697.79
600011,2021-02-09,3.8,3.82,3.83,3.74,30308696.999999996,0.0028000000000000004,114603000.0,20.56,59966716631.38
600011,2021-02-10,3.81,3.84,3.85,3.78,24256095.0,0.0022,92713000.0,20.61,60280678498.56
600011,2021-02-18,3.87,3.94,3.95,3.87,50281226.0,0.0046,196455900.0,20.87,61850487834.46
600011,2021-02-19,3.95,4.06,4.08,3.9,56065522.0,0.0051,224691699.99999997,21.18,63734259037.54
600011,2021-02-22,4.1,4.18,4.28,4.07,93534076.0,0.0085,393043800.0,21.49,65618030240.62
600011,2021-02-23,4.25,4.11,4.3,4.1,56745664.0,0.0052,237023700.0,21.31,64519163705.49
600011,2021-02-24,4.08,4.13,4.19,4.08,41967100.0,0.0038,173478700.0,21.36,64833125572.67
600011,2021-02-25,4.16,4.16,4.22,4.12,42961552.0,0.0039000000000000003,179058300.00000003,21.44,65304068373.44
600011,2021-02-26,4.12,4.03,4.13,4.02,62245016.0,0.005699999999999999,252892200.0,21.1,63263316236.77
600011,2021-03-01,4.05,4.05,4.08,4.02,36156447.0,0.0033,146465400.0,21.15,63577278103.95
600011,2021-03-02,4.07,4.08,4.16,4.05,50173911.0,0.0046,205327900.0,21.23,64048220904.72
600011,2021-03-03,4.07,4.14,4.15,4.06,43808607.0,0.004,180075200.0,21.39,64990106506.26
600011,2021-03-04,4.12,4.3,4.34,4.11,100429127.0,0.0091,426754300.0,21.8,67501801443.7
600011,2021-03-05,4.36,4.25,4.37,4.18,79566648.0,0.0072,336900700.0,21.67,66716896775.75
600011,2021-03-08,4.26,4.39,4.44,4.22,90263639.0,0.008199999999999999,391192800.0,22.04,68914629846.01
600011,2021-03-09,4.35,4.28,4.36,4.21,63543785.0,0.0058,272614500.0,21.75,67187839576.52
600011,2021-03-10,4.26,4.26,4.34,4.22,46017056.0,0.0042,196480900.0,21.7,66873877709.34
600011,2021-03-11,4.26,4.36,4.36,4.23,54814942.00000001,0.005,236411200.0,21.96,68443687045.24
600011,2021-03-12,4.36,4.52,4.67,4.3,127410188.99999999,0.0116,573061400.0,22.38,70955381982.68
600011,2021-03-15,4.5,4.46,4.57,4.4,67785689.0,0.0062,302873300.0,22.22,70013496381.14
600011,2021-03-16,4.44,4.48,4.54,4.43,53326528.0,0.0048,238802500.0,22.27,70327458248.32
600011,2021-03-17,4.49,4.34,4.49,4.32,63297375.0,0.0058,276339000.0,21.91,68129725178.06
600011,2021-03-18,4.33,4.38,4.44,4.28,49918217.0,0.0045000000000000005,217854199.99999997,22.01,68757648912.42
600011,2021-03-19,4.33,4.48,4.54,4.31,79899188.0,0.0073,356240199.99999994,22.27,70327458248.32
600011,2021-03-22,4.5,4.76,4.8,4.49,138575551.0,0.0126,648166500.0,23.0,74722924388.84
600011,2021-03-23,4.77,4.63,4.77,4.55,96618520.0,0.0088,446937800.0,22.66,72682172252.17
600011,2021-03-24,4.57,4.53,4.68,4.46,81877989.0,0.0074,373766900.0,22.4,71112362916.27
600011,2021-03-25,4.53,4.3,4.57,4.27,93542941.0,0.0085,408684400.0,21.8,67501801443.7
600011,2021-03-26,4.28,4.37,4.44,4.28,57964147.0,0.0053,254119100.0,21.99,68600667978.83
600011,2021-03-29,4.36,4.38,4.52,4.35,60911266.0,0.0055000000000000005,269307700.0,22.01,68757648912.42
600011,2021-03-30,4.35,4.29,4.36,4.21,64374039.0,0.0059,274275000.0,21.78,67344820510.11
600011,2021-03-31,4.3,4.41,4.47,4.23,83827290.0,0.0076,367703900.0,22.09,69228591713.19
600011,2021-04-01,4.37,4.43,4.44,4.31,54939342.00000001,0.005,241107200.0,22.14,69542553580.37
600011,2021-04-02,4.39,4.32,4.41,4.3,49905133.0,0.0045000000000000005,216320700.0,21.86,67815763310.88
600011,2021-04-06,4.32,4.28,4.35,4.27,36723655.0,0.0033,157500100.0,21.75,67187839576.52
600011,2021-04-07,4.28,4.31,4.39,4.25,52905193.00000001,0.0048,228932200.0,21.83,67658782377.29
600011,2021-04-08,4.29,4.2,4.3,4.2,54227351.0,0.0049,229500099.99999997,21.54,65931992107.8
600011,2021-04-09,4.2,4.2,4.27,4.17,28066284.000000004,0.0026,118532900.00000001,21.54,65931992107.8
600011,2021-04-12,4.2,4.24,4.28,4.19,39821732.0,0.0036,169007000.0,21.65,66559915842.16
600011,2021-04-13,4.24,4.16,4.24,4.13,35151829.0,0.0032,146105000.0,21.44,65304068373.44
600011,2021-04-14,4.15,4.17,4.17,4.11,20046060.0,0.0018,83072300.0,21.47,65461049307.03
600011,2021-04-15,4.16,4.08,4.16,4.06,29680721.999999996,0.0027,121452000.0,21.23,64048220904.72
600011,2021-04-16,4.11,4.13,4.14,4.08,18396125.0,0.0017000000000000001,75782800.0,21.36,64833125572.67
600011,2021-04-19,4.13,4.17,4.18,4.12,30281315.000000004,0.0028000000000000004,125934100.0,21.47,65461049307.03
600011,2021-04-20,4.17,4.17,4.19,4.15,19152503.0,0.0017000000000000001,79832200.0,21.47,65461049307.03
600011,2021-04-21,4.16,4.1,4.16,4.1,19105622.0,0.0017000000000000001,78610700.0,21.28,64362182771.9
600011,2021-04-22,4.11,4.1,4.14,4.09,13061606.0,0.0012,53675400.0,21.28,64362182771.9
600011,2021-04-23,4.09,4.07,4.1,4.04,21977608.0,0.002,89259400.0,21.21,63891239971.13
600011,2021-04-26,4.06,4.04,4.08,4.02,23177357.0,0.0021,93624900.0,21.13,63420297170.36
600011,2021-04-27,4.04,3.98,4.05,3.97,25061644.0,0.0023,99978799.99999999,20.97,62478411568.82
600011,2021-04-28,4.05,4.19,4.19,4.03,63954200.0,0.0058,264900500.0,21.52,65775011174.21
600011,2021-04-29,4.17,4.23,4.27,4.16,46017304.0,0.0042,194157300.0,21.62,66402934908.57
600011,2021-04-30,4.26,4.22,4.26,4.18,41044815.0,0.0037,173543600.0,21.6,66245953974.98
600011,2021-05-06,4.25,4.23,4.27,4.19,30826902.0,0.0028000000000000004,130124000.0,21.62,66402934908.57
600011,2021-05-07,4.2,4.26,4.29,4.19,28998627.0,0.0026,123104500.0,21.7,66873877709.34
600011,2021-05-10,4.26,4.28,4.29,4.23,36159032.0,0.0033,154111600.0,21.75,67187839576.52
600011,2021-05-11,4.27,4.27,4.31,4.24,27287246.999999996,0.0025,116384900.0,21.73,67030858642.93
600011,2021-05-12,4.26,4.24,4.27,4.18,28534781.0,0.0026,120570900.0,21.65,66559915842.16
600011,2021-05-13,4.21,4.2,4.28,4.18,27782990.999999996,0.0025,117039599.99999999,21.54,65931992107.8
600011,2021-05-14,4.21,4.23,4.24,4.18,21885400.0,0.002,92284700.0,21.62,66402934908.57
600011,2021-05-17,4.23,4.22,4.27,4.2,24693467.0,0.0022,104547000.0,21.6,66245953974.98
600011,2021-05-18,4.22,4.23,4.24,4.19,17635890.0,0.0016,74282600.0,21.62,66402934908.57
600011,2021-05-19,4.22,4.2,4.25,4.2,16062900.0,0.0015,67703700.0,21.54,65931992107.8
600011,2021-05-20,4.22,4.16,4.22,4.14,23662204.0,0.0022,98463900.0,21.44,65304068373.44
600011,2021-05-21,4.15,4.26,4.28,4.13,42450934.0,0.0039000000000000003,179250000.0,21.7,66873877709.34
600011,2021-05-24,4.26,4.23,4.32,4.21,35699943.0,0.0032,151758100.0,21.62,66402934908.57
600011,2021-05-25,4.22,4.23,4.25,4.16,34447200.0,0.0031,144902100.0,21.62,66402934908.57
600011,2021-05-26,4.21,4.26,4.29,4.21,28737837.0,0.0026,122189500.0,21.7,66873877709.34
600011,2021-05-27,4.26,4.23,4.28,4.23,28414177.0,0.0026,120803500.0,21.62,66402934908.57
600011,2021-05-28,4.24,4.23,4.27,4.21,19459204.0,0.0018,82266299.99999999,21.62,66402934908.57
600011,2021-05-31,4.23,4.21,4.24,4.18,21826124.0,0.002,91530200.0,21.57,66088973041.39
600011,2021-06-01,4.21,4.17,4.21,4.15,24261443.0,0.0022,101072700.0,21.47,65461049307.03
600011,2021-06-02,4.17,4.2,4.21,4.15,27446896.999999996,0.0025,114913300.0,21.54,65931992107.8
600011,2021-06-03,4.2,4.16,4.21,4.16,23810311.0,0.0022,99335500.0,21.44,65304068373.44
600011,2021-06-04,4.16,4.14,4.18,4.12,29244973.0,0.0027,120973200.0,21.39,64990106506.26
600011,2021-06-07,4.15,4.17,4.19,4.14,18156934.0,0.0017000000000000001,75591800.0,21.47,65461049307.03
600011,2021-06-08,4.15,4.14,4.18,4.12,20937191.0,0.0019,86807700.0,21.39,64990106506.26
600011,2021-06-09,4.14,4.15,4.16,4.12,17667975.0,0.0016,73225000.0,21.41,65147087439.85
600011,2021-06-10,4.14,4.12,4.16,4.12,20987606.0,0.0019,86694000.0,21.34,64676144639.08
600011,2021-06-11,4.13,4.16,4.18,4.12,36918539.0,0.0034000000000000002,153310800.0,21.44,65304068373.44
600011,2021-06-15,4.16,4.09,4.17,4.08,26498015.999999996,0.0024,108937099.99999999,21.26,64205201838.31
600011,2021-06-16,4.1,4.1,4.13,4.04,19020758.0,0.0017000000000000001,77949800.0,21.28,64362182771.9
600011,2021-06-17,4.12,4.08,4.15,4.07,17454779.0,0.0016,71614200.0,21.23,64048220904.72
600011,2021-06-18,4.09,4.07,4.09,4.06,16947112.0,0.0015,69013700.0,21.21,63891239971.13
600011,2021-06-21,4.07,4.06,4.09,4.05,18596794.0,0.0017000000000000001,75519100.0,21.18,63734259037.54
600011,2021-06-22,4.07,4.08,4.09,4.05,19518972.0,0.0018,79496100.0,21.23,64048220904.72
600011,2021-06-23,4.09,4.11,4.15,4.08,22964250.0,0.0021,94579500.0,21.31,64519163705.49
600011,2021-06-24,4.11,4.13,4.16,4.09,26304365.000000004,0.0024,108848300.0,21.36,64833125572.67
600011,2021-06-25,4.14,4.15,4.16,4.12,17186077.0,0.0016,71153300.0,21.41,65147087439.85
600011,2021-06-28,4.25,4.31,4.37,4.25,79186732.0,0.0072,340191100.0,21.83,67658782377.29
600011,2021-06-29,4.27,4.26,4.28,4.21,32701815.999999996,0.003,138747300.0,21.7,66873877709.34
600011,2021-06-30,4.27,4.22,4.28,4.21,23030753.0,0.0021,97284900.0,21.6,66245953974.98
600011,2021-07-01,4.21,4.21,4.26,4.2,22184892.0,0.002,93641400.0,21.57,66088973041.39
600011,2021-07-02,4.21,4.22,4.24,4.19,19808343.0,0.0018,83478400.0,21.6,66245953974.98
600011,2021-07-05,4.22,4.19,4.24,4.16,24075434.0,0.0022,100659200.0,21.52,65775011174.21
600011,2021-07-06,4.19,4.24,4.25,4.16,30785383.0,0.0028000000000000004,129803600.0,21.65,66559915842.16
600011,2021-07-07,4.08,4.03,4.08,4.0,33775384.0,0.0031,136107400.0,21.57,63263316236.77
600011,2021-07-08,4.04,4.0,4.06,3.97,25752517.0,0.0023,102935800.0,21.49,62792373436.0
600011,2021-07-09,3.99,3.99,4.0,3.93,19975200.0,0.0018,79332400.0,21.47,62635392502.41
600011,2021-07-12,4.01,3.97,4.02,3.96,21757100.0,0.002,86681600.0,21.41,62321430635.23
600011,2021-07-13,3.99,3.98,4.0,3.93,31095980.0,0.0028000000000000004,123293700.00000001,21.44,62478411568.82
600011,2021-07-14,3.98,3.96,4.02,3.94,33890522.0,0.0031,134413300.0,21.39,62164449701.64
600011,2021-07-15,3.95,3.92,3.96,3.9,26427899.0,0.0024,103553799.99999999,21.28,61536525967.28
600011,2021-07-16,3.91,3.91,3.94,3.9,23443381.0,0.0021,91833200.0,21.26,61379545033.69
600011,2021-07-19,3.92,3.86,3.92,3.86,31697950.0,0.0029,122790400.00000001,21.13,60594640365.74
600011,2021-07-20,3.86,3.85,3.86,3.81,23112219.0,0.0021,88678300.0,21.1,60437659432.15
600011,2021-07-21,3.85,3.84,3.89,3.83,22868949.0,0.0021,87941800.0,21.08,60280678498.56
600011,2021-07-22,3.84,3.87,3.89,3.82,23563576.0,0.0021,91108200.0,21.15,60751621299.33
600011,2021-07-23,3.88,3.92,3.93,3.85,33202493.0,0.003,128994300.0,21.28,61536525967.28
600011,2021-07-26,3.92,3.85,3.92,3.82,26660059.000000004,0.0024,103224200.0,21.1,60437659432.15
600011,2021-07-27,3.85,3.94,3.95,3.83,43586771.0,0.004,169532100.0,21.34,61850487834.46
600011,2021-07-28,3.88,3.84,3.88,3.82,42523330.0,0.0039000000000000003,163630700.0,21.08,60280678498.56
600011,2021-07-29,3.83,3.77,3.86,3.77,38646868.0,0.0034999999999999996,146757700.0,20.89,59181811963.43
600011,2021-07-30,3.79,3.83,3.85,3.77,26367594.0,0.0024,100600200.0,21.05,60123697564.97
600011,2021-08-02,3.83,3.96,4.0,3.8,71756473.0,0.006500000000000001,280806000.0,21.39,62164449701.64
600011,2021-08-03,3.95,3.98,3.99,3.92,36479996.0,0.0033,144207900.0,21.44,62478411568.82
600011,2021-08-04,3.97,3.97,4.01,3.94,23643119.0,0.0022,93887700.0,21.41,62321430635.23
600011,2021-08-05,3.96,3.96,3.98,3.92,23603943.0,0.0021,93262200.0,21.39,62164449701.64
600011,2021-08-06,3.96,3.98,4.0,3.92,23387388.0,0.0021,92864599.99999999,21.44,62478411568.82
600011,2021-08-09,3.98,3.96,4.0,3.95,22628209.0,0.0021,89935800.0,21.39,62164449701.64
600011,2021-08-10,3.96,3.94,3.97,3.91,24334600.0,0.0022,95754000.0,21.34,61850487834.46
600011,2021-08-11,3.94,4.02,4.02,3.94,47203387.0,0.0043,188348800.0,21.54,63106335303.18
600011,2021-08-12,4.03,4.0,4.04,3.98,22341186.0,0.002,89409200.0,21.49,62792373436.0
600011,2021-08-13,4.0,4.02,4.03,3.97,30380328.999999996,0.0028000000000000004,121509800.0,21.54,63106335303.18
600011,2021-08-16,4.01,4.14,4.18,4.0,58827929.0,0.0053,242535500.0,21.86,64990106506.26
600011,2021-08-17,4.13,4.05,4.17,4.03,40105652.0,0.0036,164168600.0,21.62,63577278103.95
600011,2021-08-18,4.04,4.23,4.24,4.04,78126286.0,0.0070999999999999995,325958800.0,22.09,66402934908.57
600011,2021-08-19,4.24,4.65,4.65,4.24,282033091.0,0.0256,1280636500.0,23.18,72996134119.35
600011,2021-08-20,4.58,4.75,4.85,4.44,221337154.0,0.020099999999999996,1036024100.0,23.44,74565943455.25
600011,2021-08-23,4.97,5.23,5.23,4.97,127011932.0,0.0115,657177899.9999999,24.69,82101028267.57
600011,2021-08-24,5.39,5.2,5.49,5.1,222349341.0,0.0202,1169262100.0,24.61,81630085466.8
600011,2021-08-25,5.13,5.35,5.48,5.01,165327538.0,0.015,876219600.0000001,25.0,83984799470.65
600011,2021-08-26,5.29,5.2,5.41,5.16,122914102.0,0.011200000000000002,644696300.0,24.61,81630085466.8
600011,2021-08-27,5.23,5.2,5.35,5.1,104133448.0,0.0095,542178300.0,24.61,81630085466.8
600011,2021-08-30,5.14,5.32,5.43,5.02,126647764.99999999,0.0115,666028500.0,24.92,83513856669.88
600011,2021-08-31,5.26,5.55,5.66,5.18,132943211.00000001,0.0121,721610300.0,25.52,87124418142.45
600011,2021-09-01,5.75,5.84,6.11,5.49,191950219.0,0.0175,1119626000.0,26.28,91676865216.56
600011,2021-09-02,5.7,6.42,6.42,5.67,242405438.0,0.022000000000000002,1508137800.0,27.78,100781759364.78
600011,2021-09-03,6.69,7.06,7.06,6.57,271248622.0,0.024700000000000003,1858375200.0,29.45,110828539114.54
600011,2021-09-06,7.5,7.33,7.77,7.05,227579791.0,0.0207,1678577400.0,30.15,115067024321.47
600011,2021-09-07,7.0,7.11,7.22,6.74,227500816.0,0.0207,1599960100.0,29.58,111613443782.49
600011,2021-09-08,7.08,7.1,7.46,7.08,217329352.0,0.019799999999999998,1571270900.0,29.55,111456462848.9
600011,2021-09-09,7.03,6.98,7.06,6.62,230640281.0,0.021,1571669600.0,29.24,109572691645.82
600011,2021-09-10,6.82,6.78,7.16,6.74,169024181.0,0.0154,1165149900.0,28.72,106433072974.02
600011,2021-09-13,6.83,6.94,7.02,6.68,146983101.0,0.0134,1011815200.0,29.14,108944767911.46
600011,2021-09-14,7.0,6.67,7.23,6.57,133247798.0,0.0121,908123500.0,28.43,104706282704.53
600011,2021-09-15,6.6,6.71,6.8,6.42,119182431.0,0.0108,790383600.0,28.54,105334206438.89
600011,2021-09-16,6.63,6.28,6.65,6.28,137102110.0,0.0125,886409100.0,27.42,98584026294.52
600011,2021-09-17,6.32,6.65,6.91,6.28,301349985.0,0.0274,2031746099.9999998,28.38,104392320837.35
600011,2021-09-22,6.55,7.32,7.32,6.45,182271273.0,0.0166,1304687100.0,30.12,114910043387.88
600011,2021-09-23,7.8,8.05,8.05,7.51,319459648.0,0.028999999999999998,2521538900.0,32.02,126369651539.95
600011,2021-09-24,8.25,8.32,8.74,7.89,312402300.0,0.028399999999999998,2600209400.0,32.72,130608136746.88
600011,2021-09-27,8.45,7.97,8.77,7.7,266704472.00000003,0.024300000000000002,2179810900.0,31.81,125113804071.23
600011,2021-09-28,8.18,8.22,8.5,7.94,252806820.00000003,0.023,2082190100.0,32.46,129038327410.98
600011,2021-09-29,8.04,7.9,8.7,7.82,247103679.99999997,0.0225,2022545500.0,31.63,124014937536.1
600011,2021-09-30,7.95,8.27,8.36,7.57,282539773.0,0.025699999999999997,2269957400.0,32.59,129823232078.93
600011,2021-10-08,8.1,7.44,8.12,7.44,118461105.0,0.0108,895221200.0,30.44,116793814590.96
600011,2021-10-11,7.66,7.2,7.8,6.8,250285852.0,0.022799999999999997,1823369800.0,29.81,113026272184.8
600011,2021-10-12,7.02,6.99,7.35,6.65,186036028.0,0.0169,1295628400.0,29.27,109729672579.41
600011,2021-10-13,6.8,6.59,6.96,6.48,153808830.0,0.013999999999999999,1021284100.0,28.23,103450435235.81
600011,2021-10-14,6.5,6.69,6.9,6.44,108803097.0,0.009899999999999999,731702300.0,28.49,105020244571.71
600011,2021-10-15,6.54,6.65,6.84,6.41,105197162.99999999,0.0096,696450500.0,28.38,104392320837.35
600011,2021-10-18,6.65,6.81,6.91,6.52,131543146.0,0.012,885889700.0,28.8,106904015774.79
600011,2021-10-19,6.69,6.77,6.85,6.56,79148790.0,0.0072,530994800.00000006,28.69,106276092040.43
600011,2021-10-20,6.93,7.45,7.45,6.92,116219926.0,0.0106,840013900.0,30.46,116950795524.55
600011,2021-10-21,7.67,7.31,7.68,7.06,179670881.0,0.0163,1307452300.0,30.1,114753062454.29
600011,2021-10-22,7.12,7.01,7.23,6.65,160363281.0,0.0146,1104555500.0,29.32,110043634446.59
600011,2021-10-25,6.9,7.07,7.11,6.74,102281603.0,0.009300000000000001,714348000.0,29.47,110985520048.13
600011,2021-10-26,6.92,6.88,7.35,6.62,141796089.0,0.0129,980470900.0,28.98,108002882309.92
600011,2021-10-27,6.63,7.57,7.57,6.62,225074920.00000003,0.020499999999999997,1634726200.0,30.77,118834566727.63
600011,2021-10-28,7.69,7.75,8.14,7.66,219274809.0,0.0199,1720113100.0,31.24,121660223532.25
600011,2021-10-29,7.6,7.71,7.84,7.0,191369969.0,0.0174,1423266700.0000002,31.14,121032299797.89
600011,2021-11-01,7.48,7.42,7.64,7.22,145899559.0,0.013300000000000001,1083963200.0,30.38,116479852723.78
600011,2021-11-02,7.41,6.98,7.42,6.8,113290656.0,0.0103,797829600.0000001,29.24,109572691645.82
600011,2021-11-03,6.96,7.18,7.2,6.86,76596650.0,0.006999999999999999,541806700.0,29.76,112712310317.62
600011,2021-11-04,7.2,7.03,7.23,6.98,73650460.0,0.0067,521021700.0,29.37,110357596313.77
600011,2021-11-05,7.05,6.45,7.05,6.35,117162575.0,0.010700000000000001,775795399.9999999,27.86,101252702165.55
600011,2021-11-08,6.43,6.38,6.48,6.17,117078597.0,0.0106,737482899.9999999,27.68,100153835630.42
600011,2021-11-09,6.45,6.49,6.74,6.33,105128158.0,0.0096,683281400.0,27.97,101880625899.91
600011,2021-11-10,6.35,6.38,6.5,6.23,69837195.0,0.0064,444413300.0,27.68,100153835630.42
600011,2021-11-11,6.45,6.1,6.45,6.02,108355709.00000001,0.009899999999999999,666027600.0,26.95,95758369489.9
600011,2021-11-12,6.05,6.01,6.19,5.9,91855146.0,0.0084,555031100.0,26.72,94345541087.59
600011,2021-11-15,6.02,5.99,6.07,5.91,54981703.0,0.005,329201400.0,26.67,94031579220.41
600011,2021-11-16,5.95,5.78,5.98,5.74,79924684.0,0.0073,465682800.0,26.12,90734979615.02
600011,2021-11-17,5.79,5.83,5.85,5.7,44944749.0,0.0040999999999999995,260164900.00000003,26.25,91519884282.97
600011,2021-11-18,5.85,5.92,5.99,5.75,72465409.0,0.0066,426454300.0,26.48,92932712685.28
600011,2021-11-19,5.95,5.96,5.98,5.78,61527536.0,0.005600000000000001,361416500.0,26.59,93560636419.64
600011,2021-11-22,5.96,5.86,6.03,5.81,62572324.0,0.005699999999999999,367526500.0,26.33,91990827083.74
600011,2021-11-23,5.86,5.84,5.9,5.78,56029063.0,0.0051,327837200.0,26.28,91676865216.56
600011,2021-11-24,5.93,5.95,5.99,5.69,114435378.0,0.0104,670116900.0,26.56,93403655486.05
600011,2021-11-25,6.05,5.96,6.54,5.96,194224581.0,0.0177,1200194600.0,26.59,93560636419.64
600011,2021-11-26,5.91,5.72,5.96,5.71,101074179.0,0.0092,584419200.0,25.96,89793094013.48
600011,2021-11-29,5.56,6.23,6.28,5.51,155339844.0,0.0141,935988600.0,27.29,97799121626.57
600011,2021-11-30,6.23,6.21,6.78,6.16,164644752.0,0.015,1059580800.0,27.24,97485159759.39
600011,2021-12-01,6.31,6.68,6.7,6.23,150281669.0,0.0137,976025500.0,28.46,104863263638.12
600011,2021-12-02,6.7,6.57,7.06,6.52,102475996.0,0.009300000000000001,692179400.0,28.17,103136473368.63
600011,2021-12-03,6.54,7.23,7.23,6.45,119233560.00000001,0.0108,833471500.0,29.89,113497214985.57
600011,2021-12-06,7.51,7.34,7.61,7.26,144958424.0,0.0132,1076626400.0,30.18,115224005255.06
600011,2021-12-07,7.28,7.78,7.9,7.15,134699465.0,0.012199999999999999,1023004700.0,31.32,122131166333.02
600011,2021-12-08,7.71,8.0,8.07,7.47,139564360.0,0.0127,1083858900.0,31.89,125584746872.0
600011,2021-12-09,7.85,8.47,8.68,7.76,156260958.0,0.014199999999999999,1299581500.0,33.11,132962850750.73
600011,2021-12-10,8.25,8.13,8.65,8.02,146056023.0,0.013300000000000001,1200876400.0,32.23,127625499008.67
600011,2021-12-13,8.45,8.75,8.94,8.38,192210726.0,0.0175,1693788000.0,33.84,137358316891.25
600011,2021-12-14,8.78,8.7,8.88,8.22,169430093.0,0.0154,1444435799.9999998,33.71,136573412223.3
600011,2021-12-15,8.55,9.32,9.57,8.33,167725736.0,0.015300000000000001,1519488400.0,35.32,146306230105.88
600011,2021-12-16,9.2,9.37,9.5,9.07,115206576.0,0.0105,1069047400.0,35.45,147091134773.83
600011,2021-12-17,9.29,8.97,10.08,8.9,175576877.0,0.016,1639527100.0,34.41,140811897430.23
600011,2021-12-20,8.96,8.89,9.23,8.69,173515973.0,0.0158,1550300500.0,34.21,139556049961.51
600011,2021-12-21,8.88,9.0,9.17,8.5,153714924.0,0.013999999999999999,1357658700.0,34.49,141282840231.0
600011,2021-12-22,9.03,9.03,9.43,8.85,132661772.0,0.0121,1207545700.0,34.57,141753783031.77
600011,2021-12-23,8.99,9.93,9.93,8.94,186992316.0,0.017,1795979900.0,36.91,155882067054.87
600011,2021-12-24,9.93,10.03,10.5,9.84,154057884.0,0.013999999999999999,1556898000.0,37.17,157451876390.77
600011,2021-12-27,9.93,9.77,10.5,9.41,157016872.0,0.0143,1552858900.0000002,36.49,153370372117.43
600011,2021-12-28,9.77,9.52,9.77,9.22,114449293.0,0.0104,1080562700.0,35.84,149445848777.68
600011,2021-12-29,9.4,9.0,9.4,8.8,188764898.0,0.0172,1706578299.9999998,34.49,141282840231.0
600011,2021-12-30,9.13,9.32,9.39,8.97,147727170.0,0.0134,1362833599.9999998,35.32,146306230105.88
600011,2021-12-31,9.7,9.69,9.86,9.43,146125915.0,0.013300000000000001,1412070000.0,36.29,152114524648.71
600011,2022-01-04,9.92,9.0,10.12,8.92,147920679.0,0.013500000000000002,1402066400.0000002,34.49,141282840231.0
600011,2022-01-05,8.79,8.55,8.84,8.3,153947985.0,0.013999999999999999,1313480600.0,33.32,134218698219.45
600011,2022-01-06,8.44,8.34,8.53,8.21,135480179.0,0.0123,1134339700.0,32.78,130922098614.06
600011,2022-01-07,8.33,7.99,8.39,7.93,116730930.0,0.0106,946290300.0,31.87,125427765938.41
600011,2022-01-10,7.79,7.7,7.9,7.65,93949342.0,0.0085,729283800.0,31.11,120875318864.3
600011,2022-01-11,7.69,7.74,8.05,7.65,149248414.0,0.013600000000000001,1169588300.0,31.22,121503242598.66
600011,2022-01-12,7.81,7.79,7.93,7.61,89707292.0,0.008199999999999999,694844600.0000001,31.35,122288147266.61
600011,2022-01-13,7.74,7.58,7.74,7.32,141560754.0,0.0129,1065390100.0,30.8,118991547661.22
600011,2022-01-14,7.44,7.42,7.7,7.33,125463300.0,0.011399999999999999,943649500.0,30.38,116479852723.78
600011,2022-01-17,7.51,7.57,7.83,7.45,124004857.0,0.0113,950852200.0,30.77,118834566727.63
600011,2022-01-18,7.53,8.21,8.33,7.49,267914609.0,0.024399999999999998,2167094900.0,32.44,128881346477.39
600011,2022-01-19,8.02,8.3,8.56,7.91,214817735.0,0.0195,1766685600.0,32.67,130294174879.7
600011,2022-01-20,8.26,8.43,8.65,7.98,172231397.0,0.015700000000000002,1431187200.0,33.01,132334927016.37
600011,2022-01-21,8.33,8.2,8.95,7.98,247966168.00000003,0.0225,2103333200.0,32.41,128724365543.8
600011,2022-01-24,8.34,8.51,8.74,8.07,130070070.0,0.0118,1097140300.0,33.22,133590774485.09
600011,2022-01-25,8.37,7.85,8.46,7.81,110452307.0,0.01,892864299.9999999,31.5,123230032868.15
600011,2022-01-26,7.99,8.08,8.22,7.82,121714868.0,0.0111,980905800.0,32.1,126840594340.72
600011,2022-01-27,8.06,7.75,8.15,7.71,98095231.0,0.0089,777093000.0,31.24,121660223532.25
600011,2022-01-28,7.85,7.4,7.89,7.36,120628685.00000001,0.011000000000000001,912373100.0,30.33,116165890856.6
600011,2022-02-07,7.62,8.0,8.04,7.62,133915028.0,0.012199999999999999,1055815700.0000001,31.89,125584746872.0
600011,2022-02-08,8.01,8.24,8.29,7.5,138033277.0,0.0126,1091181300.0,32.52,129352289278.16
600011,2022-02-09,8.19,8.75,8.94,8.08,167034335.0,0.0152,1439954900.0,33.84,137358316891.25
600011,2022-02-10,8.69,8.71,8.98,8.47,137739089.0,0.0125,1200313300.0,33.74,136730393156.89
600011,2022-02-11,8.7,8.67,9.16,8.53,109996412.99999999,0.01,967450700.0000001,33.63,136102469422.53
600011,2022-02-14,8.58,8.15,8.83,8.04,134666036.0,0.012199999999999999,1123726400.0,32.28,127939460875.85
600011,2022-02-15,8.15,8.21,8.25,7.89,93853634.0,0.0085,758375300.0,32.44,128881346477.39
600011,2022-02-16,8.3,8.02,8.6,7.95,147999000.0,0.013500000000000002,1224794000.0,31.94,125898708739.18
600011,2022-02-17,7.81,8.3,8.35,7.8,136859308.0,0.0124,1113997600.0,32.67,130294174879.7
600011,2022-02-18,8.15,8.25,8.55,8.05,96235905.0,0.0088,797275900.0,32.54,129509270211.75
600011,2022-02-21,8.19,7.83,8.25,7.71,162584338.0,0.0148,1281824700.0,31.45,122916071000.97
600011,2022-02-22,7.68,7.48,7.7,7.4,111760655.0,0.0102,839453000.0,30.54,117421738325.32
600011,2022-02-23,7.51,7.66,7.8,7.44,113951663.99999999,0.0104,866029000.0,31.01,120247395129.94
600011,2022-02-24,7.6,7.69,8.0,7.53,157634302.0,0.0143,1227982600.0,31.09,120718337930.71
600011,2022-02-25,8.02,8.46,8.46,7.9,191082134.0,0.0174,1556271400.0000002,33.09,132805869817.14
600011,2022-02-28,8.47,8.77,8.9,8.33,201387186.0,0.0183,1734447000.0,33.89,137672278758.43
600011,2022-03-01,8.7,8.7,9.1,8.65,114203595.0,0.0104,1006104500.0,33.71,136573412223.3
600011,2022-03-02,8.67,8.58,8.75,8.36,115502335.00000001,0.0105,985344600.0000001,33.4,134689641020.22
600011,2022-03-03,8.69,8.57,8.76,8.48,100710652.0,0.0092,867559900.0,33.37,134532660086.63
600011,2022-03-04,8.49,8.8,9.13,8.34,131453608.0,0.012,1148830300.0,33.97,138143221559.2
600011,2022-03-07,8.66,8.97,9.34,8.65,153205870.0,0.0139,1379084800.0,34.41,140811897430.23
600011,2022-03-08,8.88,8.76,9.23,8.68,155903127.0,0.014199999999999999,1404269400.0,33.87,137515297824.84
600011,2022-03-09,9.01,9.05,9.15,8.42,171740455.0,0.015600000000000001,1530035300.0,34.62,142067744898.95
600011,2022-03-10,9.15,8.97,9.36,8.8,196108020.0,0.0178,1776907000.0,34.41,140811897430.23
600011,2022-03-11,8.7,8.41,8.86,8.07,183884331.0,0.0167,1546353000.0,32.96,132020965149.19
600011,2022-03-14,8.16,7.86,8.32,7.85,124024904.0,0.0113,1000438400.0,31.53,123387013801.74
600011,2022-03-15,7.6,7.37,7.81,7.33,132171372.0,0.012,1003264700.0,30.25,115694948055.83
600011,2022-03-16,7.59,8.02,8.04,7.46,148710807.0,0.013500000000000002,1149719100.0,31.94,125898708739.18
600011,2022-03-17,8.1,7.92,8.18,7.81,129531769.0,0.0118,1030047500.0,31.68,124328899403.28
600011,2022-03-18,7.76,7.91,8.11,7.7,89618300.0,0.008100000000000001,712612500.0,31.66,124171918469.69
600011,2022-03-21,7.89,7.97,8.06,7.8,85257532.0,0.0078000000000000005,672964800.0,31.81,125113804071.23
600011,2022-03-22,7.9,8.24,8.27,7.83,106062834.00000001,0.0096,858523800.0,32.52,129352289278.16
600011,2022-03-23,8.23,7.87,8.3,7.82,112785308.0,0.0103,906076500.0,31.55,123543994735.33
600011,2022-03-24,7.86,7.6,7.86,7.51,99275098.0,0.009000000000000001,755620900.0,30.85,119305509528.4
600011,2022-03-25,7.54,7.06,7.58,6.98,143025389.0,0.013000000000000001,1039533800.0,29.45,110828539114.54
600011,2022-03-28,6.99,7.28,7.3,6.7,114549481.0,0.0104,807473500.0,30.02,114282119653.52
600011,2022-03-29,7.24,7.11,7.38,7.01,76245153.0,0.0069,547741300.0,29.58,111613443782.49
600011,2022-03-30,7.11,7.28,7.33,7.11,82361263.0,0.0075,596353700.0,30.02,114282119653.52
600011,2022-03-31,7.27,6.91,7.27,6.78,126663158.0,0.0115,880013800.0,29.06,108473825110.69
600011,2022-04-01,6.84,7.03,7.13,6.72,88258400.0,0.008,618025800.0,29.37,110357596313.77
600011,2022-04-06,7.0,6.8,7.0,6.73,101885300.0,0.009300000000000001,694141799.9999999,28.77,106747034841.2
600011,2022-04-07,6.75,6.57,6.8,6.53,106243200.0,0.0097,703678800.0,28.17,103136473368.63
600011,2022-04-08,6.6,6.67,6.75,6.48,63667700.0,0.0058,422334200.0,28.43,104706282704.53
600011,2022-04-11,6.69,6.41,6.76,6.38,72098700.0,0.0066,469431600.00000006,27.76,100624778431.19
600011,2022-04-12,6.33,6.4,6.49,6.24,75122100.0,0.0068000000000000005,477669000.0,27.73,100467797497.6
600011,2022-04-13,6.36,6.24,6.38,6.15,74859600.0,0.0068000000000000005,467328800.0,27.32,97956102560.16
600011,2022-04-14,6.34,6.0,6.36,5.91,127612100.0,0.0116,777715100.0,26.69,94188560154.0
600011,2022-04-15,5.99,6.39,6.45,5.84,180970600.0,0.0165,1118095800.0,27.71,100310816564.01
600011,2022-04-18,6.3,6.73,6.82,6.28,134244800.0,0.012199999999999999,884163500.0,28.59,105648168306.07
600011,2022-04-19,6.65,6.68,6.77,6.57,103152100.0,0.009399999999999999,687816700.0,28.46,104863263638.12
600011,2022-04-20,6.68,6.66,6.94,6.62,108922800.0,0.009899999999999999,736914299.9999999,28.41,104549301770.94
600011,2022-04-21,6.69,6.5,6.81,6.4,84094200.0,0.0076,553006800.0,27.99,102037606833.5
600011,2022-04-22,6.38,6.97,7.08,6.3,141631300.0,0.0129,960672300.0,29.21,109415710712.23
600011,2022-04-25,6.7,6.92,7.16,6.66,218636100.0,0.0199,1541317800.0,29.08,108630806044.28
600011,2022-04-26,7.0,6.76,7.12,6.7,128523000.0,0.011699999999999999,892261500.0,28.67,106119111106.84
600011,2022-04-27,6.73,7.22,7.3,6.68,149104100.0,0.013600000000000001,1054939500.0,29.86,113340234051.98
600011,2022-04-28,7.21,7.32,7.4,7.04,124798000.0,0.0113,905541000.0,30.12,114910043387.88
600011,2022-04-29,7.39,7.3,7.42,7.11,129158700.0,0.011699999999999999,937763200.0000001,30.07,114596081520.7
600011,2022-05-05,7.25,7.12,7.39,7.09,113048700.0,0.0103,816664800.0,29.6,111770424716.08
600011,2022-05-06,6.9,6.8,7.03,6.66,92529600.0,0.0084,632201500.0,28.77,106747034841.2
600011,2022-05-09,6.79,6.99,7.17,6.74,90873000.0,0.0083,638040100.0,29.27,109729672579.41
600011,2022-05-10,6.81,7.3,7.38,6.8,93347000.0,0.0085,670270100.0,30.07,114596081520.7
600011,2022-05-11,7.25,7.32,7.45,7.22,117725400.0,0.010700000000000001,861605500.0,30.12,114910043387.88
600011,2022-05-12,7.47,7.15,7.57,7.0,103324400.0,0.009399999999999999,752130500.0,29.68,112241367516.85
600011,2022-05-13,7.15,7.12,7.25,7.05,55034300.0,0.005,392572800.0,29.6,111770424716.08
600011,2022-05-16,7.12,6.96,7.12,6.88,65460200.0,0.006,456305600.0,29.19,109258729778.64
600011,2022-05-17,6.92,6.75,6.96,6.59,91455500.0,0.0083,613498900.0,28.64,105962130173.25
600011,2022-05-18,6.71,7.05,7.1,6.66,103003900.0,0.009399999999999999,717977700.0,29.42,110671558180.95
600011,2022-05-19,6.96,7.27,7.31,6.85,88749300.0,0.008100000000000001,633700200.0,29.99,114125138719.93
600011,2022-05-20,7.27,7.39,7.78,7.27,114894300.0,0.0104,861224600.0000001,30.31,116008909923.01
600011,2022-05-23,7.38,7.16,7.57,7.08,103496300.0,0.009399999999999999,746998700.0,29.71,112398348450.44
600011,2022-05-24,7.14,6.93,7.34,6.92,68736100.0,0.0063,489913500.0,29.11,108787786977.87
600011,2022-05-25,6.9,7.31,7.32,6.81,99905600.0,0.0091,711751900.0,30.1,114753062454.29
600011,2022-05-26,7.26,7.18,7.52,7.1,80857600.0,0.0074,585687900.0,29.76,112712310317.62
600011,2022-05-27,7.19,7.12,7.23,7.05,67086100.0,0.0060999999999999995,476624500.0,29.6,111770424716.08
600011,2022-05-30,7.12,7.08,7.16,7.02,53584400.0,0.0049,378844500.0,29.5,111142500981.72
600011,2022-05-31,7.1,7.39,7.39,7.0,130603100.0,0.011899999999999999,943879700.0,30.31,116008909923.01
600011,2022-06-01,7.28,7.18,7.43,7.09,100488400.0,0.0091,727496799.9999999,29.76,112712310317.62
600011,2022-06-02,7.11,7.16,7.27,7.07,65584000.0,0.006,468415100.0,29.71,112398348450.44
600011,2022-06-06,7.09,7.12,7.2,6.95,108699500.0,0.009899999999999999,767963000.0,29.6,111770424716.08
600011,2022-06-07,7.14,7.2,7.38,7.07,152235900.0,0.0138,1099785500.0,29.81,113026272184.8
600011,2022-06-08,7.25,7.25,7.35,7.05,127388500.0,0.0116,918249200.0,29.94,113811176852.75
600011,2022-06-09,7.14,6.53,7.28,6.53,222001600.0,0.0202,1527111500.0,28.07,102508549634.27
600011,2022-06-10,6.4,6.49,6.77,6.31,245127900.0,0.0223,1608106300.0,27.97,101880625899.91
600011,2022-06-13,6.41,6.1,6.45,5.92,247264900.0,0.0225,1504329100.0,26.95,95758369489.9
600011,2022-06-14,6.01,6.15,6.15,5.88,139306300.0,0.0127,836921300.0,27.08,96543274157.85
600011,2022-06-15,6.14,6.11,6.2,6.02,118541900.0,0.0108,724511100.0,26.98,95915350423.49
600011,2022-06-16,6.14,6.39,6.48,6.07,183684300.0,0.0167,1161882000.0,27.71,100310816564.01
600011,2022-06-17,6.31,6.35,6.43,6.28,102847000.0,0.009399999999999999,653410200.0,27.6,99682892829.65
600011,2022-06-20,6.34,6.99,6.99,6.27,209823700.0,0.0191,1433267200.0,29.27,109729672579.41
600011,2022-06-21,7.12,7.22,7.34,7.11,250840000.0,0.022799999999999997,1808664400.0,29.86,113340234051.98
600011,2022-06-22,7.16,7.22,7.41,7.08,137052900.0,0.0125,990715700.0000001,29.86,113340234051.98
600011,2022-06-23,7.22,7.26,7.27,7.08,96282200.0,0.0088,690962500.0,29.97,113968157786.34
600011,2022-06-24,7.23,7.39,7.49,7.16,124524000.0,0.0113,912475700.0000001,30.31,116008909923.01
600011,2022-06-27,7.43,7.16,7.47,7.11,122973800.0,0.011200000000000002,886348600.0,29.71,112398348450.44
600011,2022-06-28,7.16,7.14,7.3,7.1,91738600.0,0.0083,657028800.0,29.66,112084386583.26
600011,2022-06-29,7.11,7.14,7.22,7.03,85611800.0,0.0078000000000000005,609369700.0,29.66,112084386583.26
600011,2022-06-30,7.14,7.04,7.2,7.02,96107800.0,0.0087,681887100.0000001,29.4,110514577247.36
600011,2022-07-01,7.11,7.15,7.35,7.1,132031700.0,0.012,956382000.0,29.68,112241367516.85
600011,2022-07-04,7.1,7.52,7.69,7.08,171018000.0,0.015600000000000001,1278098200.0,30.64,118049662059.68
600011,2022-07-05,7.49,7.84,8.0,7.41,183810000.0,0.0167,1433722200.0,31.48,123073051934.56
600011,2022-07-06,7.83,7.9,8.17,7.73,116273900.0,0.0106,917494200.0,31.63,124014937536.1
600011,2022-07-07,7.88,8.11,8.13,7.84,108877800.0,0.009899999999999999,874442800.0,32.18,127311537141.49
600011,2022-07-08,8.03,8.08,8.14,7.89,61511500.0,0.005600000000000001,492825100.0,32.1,126840594340.72
600011,2022-07-11,8.11,8.04,8.36,7.96,106234400.0,0.0097,868929500.0,32.0,126212670606.36
600011,2022-07-12,8.08,8.2,8.29,7.92,85679800.0,0.0078000000000000005,697884500.0,32.41,128724365543.8
600011,2022-07-13,8.15,8.13,8.39,8.07,80660800.0,0.0073,660931300.0,32.23,127625499008.67
600011,2022-07-14,8.09,7.35,8.09,7.32,245935700.0,0.022400000000000003,1862520100.0,30.2,115380986188.65
600011,2022-07-15,7.39,7.24,7.45,7.15,117629500.0,0.010700000000000001,859406700.0,29.92,113654195919.16
600011,2022-07-18,7.11,7.57,7.6,7.11,146969800.0,0.0134,1093957000.0,30.77,118834566727.63
600011,2022-07-19,7.55,7.38,7.63,7.3,91184700.0,0.0083,678961799.9999999,30.28,115851928989.42
600011,2022-07-20,7.38,7.26,7.42,7.18,70546300.0,0.0064,511456700.0,29.97,113968157786.34
600011,2022-07-21,7.25,7.03,7.26,7.01,72009800.0,0.006500000000000001,510960199.99999994,29.37,110357596313.77
600011,2022-07-22,7.05,6.95,7.11,6.87,68017500.0,0.0062,474586600.00000006,29.16,109101748845.05
600011,2022-07-25,6.96,6.68,6.97,6.6,98889000.0,0.009000000000000001,661690500.0,28.46,104863263638.12
600011,2022-07-26,6.69,6.67,6.72,6.5,56159200.0,0.0051,373237000.0,28.43,104706282704.53
600011,2022-07-27,6.66,6.78,6.89,6.55,124935600.0,0.011399999999999999,839076100.0,28.72,106433072974.02
600011,2022-07-28,6.83,6.95,7.15,6.79,146431600.0,0.013300000000000001,1025455600.0,29.16,109101748845.05
600011,2022-07-29,6.92,7.02,7.27,6.85,111726600.0,0.0102,790909900.0,29.34,110200615380.18
600011,2022-08-01,7.0,6.77,7.02,6.67,102712800.0,0.009300000000000001,696619500.0,28.69,106276092040.43
600011,2022-08-02,6.67,6.48,6.76,6.38,100434400.0,0.0091,653693900.0,27.94,101723644966.32
600011,2022-08-03,6.47,6.31,6.63,6.26,80284300.0,0.0073,514120700.0,27.5,99054969095.29
600011,2022-08-04,6.4,6.52,6.62,6.36,73985300.0,0.0067,480597600.0,28.04,102351568700.68
600011,2022-08-05,6.52,6.48,6.55,6.35,55864300.0,0.0051,358993500.0,27.94,101723644966.32
600011,2022-08-08,6.47,6.62,6.79,6.38,83060700.0,0.0076,549467800.0,28.3,103921378036.58
600011,2022-08-09,6.59,6.56,6.72,6.49,56494800.0,0.0051,371795600.0,28.15,102979492435.04
600011,2022-08-10,6.58,6.45,6.6,6.39,51527200.0,0.004699999999999999,332009200.0,27.86,101252702165.55
600011,2022-08-11,6.48,6.61,6.72,6.43,73583500.0,0.0067,484304100.00000006,28.28,103764397102.99
600011,2022-08-12,6.61,6.87,7.0,6.58,150087300.0,0.013600000000000001,1031573700.0,28.95,107845901376.33
600011,2022-08-15,6.98,7.07,7.2,6.87,124792700.0,0.0113,879191400.0,29.47,110985520048.13
600011,2022-08-16,7.15,7.21,7.33,7.1,107125300.0,0.0097,772779900.0,29.84,113183253118.39
600011,2022-08-17,7.36,7.43,7.6,7.3,121564900.0,0.0111,905083700.0,30.41,116636833657.37
600011,2022-08-18,7.47,7.2,7.48,7.15,101341100.0,0.0092,740179400.0,29.81,113026272184.8
600011,2022-08-19,7.18,7.92,7.92,7.07,148760700.0,0.013500000000000002,1125352100.0,31.68,124328899403.28
600011,2022-08-22,8.0,7.94,8.5,7.89,265403300.0,0.0241,2165203300.0,31.74,124642861270.46
600011,2022-08-23,7.96,8.25,8.3,7.82,142749800.0,0.013000000000000001,1159989300.0,32.54,129509270211.75
600011,2022-08-24,8.2,8.15,8.43,8.01,118748800.0,0.0108,975720200.0,32.28,127939460875.85
600011,2022-08-25,8.22,8.59,8.69,8.2,149711900.0,0.013600000000000001,1277096000.0,33.43,134846621953.81
600011,2022-08-26,8.54,8.41,9.07,8.3,173356700.0,0.0158,1499367500.0,32.96,132020965149.19
600011,2022-08-29,8.26,8.29,8.48,8.01,94737400.0,0.0086,784301100.0,32.65,130137193946.11
600011,2022-08-30,8.29,8.13,8.33,8.01,86963600.0,0.0079,706984400.0,32.23,127625499008.67
600011,2022-08-31,8.13,8.18,8.36,7.82,106082300.0,0.0096,855999500.0,32.36,128410403676.62
600011,2022-09-01,8.08,7.87,8.19,7.82,55158600.0,0.005,440061900.0,31.55,123543994735.33
600011,2022-09-02,8.0,8.2,8.66,8.0,135315300.0,0.0123,1128193300.0,32.41,128724365543.8
600011,2022-09-05,8.33,8.5,8.61,8.0,107853100.0,0.0098,909342400.0,33.19,133433793551.5
600011,2022-09-06,8.49,8.89,9.1,8.26,129566000.0,0.0118,1139900200.0,34.21,139556049961.51
600011,2022-09-07,8.89,9.26,9.39,8.71,127500900.0,0.0116,1154612700.0,35.17,145364344504.34
600011,2022-09-08,9.21,9.11,9.45,9.0,103159500.0,0.009399999999999999,947037500.0,34.78,143009630500.49
600011,2022-09-09,9.02,9.12,9.35,8.81,66211200.0,0.006,604213600.0,34.8,143166611434.08
600011,2022-09-13,9.12,9.0,9.35,8.9,91568900.0,0.0083,834560100.0,34.49,141282840231.0
600011,2022-09-14,8.88,9.01,9.1,8.82,54937900.0,0.005,492794000.0,34.52,141439821164.59
600011,2022-09-15,9.02,8.7,9.06,8.53,94461300.0,0.0086,823068600.0,33.71,136573412223.3
600011,2022-09-16,8.6,8.37,8.86,8.22,77914500.0,0.0070999999999999995,663143900.0,32.85,131393041414.83
600011,2022-09-19,7.98,8.17,8.26,7.56,126746100.0,0.0115,1017395700.0000001,32.33,128253422743.03
600011,2022-09-20,8.3,8.15,8.33,7.84,67739900.0,0.0062,547623100.0,32.28,127939460875.85
600011,2022-09-21,8.14,8.32,8.55,8.0,71294300.0,0.006500000000000001,593020000.0,32.72,130608136746.88
600011,2022-09-22,8.22,8.17,8.32,8.1,44483800.0,0.004,364730600.0,32.33,128253422743.03
600011,2022-09-23,8.38,8.04,8.56,7.97,46997700.0,0.0043,387175400.0,32.0,126212670606.36
600011,2022-09-26,7.99,7.94,8.18,7.9,53167000.0,0.0048,427491400.0,31.74,124642861270.46
600011,2022-09-27,7.96,7.92,8.11,7.83,36547800.0,0.0033,289860800.0,31.68,124328899403.28
600011,2022-09-28,7.9,7.88,8.09,7.74,56032000.0,0.0051,442275600.0,31.58,123700975668.92
600011,2022-09-29,7.87,7.62,7.95,7.58,56828100.0,0.0052,437355300.0,30.9,119619471395.58
600011,2022-09-30,7.64,7.59,7.78,7.55,54376400.0,0.0049,417756800.0,30.83,119148528594.81
600011,2022-10-10,7.56,7.58,7.83,7.45,55532600.0,0.005,422982699.99999994,30.8,118991547661.22
600011,2022-10-11,7.58,8.06,8.15,7.56,66539700.0,0.0060999999999999995,527645600.0,32.05,126526632473.54
600011,2022-10-12,8.0,8.09,8.1,7.7,66016600.0,0.006,520221000.0,32.13,126997575274.31
600011,2022-10-13,7.95,8.55,8.61,7.91,96874800.0,0.0088,807376500.0,33.32,134218698219.45
600011,2022-10-14,8.48,8.54,8.75,8.31,80804900.0,0.0073,692743400.0,33.3,134061717285.86
600011,2022-10-17,8.42,8.34,8.48,8.12,62055900.0,0.005600000000000001,517123300.0,32.78,130922098614.06
600011,2022-10-18,8.33,8.5,8.67,8.25,65209400.0,0.0059,557117700.0,33.19,133433793551.5
600011,2022-10-19,8.4,8.27,8.72,8.21,64118100.0,0.0058,540084100.0,32.59,129823232078.93
600011,2022-10-20,8.2,8.11,8.32,8.02,57591100.0,0.0052,469500500.0,32.18,127311537141.49
600011,2022-10-21,8.13,8.16,8.47,8.09,69605400.0,0.0063,577083900.0,32.31,128096441809.44
600011,2022-10-24,8.16,8.01,8.17,7.88,58195400.0,0.0053,466032400.0,31.92,125741727805.59
600011,2022-10-25,7.97,8.17,8.27,7.93,58392200.0,0.0053,471802900.0,32.33,128253422743.03
600011,2022-10-26,7.88,8.0,8.35,7.79,110336800.0,0.01,888774299.9999999,31.89,125584746872.0
600011,2022-10-27,7.89,7.23,8.06,7.2,152579000.0,0.0139,1139867700.0,29.89,113497214985.57
600011,2022-10-28,7.2,6.86,7.26,6.75,122026700.0,0.0111,849749400.0,28.93,107688920442.74
600011,2022-10-31,6.92,6.7,7.08,6.67,88376100.0,0.008,602794100.0,28.51,105177225505.3
600011,2022-11-01,6.7,6.78,6.85,6.55,87278400.0,0.0079,580967300.0,28.72,106433072974.02
600011,2022-11-02,6.74,6.73,6.79,6.47,87284500.0,0.0079,578389300.0,28.59,105648168306.07
600011,2022-11-03,6.63,6.72,6.87,6.6,85504500.0,0.0078000000000000005,575180400.0,28.56,105491187372.48
600011,2022-11-04,6.9,6.95,7.07,6.85,122534200.0,0.0111,851013400.0,29.16,109101748845.05
600011,2022-11-07,7.0,6.96,7.06,6.83,83676400.0,0.0076,580756800.0,29.19,109258729778.64
600011,2022-11-08,6.93,7.15,7.21,6.86,89088600.0,0.008100000000000001,631116700.0,29.68,112241367516.85
600011,2022-11-09,7.17,7.02,7.18,6.98,54616500.0,0.005,386205300.0,29.34,110200615380.18
600011,2022-11-10,7.11,7.06,7.36,6.99,102481900.0,0.009300000000000001,734282400.0,29.45,110828539114.54
600011,2022-11-11,7.11,7.21,7.32,7.02,84029800.0,0.0076,600401100.0,29.84,113183253118.39
600011,2022-11-14,7.22,7.18,7.25,7.03,61896500.0,0.005600000000000001,441855800.0,29.76,112712310317.62
600011,2022-11-15,7.16,7.19,7.2,7.05,57446900.0,0.0052,410041300.0,29.79,112869291251.21
600011,2022-11-16,7.29,7.28,7.59,7.21,100971700.0,0.0092,745806400.0,30.02,114282119653.52
600011,2022-11-17,7.2,7.22,7.26,7.05,53871100.0,0.0049,384976200.0,29.86,113340234051.98
600011,2022-11-18,7.2,7.45,7.54,7.16,94665300.0,0.0086,699402300.0,30.46,116950795524.55
600011,2022-11-21,7.4,7.68,7.76,7.39,72129700.0,0.0066,551212200.0,31.06,120561356997.12
600011,2022-11-22,7.68,7.62,7.76,7.54,40667400.0,0.0037,310759700.0,30.9,119619471395.58
600011,2022-11-23,7.58,7.83,7.99,7.57,78144900.0,0.0070999999999999995,612275900.0,31.45,122916071000.97
600011,2022-11-24,7.89,7.99,8.16,7.88,63451800.0,0.0058,510948500.0,31.87,125427765938.41
600011,2022-11-25,8.0,8.09,8.16,7.9,53001500.0,0.0048,427332000.0,32.13,126997575274.31
600011,2022-11-28,8.02,8.3,8.36,7.82,101013400.0,0.0092,828866500.0,32.67,130294174879.7
600011,2022-11-29,8.23,7.77,8.27,7.65,131565900.0,0.012,1030152500.0,31.29,121974185399.43
600011,2022-11-30,7.7,7.75,7.8,7.51,67607100.0,0.0060999999999999995,519681700.0,31.24,121660223532.25
600011,2022-12-01,7.7,7.63,7.76,7.54,80446800.0,0.0073,613166800.0,30.93,119776452329.17
600011,2022-12-02,7.61,7.57,7.65,7.48,51508200.0,0.004699999999999999,389542800.0,30.77,118834566727.63
600011,2022-12-05,7.59,7.83,7.84,7.53,79494900.0,0.0072,612432800.0,31.45,122916071000.97
600011,2022-12-06,7.8,7.57,7.83,7.41,74558500.0,0.0068000000000000005,564443500.0,30.77,118834566727.63
600011,2022-12-07,7.54,7.3,7.57,7.26,77659600.0,0.0070999999999999995,573537400.0,30.07,114596081520.7
600011,2022-12-08,7.3,7.2,7.34,7.13,67273000.0,0.0060999999999999995,485965199.99999994,29.81,113026272184.8
600011,2022-12-09,7.15,7.01,7.26,6.96,89898200.0,0.008199999999999999,634196400.0,29.32,110043634446.59
600011,2022-12-12,7.01,6.82,7.04,6.8,74345800.0,0.0068000000000000005,510614600.0,28.82,107060996708.38
600011,2022-12-13,6.84,6.86,6.94,6.8,56701400.0,0.0052,389190500.0,28.93,107688920442.74
600011,2022-12-14,6.85,6.82,6.98,6.77,60278600.0,0.0055000000000000005,413666900.0,28.82,107060996708.38
600011,2022-12-15,6.83,6.93,6.95,6.68,66281100.0,0.006,453513200.0,29.11,108787786977.87
600011,2022-12-16,6.91,7.12,7.15,6.86,113451900.0,0.0103,801946900.0,29.6,111770424716.08
600011,2022-12-19,7.12,6.97,7.2,6.83,71912300.0,0.006500000000000001,503118900.0,29.21,109415710712.23
600011,2022-12-20,6.95,6.85,6.96,6.8,45767100.0,0.0042,313359500.0,28.9,107531939509.15
600011,2022-12-21,6.85,6.79,6.88,6.72,39151000.0,0.0036,266168200.0,28.75,106590053907.61
600011,2022-12-22,6.79,6.6,6.84,6.56,49790200.0,0.0045000000000000005,332325400.0,28.25,103607416169.4
600011,2022-12-23,6.6,6.7,6.72,6.57,40280300.0,0.0037,268592400.0,28.51,105177225505.3
600011,2022-12-26,6.68,6.95,6.95,6.67,57637600.0,0.0052,394318300.0,29.16,109101748845.05
600011,2022-12-27,6.98,6.94,7.03,6.86,46359000.0,0.0042,321518400.0,29.14,108944767911.46
600011,2022-12-28,6.96,7.45,7.56,6.93,169341400.0,0.0154,1242841200.0,30.46,116950795524.55
600011,2022-12-29,7.49,7.46,7.5,7.3,67902400.0,0.0062,503575400.0,30.49,117107776458.14
600011,2022-12-30,7.48,7.61,7.68,7.43,81143900.0,0.0074,614833200.0,30.88,119462490461.99
600011,2023-01-03,7.7,7.91,7.98,7.53,104212200.0,0.0095,819486400.0,31.66,124171918469.69
600011,2023-01-04,7.96,7.77,7.97,7.66,83422100.0,0.0076,649419100.0,31.29,121974185399.43
600011,2023-01-05,7.83,7.86,8.0,7.74,88400800.0,0.008,694959600.0000001,31.53,123387013801.74
600011,2023-01-06,7.8,7.83,8.06,7.79,66712400.0,0.0060999999999999995,528541300.0,31.45,122916071000.97
600011,2023-01-09,7.81,7.49,7.82,7.35,115286700.0,0.0105,867379500.0,30.57,117578719258.91
600011,2023-01-10,7.41,7.38,7.53,7.35,75380800.0,0.0069,559303300.0,30.28,115851928989.42
600011,2023-01-11,7.42,7.31,7.46,7.26,51786500.0,0.004699999999999999,379710600.0,30.1,114753062454.29
600011,2023-01-12,7.31,7.24,7.34,7.2,41334200.0,0.0038,300155000.0,29.92,113654195919.16
600011,2023-01-13,7.23,7.15,7.25,7.06,62919900.0,0.005699999999999999,448654300.0,29.68,112241367516.85
600011,2023-01-16,7.13,7.06,7.17,7.02,80716600.0,0.0073,572406000.0,29.45,110828539114.54
600011,2023-01-17,7.07,6.98,7.07,6.88,70570400.0,0.0064,490729200.0,29.24,109572691645.82
600011,2023-01-18,7.0,7.05,7.12,6.9,98744700.0,0.009000000000000001,695738100.0,29.42,110671558180.95
600011,2023-01-19,7.02,7.08,7.08,6.92,81242000.0,0.0074,568967800.0,29.5,111142500981.72
600011,2023-01-20,7.07,7.31,7.38,7.03,103794700.0,0.009399999999999999,752332500.0,30.1,114753062454.29
600011,2023-01-30,7.31,7.16,7.32,7.1,111361800.0,0.0101,799135800.0,29.71,112398348450.44
600011,2023-01-31,7.1,7.48,7.5,7.1,151172800.0,0.0137,1112934900.0,30.54,117421738325.32
600011,2023-02-01,7.42,7.59,7.65,7.3,98062200.0,0.0089,735068500.0,30.83,119148528594.81
600011,2023-02-02,7.57,7.71,7.82,7.54,83871000.0,0.0076,647176600.0,31.14,121032299797.89
600011,2023-02-03,7.71,7.8,7.85,7.5,107946500.0,0.0098,834437400.0,31.37,122445128200.2
600011,2023-02-06,7.78,7.7,7.98,7.66,82873000.0,0.0075,646233500.0,31.11,120875318864.3
600011,2023-02-07,7.72,8.0,8.06,7.62,83807300.0,0.0076,665803300.0,31.89,125584746872.0
600011,2023-02-08,7.96,7.98,8.06,7.87,65137300.0,0.0059,518911700.0,31.84,125270785004.82
600011,2023-02-09,8.0,7.93,8.23,7.8,62075900.0,0.005600000000000001,492944400.0,31.71,124485880336.87
600011,2023-02-10,7.94,8.13,8.23,7.9,76108500.0,0.0069,613521200.0,32.23,127625499008.67
600011,2023-02-13,8.25,7.81,8.53,7.75,134270500.0,0.012199999999999999,1073405399.9999999,31.4,122602109133.79
600011,2023-02-14,7.81,8.08,8.16,7.81,73592100.0,0.0067,590706400.0,32.1,126840594340.72
600011,2023-02-15,8.1,8.16,8.23,7.98,57716900.0,0.0052,467151800.0,32.31,128096441809.44
600011,2023-02-16,8.13,8.08,8.27,7.97,60012100.0,0.0055000000000000005,485906800.0,32.1,126840594340.72
600011,2023-02-17,8.04,7.89,8.1,7.88,51402500.0,0.004699999999999999,410617600.0,31.61,123857956602.51
600011,2023-02-20,7.88,7.93,8.03,7.85,43260000.0,0.0039000000000000003,342227200.0,31.71,124485880336.87
600011,2023-02-21,7.82,7.9,7.99,7.7,49024600.0,0.0045000000000000005,385461300.0,31.63,124014937536.1
600011,2023-02-22,7.85,7.86,8.0,7.8,31235500.0,0.0028000000000000004,246022100.0,31.53,123387013801.74
600011,2023-02-23,7.77,7.86,7.9,7.6,69563100.0,0.0063,537593700.0,31.53,123387013801.74
600011,2023-02-24,7.84,7.91,7.95,7.74,43031900.0,0.0039000000000000003,338462300.00000006,31.66,124171918469.69
600011,2023-02-27,7.91,7.81,7.92,7.73,48472200.0,0.0044,377633500.0,31.4,122602109133.79
600011,2023-02-28,7.79,8.17,8.21,7.79,53244300.0,0.0048,428967800.0,32.33,128253422743.03
600011,2023-03-01,8.2,8.36,8.42,8.1,66419900.0,0.006,549073400.0,32.83,131236060481.24
600011,2023-03-02,8.32,8.28,8.37,8.23,29598800.0,0.0027,245094600.0,32.62,129980213012.52
600011,2023-03-03,8.28,8.37,8.49,8.13,34882600.0,0.0032,291613700.0,32.85,131393041414.83
600011,2023-03-06,8.37,8.7,8.95,8.35,71791300.0,0.006500000000000001,622417100.0,33.71,136573412223.3
600011,2023-03-07,8.67,8.61,8.93,8.53,71299100.0,0.006500000000000001,620742700.0,33.48,135160583820.99
600011,2023-03-08,8.59,8.47,8.61,8.37,43185400.0,0.0039000000000000003,364651200.0,33.11,132962850750.73
600011,2023-03-09,8.47,8.53,8.7,8.38,46131400.0,0.0042,392182300.00000006,33.27,133904736352.27
600011,2023-03-10,8.47,8.39,8.54,8.29,39050700.0,0.0036,327470300.0,32.91,131707003282.01
600011,2023-03-13,8.39,8.42,8.51,8.29,27442600.0,0.0025,230405800.00000003,32.98,132177946082.78
600011,2023-03-14,8.37,8.59,8.78,8.32,54288400.0,0.0049,465404200.0,33.43,134846621953.81
600011,2023-03-15,8.6,8.92,9.02,8.35,68647300.0,0.0062,600065000.0,34.28,140026992762.28
600011,2023-03-16,8.89,9.0,9.1,8.68,68758400.0,0.0063,617348400.0,34.49,141282840231.0
600011,2023-03-17,8.95,8.9,9.35,8.85,95237200.0,0.0087,872072300.0,34.23,139713030895.1
600011,2023-03-20,8.96,8.66,9.02,8.61,67816200.0,0.0062,592983000.0,33.61,135945488488.94
600011,2023-03-21,8.66,8.69,8.9,8.6,34347100.0,0.0031,300026900.0,33.69,136416431289.71
600011,2023-03-22,8.73,8.53,8.74,8.38,54958400.0,0.005,467255600.0,33.27,133904736352.27
600011,2023-03-23,8.52,8.71,8.8,8.4,49880800.0,0.0045000000000000005,429603399.99999994,33.74,136730393156.89
600011,2023-03-24,8.69,8.69,8.77,8.57,24687400.0,0.0022,214112300.0,33.69,136416431289.71
600011,2023-03-27,8.69,8.56,8.7,8.35,63736500.0,0.0058,538746100.0,33.35,134375679153.04
600011,2023-03-28,8.47,8.47,8.56,8.39,44661800.0,0.0040999999999999995,377533200.0,33.11,132962850750.73
600011,2023-03-29,8.5,8.49,8.71,8.41,38865800.0,0.0034999999999999996,330285800.0,33.17,133276812617.91
600011,2023-03-30,8.41,8.53,8.66,8.35,34761900.0,0.0032,295209800.0,33.27,133904736352.27
600011,2023-03-31,8.51,8.57,8.65,8.49,32631300.0,0.003,279492600.0,33.37,134532660086.63
600011,2023-04-03,8.56,8.39,8.56,8.18,85684200.0,0.0078000000000000005,714943900.0,32.91,131707003282.01
600011,2023-04-04,8.37,8.31,8.38,8.08,136417900.0,0.0124,1124719900.0,32.7,130451155813.29
600011,2023-04-06,8.27,8.28,8.38,8.16,45726700.0,0.0042,378858100.0,32.62,129980213012.52
600011,2023-04-07,8.27,8.52,8.55,8.22,34666300.0,0.0032,290866100.0,33.24,133747755418.68
600011,2023-04-10,8.46,8.85,9.0,8.45,61672600.0,0.005600000000000001,545234800.0,34.1,138928126227.15
600011,2023-04-11,8.85,8.88,8.93,8.74,32521700.0,0.003,287331100.0,34.18,139399069027.92
600011,2023-04-12,8.88,8.73,8.89,8.61,31699000.0,0.0029,276029600.0,33.79,137044355024.07
600011,2023-04-13,8.73,8.76,8.86,8.58,50507500.0,0.0046,439970400.0,33.87,137515297824.84
600011,2023-04-14,8.78,9.08,9.29,8.75,79051400.0,0.0072,717547800.0,34.7,142538687699.72
600011,2023-04-17,9.12,9.18,9.23,8.98,45269100.0,0.0040999999999999995,413024700.0,34.96,144108497035.62
600011,2023-04-18,9.21,8.85,9.27,8.74,48077700.0,0.0044,427269800.00000006,34.1,138928126227.15
600011,2023-04-19,8.84,9.03,9.1,8.78,35349100.0,0.0032,317401400.0,34.57,141753783031.77
600011,2023-04-20,9.12,8.88,9.12,8.83,26899600.0,0.0024,238991100.0,34.18,139399069027.92
600011,2023-04-21,8.88,8.73,8.96,8.69,32928900.0,0.003,289587700.0,33.79,137044355024.07
600011,2023-04-24,8.78,8.92,9.09,8.68,47717200.0,0.0043,426565400.0,34.28,140026992762.28
600011,2023-04-25,9.0,9.07,9.17,8.88,57048600.0,0.0052,516589600.0,34.67,142381706766.13
600011,2023-04-26,9.6,9.56,9.85,9.3,145239100.0,0.0132,1395880900.0,35.95,150073772512.04
600011,2023-04-27,9.36,9.65,9.8,9.33,98796900.0,0.009000000000000001,944687700.0,36.18,151486600914.35
600011,2023-04-28,9.61,9.7,9.78,9.51,74033800.0,0.0067,715290399.9999999,36.31,152271505582.3
600011,2023-05-04,9.66,9.98,10.11,9.6,71714500.0,0.006500000000000001,710424100.0,37.04,156666971722.82
600011,2023-05-05,9.99,10.07,10.27,9.9,81206000.0,0.0074,816681000.0,37.27,158079800125.13
600011,2023-05-08,10.07,9.98,10.51,9.93,81083700.0,0.0074,823371200.0,37.04,156666971722.82
600011,2023-05-09,9.95,9.76,10.02,9.72,64746100.0,0.0059,638150100.0,36.47,153213391183.84
600011,2023-05-10,9.76,9.64,9.87,9.55,31909100.0,0.0029,309520500.0,36.16,151329619980.76
600011,2023-05-11,9.64,9.69,9.86,9.51,44111300.0,0.004,426391000.0,36.29,152114524648.71
600011,2023-05-12,9.68,9.86,10.21,9.65,76845000.0,0.006999999999999999,767809000.0,36.73,154783200519.74
600011,2023-05-15,9.97,9.31,10.19,9.22,178173700.0,0.016200000000000003,1693657500.0,35.3,146149249172.29
600011,2023-05-16,9.33,9.37,9.62,9.17,96883400.0,0.0088,911004100.0,35.45,147091134773.83
600011,2023-05-17,9.35,9.47,9.58,9.26,59521200.0,0.0054,562902400.0,35.71,148660944109.73
600011,2023-05-18,9.5,9.47,9.77,9.41,59460000.0,0.0054,568869200.0,35.71,148660944109.73
600011,2023-05-19,9.52,9.29,9.6,9.28,43235300.0,0.0039000000000000003,407667300.00000006,35.25,145835287305.11
600011,2023-05-22,9.27,9.6,9.8,9.25,84885900.0,0.0077,814267000.0,36.05,150701696246.4
600011,2023-05-23,9.65,9.31,9.7,9.27,50785500.0,0.0046,478876800.0,35.3,146149249172.29
600011,2023-05-24,9.31,9.16,9.34,9.07,46475300.0,0.0042,426552300.00000006,34.91,143794535168.44
600011,2023-05-25,9.14,9.41,9.52,9.1,49533000.0,0.0045000000000000005,464492900.0,35.56,147719058508.19
600011,2023-05-26,9.46,9.71,9.87,9.46,90671500.0,0.008199999999999999,880559100.0,36.34,152428486515.89
600011,2023-05-29,9.68,10.29,10.45,9.68,123547500.0,0.011200000000000002,1256200500.0,37.85,161533380664.11
600011,2023-05-30,10.27,10.24,10.33,10.0,71962100.0,0.006500000000000001,729731500.0,37.72,160748475996.16
600011,2023-05-31,10.22,10.18,10.55,10.07,63896400.0,0.0058,654856900.0,37.56,159806590394.62
600011,2023-06-01,10.19,10.09,10.33,9.92,70145300.0,0.0064,709735900.0,37.33,158393761992.31
600011,2023-06-02,10.11,9.87,10.21,9.74,84307500.0,0.0077,835369600.0000001,36.75,154940181453.33
600011,2023-06-05,9.85,9.88,10.1,9.69,60600300.0,0.0055000000000000005,600630200.0,36.78,155097162386.92
600011,2023-06-06,9.8,9.46,9.84,9.43,66561800.0,0.0060999999999999995,636009300.0,35.69,148503963176.14
600011,2023-06-07,9.49,9.34,9.54,9.25,80273100.0,0.0073,748438000.0,35.38,146620191973.06
600011,2023-06-08,9.34,9.45,9.5,9.18,48067700.0,0.0044,449686100.0,35.66,148346982242.55
600011,2023-06-09,9.45,9.57,9.68,9.36,58252100.0,0.0053,556974400.0,35.97,150230753445.63
600011,2023-06-12,9.63,8.95,9.67,8.92,123419800.0,0.011200000000000002,1127316700.0,34.36,140497935563.05
600011,2023-06-13,8.94,8.8,9.06,8.77,75592900.0,0.0069,670391799.9999999,33.97,138143221559.2
600011,2023-06-14,8.9,8.72,8.92,8.67,70815000.0,0.0064,620698200.0,33.76,136887374090.48
600011,2023-06-15,8.74,8.69,8.78,8.54,82399900.0,0.0075,711616400.0,33.69,136416431289.71
600011,2023-06-16,8.73,8.5,8.74,8.48,121699900.0,0.0111,1040270200.0,33.19,133433793551.5
600011,2023-06-19,8.54,8.84,8.88,8.46,116125400.0,0.0106,1010173200.0000001,34.08,138771145293.56
600011,2023-06-20,8.81,8.8,8.92,8.65,89074400.0,0.008100000000000001,782704700.0,33.97,138143221559.2
600011,2023-06-21,8.81,8.84,9.1,8.79,102562500.0,0.009300000000000001,916941900.0,34.08,138771145293.56
600011,2023-06-26,8.93,9.15,9.35,8.89,138187200.0,0.0126,1264296500.0,34.88,143637554234.85
600011,2023-06-27,9.16,9.15,9.2,8.84,81223300.0,0.0074,736712300.0,34.88,143637554234.85
600011,2023-06-28,9.1,9.33,9.4,9.08,73340600.0,0.0067,681045800.0,35.35,146463211039.47
600011,2023-06-29,9.32,9.25,9.35,9.11,45545200.0,0.0040999999999999995,419948500.0,35.14,145207363570.75
600011,2023-06-30,9.26,9.26,9.37,9.08,55905900.0,0.0051,515905100.0,35.17,145364344504.34
600011,2023-07-03,9.28,9.3,9.52,9.21,64813900.0,0.0059,607527500.0,35.27,145992268238.7
600011,2023-07-04,9.3,9.38,9.48,9.23,56723800.0,0.0052,531362800.0,35.48,147248115707.42
600011,2023-07-05,9.28,9.45,9.49,9.28,41728000.0,0.0038,393019800.00000006,35.66,148346982242.55
600011,2023-07-06,9.46,9.39,9.52,9.34,28778200.0,0.0026,271201600.0,35.51,147405096641.01
600011,2023-07-07,9.38,9.43,9.61,9.36,40769000.0,0.0037,386798600.0,35.61,148033020375.37
600011,2023-07-10,9.54,9.58,9.82,9.49,63525400.0,0.0058,611129100.0,36.0,150387734379.22
600011,2023-07-11,9.58,9.53,9.61,9.41,29470600.0,0.0027,280116800.0,35.87,149602829711.27
600011,2023-07-12,9.61,9.5,9.62,9.46,35930400.0,0.0033,342127200.0,35.79,149131886910.5
600011,2023-07-13,9.44,9.47,9.52,9.33,34270200.0,0.0031,323325500.0,35.71,148660944109.73
600011,2023-07-14,9.42,9.16,9.45,9.11,84032000.0,0.0076,773017300.0,34.91,143794535168.44
600011,2023-07-17,9.37,9.35,9.41,9.2,56176700.0,0.0051,523845700.0,35.4,146777172906.65
600011,2023-07-18,9.37,9.3,9.4,9.13,37576100.0,0.0034000000000000002,349058100.0,35.27,145992268238.7
600011,2023-07-19,9.3,9.26,9.33,9.18,23443900.0,0.0021,216780200.0,35.17,145364344504.34
600011,2023-07-20,9.27,9.07,9.27,9.06,27917200.0,0.0025,255151900.0,34.67,142381706766.13
600011,2023-07-21,9.07,9.12,9.18,8.99,37401100.0,0.0034000000000000002,339872400.0,34.8,143166611434.08
600011,2023-07-24,9.05,9.26,9.3,8.93,45816300.0,0.0042,420144000.0,35.17,145364344504.34
600011,2023-07-25,9.2,8.63,9.25,8.47,177847300.0,0.016200000000000003,1543113200.0,33.53,135474545688.17
600011,2023-07-26,8.55,8.69,8.74,8.4,108118600.0,0.0098,928786500.0,33.69,136416431289.71
600011,2023-07-27,8.6,8.51,8.69,8.46,79522900.0,0.0072,679687700.0,33.22,133590774485.09
600011,2023-07-28,8.45,8.57,8.66,8.41,61280800.0,0.005600000000000001,522811200.0,33.37,134532660086.63
600011,2023-07-31,8.54,8.6,8.61,8.44,81103600.0,0.0074,691842300.0,33.45,135003602887.4
600011,2023-08-01,8.6,8.95,8.98,8.51,108919700.0,0.009899999999999999,961588500.0,34.36,140497935563.05
600011,2023-08-02,8.9,8.91,8.97,8.75,60106800.0,0.0055000000000000005,533605899.99999994,34.26,139870011828.69
600011,2023-08-03,8.9,9.02,9.08,8.83,43397000.0,0.0039000000000000003,390323100.0,34.54,141596802098.18
600011,2023-08-04,9.0,8.95,9.1,8.81,55487800.0,0.005,497117600.0,34.36,140497935563.05
600011,2023-08-07,8.98,9.13,9.17,8.87,50001400.0,0.0045000000000000005,452917000.0,34.83,143323592367.67
600011,2023-08-08,9.12,9.05,9.35,9.0,39909200.0,0.0036,364462500.0,34.62,142067744898.95
600011,2023-08-09,9.05,8.9,9.05,8.8,47110000.0,0.0043,417972699.99999994,34.23,139713030895.1
600011,2023-08-10,8.92,8.84,9.05,8.83,30828500.0,0.0028000000000000004,274661400.0,34.08,138771145293.56
600011,2023-08-11,8.84,8.8,8.89,8.73,37194000.0,0.0034000000000000002,327827300.00000006,33.97,138143221559.2
600011,2023-08-14,8.79,9.09,9.15,8.69,57862200.0,0.0053,521813600.0,34.73,142695668633.31
600011,2023-08-15,9.1,9.28,9.49,9.04,70436800.0,0.0064,656855500.0,35.22,145678306371.52
600011,2023-08-16,9.21,9.19,9.28,9.12,38849800.0,0.0034999999999999996,357374100.00000006,34.99,144265477969.21
600011,2023-08-17,9.2,9.06,9.21,8.94,34912000.0,0.0032,315021900.0,34.65,142224725832.54
600011,2023-08-18,9.03,8.96,9.14,8.96,16626100.0,0.0015,150206600.0,34.39,140654916496.64
600011,2023-08-21,8.92,8.8,8.95,8.8,22011100.0,0.002,195259199.99999997,33.97,138143221559.2
600011,2023-08-22,8.81,8.87,8.93,8.69,29135200.0,0.0026,256506699.99999997,34.15,139242088094.33
600011,2023-08-23,8.86,8.58,8.93,8.57,33336600.0,0.003,290333100.0,33.4,134689641020.22
600011,2023-08-24,8.59,8.53,8.67,8.42,27788900.0,0.0025,236880500.0,33.27,133904736352.27
600011,2023-08-25,8.52,8.55,8.64,8.41,23583300.0,0.0021,201580600.0,33.32,134218698219.45
600011,2023-08-28,8.94,8.22,8.95,8.17,87688800.0,0.008,735583600.0,32.46,129038327410.98
600011,2023-08-29,8.21,8.2,8.27,8.1,57171400.0,0.0052,468249600.0,32.41,128724365543.8
600011,2023-08-30,8.23,8.14,8.36,8.1,50082700.0,0.0046,410196100.0,32.26,127782479942.26
600011,2023-08-31,8.12,8.15,8.19,7.98,55525900.0,0.005,449039400.0,32.28,127939460875.85
600011,2023-09-01,8.09,8.01,8.11,7.95,39515300.0,0.0036,316690200.0,31.92,125741727805.59
600011,2023-09-04,8.0,7.8,8.01,7.69,131185500.0,0.011899999999999999,1022468800.0,31.37,122445128200.2
600011,2023-09-05,7.81,8.02,8.09,7.78,127992700.0,0.0116,1019050900.0,31.94,125898708739.18
600011,2023-09-06,8.03,8.01,8.07,7.91,64750100.0,0.0059,518347200.0,31.92,125741727805.59
600011,2023-09-07,8.02,7.91,8.02,7.89,34929100.0,0.0032,277217300.0,31.66,124171918469.69
600011,2023-09-08,7.89,8.36,8.51,7.86,123022900.0,0.011200000000000002,1014993000.0,32.83,131236060481.24
600011,2023-09-11,8.35,8.27,8.44,8.23,88995400.0,0.008100000000000001,741697100.0000001,32.59,129823232078.93
600011,2023-09-12,8.27,8.42,8.57,8.25,68835000.0,0.0063,582689400.0,32.98,132177946082.78
600011,2023-09-13,8.43,8.42,8.5,8.32,28768300.0,0.0026,241483700.0,32.98,132177946082.78
600011,2023-09-14,8.4,8.59,8.67,8.4,72274600.0,0.0066,620015500.0,33.43,134846621953.81
600011,2023-09-15,8.56,8.33,8.62,8.29,50136700.0,0.0046,421210800.0,32.75,130765117680.47
600011,2023-09-18,8.33,8.2,8.41,8.17,48899500.0,0.0044,402421100.0,32.41,128724365543.8
600011,2023-09-19,8.21,8.23,8.27,8.13,34669800.0,0.0032,284798600.0,32.49,129195308344.57
600011,2023-09-20,8.23,8.1,8.24,8.07,27420000.0,0.0025,222389700.0,32.15,127154556207.9
600011,2023-09-21,8.08,8.09,8.25,8.04,35342300.0,0.0032,287477700.0,32.13,126997575274.31
600011,2023-09-22,8.11,8.04,8.2,7.99,38716000.0,0.0034999999999999996,311932800.0,32.0,126212670606.36
600011,2023-09-25,8.04,8.01,8.1,7.99,30646200.0,0.0028000000000000004,245749400.0,31.92,125741727805.59
600011,2023-09-26,8.02,7.98,8.05,7.9,37771300.0,0.0034000000000000002,300732300.0,31.84,125270785004.82
600011,2023-09-27,8.0,7.91,8.1,7.91,32379400.0,0.0029,258304199.99999997,31.66,124171918469.69
600011,2023-09-28,7.9,7.87,7.95,7.84,34745700.0,0.0032,273509400.0,31.55,123543994735.33
600011,2023-10-09,7.87,7.87,7.91,7.8,26830300.0,0.0024,211126800.0,31.55,123543994735.33
600011,2023-10-10,7.95,7.71,7.95,7.69,47959800.0,0.0044,371807400.0,31.14,121032299797.89
600011,2023-10-11,7.71,7.65,7.82,7.61,43379500.0,0.0039000000000000003,333761800.0,30.98,120090414196.35
600011,2023-10-12,7.65,7.81,7.83,7.63,46756400.0,0.0043,362646000.0,31.4,122602109133.79
600011,2023-10-13,7.89,7.65,7.93,7.61,43659900.0,0.004,336081100.0,30.98,120090414196.35
600011,2023-10-16,7.6,7.59,7.67,7.51,35104000.0,0.0032,265675200.0,30.83,119148528594.81
600011,2023-10-17,7.56,7.63,7.72,7.51,45585100.0,0.0040999999999999995,347684600.0,30.93,119776452329.17
600011,2023-10-18,7.6,7.46,7.6,7.41,32079500.0,0.0029,239736400.0,30.49,117107776458.14
600011,2023-10-19,7.43,7.37,7.46,7.32,36183800.0,0.0033,267117200.0,30.25,115694948055.83
600011,2023-10-20,7.35,7.38,7.41,7.24,26434800.0,0.0024,194842100.0,30.28,115851928989.42
600011,2023-10-23,7.36,7.29,7.46,7.17,38488300.0,0.0034999999999999996,281655800.0,30.05,114439100587.11
600011,2023-10-24,7.27,7.2,7.29,7.13,39852500.0,0.0036,286821400.0,29.81,113026272184.8
600011,2023-10-25,7.35,7.1,7.38,6.9,100099500.0,0.0091,706578300.0,29.55,111456462848.9
600011,2023-10-26,7.01,7.41,7.46,6.98,88457700.0,0.008,644102800.0,30.36,116322871790.19
600011,2023-10-27,7.43,7.72,7.85,7.41,91128700.0,0.0083,696455700.0000001,31.16,121189280731.48
600011,2023-10-30,7.72,7.64,7.74,7.54,56902900.0,0.0052,433355899.99999994,30.96,119933433262.76
600011,2023-10-31,7.68,7.61,7.72,7.54,39812800.0,0.0036,303041000.0,30.88,119462490461.99
600011,2023-11-01,7.63,7.61,7.68,7.56,24646100.0,0.0022,187838600.0,30.88,119462490461.99
600011,2023-11-02,7.63,7.62,7.73,7.61,29863500.0,0.0027,229063300.00000003,30.9,119619471395.58
600011,2023-11-03,7.62,7.67,7.84,7.59,41719400.0,0.0038,322713500.0,31.03,120404376063.53
600011,2023-11-06,7.7,7.62,7.72,7.54,49117500.0,0.0045000000000000005,374747100.0,30.9,119619471395.58
600011,2023-11-07,7.59,7.53,7.6,7.48,40110200.0,0.0036,301760400.0,30.67,118206642993.27
600011,2023-11-08,7.51,7.53,7.6,7.44,32257000.0,0.0029,242994500.0,30.67,118206642993.27
600011,2023-11-09,7.51,7.54,7.69,7.47,38888600.0,0.0034999999999999996,294426600.0,30.7,118363623926.86
600011,2023-11-10,7.52,7.61,7.68,7.33,65878700.0,0.006,495504500.0,30.88,119462490461.99
600011,2023-11-13,7.71,7.59,7.89,7.43,110750600.0,0.0101,845067400.0,30.83,119148528594.81
600011,2023-11-14,7.55,7.59,7.8,7.51,73108400.0,0.0066,560076500.0,30.83,119148528594.81
600011,2023-11-15,7.63,7.58,7.66,7.53,39140000.0,0.0036,296285800.0,30.8,118991547661.22
600011,2023-11-16,7.58,7.6,7.67,7.53,49364100.0,0.0045000000000000005,375288800.0,30.85,119305509528.4
600011,2023-11-17,7.62,7.71,7.79,7.55,63459600.0,0.0058,487388200.0,31.14,121032299797.89
600011,2023-11-20,7.7,7.65,7.82,7.64,61869300.0,0.005600000000000001,477269500.0,30.98,120090414196.35
600011,2023-11-21,7.65,7.55,7.69,7.53,46976900.0,0.0043,356658900.0,30.72,118520604860.45
600011,2023-11-22,7.57,7.57,7.64,7.53,41957700.0,0.0038,318627300.0,30.77,118834566727.63
600011,2023-11-23,7.54,7.52,7.63,7.46,40378000.0,0.0037,303801100.0,30.64,118049662059.68
600011,2023-11-24,7.52,7.4,7.55,7.39,37148800.0,0.0034000000000000002,277080100.0,30.33,116165890856.6
600011,2023-11-27,7.37,7.51,7.57,7.31,49376700.0,0.0045000000000000005,367630000.0,30.62,117892681126.09
600011,2023-11-28,7.51,7.48,7.51,7.31,43354400.0,0.0039000000000000003,320759300.0,30.54,117421738325.32
600011,2023-11-29,7.46,7.37,7.53,7.34,34110800.0,0.0031,252905600.0,30.25,115694948055.83
600011,2023-11-30,7.4,7.71,7.72,7.38,106615000.0,0.0097,812410100.0,31.14,121032299797.89
600011,2023-12-01,7.72,7.66,7.72,7.58,39044600.0,0.0036,298643700.0,31.01,120247395129.94
600011,2023-12-04,7.66,7.7,7.73,7.61,31116000.0,0.0028000000000000004,239021600.0,31.11,120875318864.3
600011,2023-12-05,7.67,7.66,7.85,7.65,43627100.0,0.004,337956400.0,31.01,120247395129.94
600011,2023-12-06,7.63,7.59,7.65,7.47,36776500.0,0.0033,278277100.0,30.83,119148528594.81
600011,2023-12-07,7.65,7.75,7.88,7.61,49828200.0,0.0045000000000000005,385924200.0,31.24,121660223532.25
600011,2023-12-08,7.75,7.78,7.91,7.69,50184000.0,0.0046,391665300.0,31.32,122131166333.02
600011,2023-12-11,7.78,7.91,7.91,7.57,59811500.0,0.0054,465735899.99999994,31.66,124171918469.69
600011,2023-12-12,7.89,7.87,7.97,7.84,33275700.0,0.003,262650300.0,31.55,123543994735.33
600011,2023-12-13,7.87,7.85,7.96,7.83,30416500.0,0.0028000000000000004,239274199.99999997,31.5,123230032868.15
600011,2023-12-14,7.83,7.77,7.9,7.75,38597600.0,0.0034999999999999996,301111200.0,31.29,121974185399.43
600011,2023-12-15,7.77,7.58,7.82,7.54,45824000.0,0.0042,350554600.0,30.8,118991547661.22
600011,2023-12-18,7.56,7.57,7.69,7.51,33434900.0,0.003,253880400.0,30.77,118834566727.63
600011,2023-12-19,7.57,7.52,7.6,7.45,25798200.0,0.0023,193631600.0,30.64,118049662059.68
600011,2023-12-20,7.6,7.79,7.94,7.6,88220800.0,0.008,691087500.0,31.35,122288147266.61
600011,2023-12-21,7.78,7.74,7.78,7.65,42671400.0,0.0039000000000000003,329081800.0,31.22,121503242598.66
600011,2023-12-22,7.72,7.7,7.76,7.62,42802000.0,0.0039000000000000003,329181300.0,31.11,120875318864.3
600011,2023-12-25,7.69,7.84,7.87,7.61,30130900.0,0.0027,233562400.00000003,31.48,123073051934.56
600011,2023-12-26,7.79,7.87,7.94,7.75,35039600.0,0.0032,274800800.0,31.55,123543994735.33
600011,2023-12-27,7.81,7.97,7.98,7.79,50579700.0,0.0046,399220500.0,31.81,125113804071.23
600011,2023-12-28,7.96,7.82,8.05,7.74,71737000.0,0.006500000000000001,561520500.0,31.42,122759090067.38
600011,2023-12-29,7.8,7.7,7.84,7.68,46224000.0,0.0042,358085500.0,31.11,120875318864.3
600011,2024-01-02,7.66,8.0,8.04,7.66,70604000.0,0.0064,557412600.0,31.89,125584746872.0
600011,2024-01-03,7.97,8.33,8.37,7.91,89246700.0,0.008100000000000001,731106600.0,32.75,130765117680.47
600011,2024-01-04,8.32,8.42,8.44,8.16,66736700.0,0.0060999999999999995,554867900.0,32.98,132177946082.78
600011,2024-01-05,8.35,8.35,8.55,8.28,66348100.0,0.006,558303400.0,32.8,131079079547.65
600011,2024-01-08,8.3,8.45,8.53,8.21,61389900.0,0.005600000000000001,516924500.0,33.06,132648888883.55
600011,2024-01-09,8.44,8.55,8.58,8.29,52345600.0,0.0048,443583100.0,33.32,134218698219.45
600011,2024-01-10,8.51,8.58,8.67,8.47,37658800.0,0.0034000000000000002,322723300.0,33.4,134689641020.22
600011,2024-01-11,8.57,8.37,8.58,8.33,59359400.0,0.0054,499778000.0,32.85,131393041414.83
600011,2024-01-12,8.37,8.45,8.52,8.33,37927300.0,0.0034000000000000002,320239200.0,33.06,132648888883.55
600011,2024-01-15,8.44,8.61,8.65,8.4,51319400.0,0.004699999999999999,440446000.0,33.48,135160583820.99
600011,2024-01-16,8.53,8.65,8.72,8.45,46614600.0,0.0042,400422900.0,33.58,135788507555.35
600011,2024-01-17,8.64,8.55,8.71,8.55,30318200.0,0.0028000000000000004,261690500.0,33.32,134218698219.45
600011,2024-01-18,8.53,8.44,8.59,8.18,76745700.0,0.006999999999999999,641446400.0,33.04,132491907949.96
600011,2024-01-19,8.41,8.18,8.42,8.1,83220600.0,0.0076,683751900.0,32.36,128410403676.62
600011,2024-01-22,8.15,8.06,8.28,8.0,52927500.0,0.0048,431698700.0,32.05,126526632473.54
600011,2024-01-23,8.04,8.25,8.33,7.9,53446700.0,0.0049,434096400.0,32.54,129509270211.75
600011,2024-01-24,8.29,8.45,8.47,8.21,42729300.0,0.0039000000000000003,356688900.0,33.06,132648888883.55
600011,2024-01-25,8.47,8.69,8.69,8.4,45176300.0,0.0040999999999999995,388152800.0,33.69,136416431289.71
600011,2024-01-26,8.64,8.88,8.89,8.61,50491400.0,0.0046,442877800.0,34.18,139399069027.92
600011,2024-01-29,8.9,8.92,9.13,8.81,61524400.0,0.005600000000000001,552003100.0,34.28,140026992762.28
600011,2024-01-30,8.86,8.75,8.92,8.7,43910000.0,0.004,386911800.0,33.84,137358316891.25
600011,2024-01-31,8.35,8.76,8.94,8.26,104902000.0,0.0095,910634299.9999999,33.87,137515297824.84
600011,2024-02-01,8.68,8.49,8.7,8.42,61618500.0,0.005600000000000001,526069100.00000006,33.17,133276812617.91
600011,2024-02-02,8.49,8.66,8.79,8.42,53919900.0,0.0049,465908700.0,33.61,135945488488.94
600011,2024-02-05,8.65,8.55,8.9,8.46,73583600.0,0.0067,636195400.0,33.32,134218698219.45
600011,2024-02-06,8.54,8.55,8.7,8.31,64468800.0,0.0059,546525900.0,33.32,134218698219.45
600011,2024-02-07,8.54,8.52,8.55,8.22,73882900.0,0.0067,616195400.0,33.24,133747755418.68
600011,2024-02-08,8.35,8.74,8.74,8.27,51788000.0,0.004699999999999999,439591200.0,33.82,137201335957.66
600011,2024-02-19,8.76,8.99,8.99,8.68,49008800.0,0.0045000000000000005,433710100.0,34.47,141125859297.41
600011,2024-02-20,8.92,8.95,9.18,8.82,42238800.0,0.0038,380633100.0,34.36,140497935563.05
600011,2024-02-21,8.93,8.81,9.04,8.77,58673600.0,0.0053,519082300.00000006,34.0,138300202492.79
600011,2024-02-22,8.78,8.98,8.98,8.75,49505000.0,0.0045000000000000005,440239800.00000006,34.44,140968878363.82
600011,2024-02-23,8.97,8.98,9.1,8.91,48945500.0,0.0045000000000000005,440616000.0,34.44,140968878363.82
600011,2024-02-26,8.95,8.73,8.97,8.65,54500900.0,0.005,479853300.0,33.79,137044355024.07
600011,2024-02-27,8.68,8.63,8.79,8.55,54395700.0,0.0049,469062800.0,33.53,135474545688.17
600011,2024-02-28,8.59,8.89,9.0,8.56,79414700.0,0.0072,699789700.0,34.21,139556049961.51
600011,2024-02-29,8.79,8.82,8.83,8.67,51752100.0,0.004699999999999999,452951600.00000006,34.02,138457183426.38
600011,2024-03-01,8.81,8.63,8.91,8.62,53773500.0,0.0049,467527699.99999994,33.53,135474545688.17
600011,2024-03-04,8.6,8.95,8.96,8.58,64571800.0,0.0059,566496100.0,34.36,140497935563.05
600011,2024-03-05,8.94,9.13,9.24,8.88,71403900.0,0.006500000000000001,650961300.0,34.83,143323592367.67
600011,2024-03-06,9.13,9.1,9.4,9.0,59103500.0,0.0054,542209000.0,34.75,142852649566.9
600011,2024-03-07,9.06,9.28,9.37,9.0,52826600.0,0.0048,488429600.0,35.22,145678306371.52
600011,2024-03-08,9.23,9.45,9.49,9.16,50783000.0,0.0046,476160600.0,35.66,148346982242.55
600011,2024-03-11,9.49,9.37,9.59,9.18,50176500.0,0.0046,468124900.0,35.45,147091134773.83
600011,2024-03-12,9.32,9.01,9.35,8.93,63290700.0,0.0058,574616600.0,34.52,141439821164.59
600011,2024-03-13,8.95,9.05,9.07,8.82,51470100.0,0.004699999999999999,461545000.0,34.62,142067744898.95
600011,2024-03-14,9.05,9.14,9.19,8.98,40856100.0,0.0037,371375700.0,34.86,143480573301.26
600011,2024-03-15,9.13,9.28,9.37,9.07,49950900.0,0.0045000000000000005,461841800.0,35.22,145678306371.52
600011,2024-03-18,9.3,9.28,9.64,9.11,60435500.0,0.0055000000000000005,566132600.0,35.22,145678306371.52
600011,2024-03-19,9.25,9.18,9.32,9.09,36935500.0,0.0034000000000000002,339049300.0,34.96,144108497035.62
600011,2024-03-20,9.08,9.11,9.19,8.9,48141700.0,0.0044,436171200.0,34.78,143009630500.49
600011,2024-03-21,9.09,8.99,9.15,8.96,43408800.0,0.0039000000000000003,391594100.00000006,34.47,141125859297.41
600011,2024-03-22,8.98,9.0,9.04,8.82,40511200.0,0.0037,362007600.0,34.49,141282840231.0
600011,2024-03-25,8.96,9.07,9.15,8.9,38145300.0,0.0034999999999999996,346726500.0,34.67,142381706766.13
600011,2024-03-26,9.01,9.27,9.29,8.93,44409000.0,0.004,405776400.0,35.19,145521325437.93
600011,2024-03-27,9.26,9.17,9.33,9.15,44120900.0,0.004,407843800.0,34.93,143951516102.03
600011,2024-03-28,9.18,9.15,9.25,8.98,38806200.0,0.0034999999999999996,353270000.0,34.88,143637554234.85
600011,2024-03-29,9.14,9.38,9.38,9.11,38821500.0,0.0034999999999999996,360672000.0,35.48,147248115707.42
600011,2024-04-01,9.37,9.2,9.41,9.1,52540700.0,0.0048,483904800.00000006,35.01,144422458902.8
600011,2024-04-02,9.17,9.45,9.49,9.16,47925700.0,0.0044,450341900.0,35.66,148346982242.55
600011,2024-04-03,9.42,9.44,9.52,9.27,32736100.0,0.003,307574100.0,35.64,148190001308.96
600011,2024-04-08,9.39,9.83,10.03,9.38,74528400.0,0.0068000000000000005,727962200.0,36.65,154312257718.97
600011,2024-04-09,9.8,9.78,9.86,9.63,35654100.0,0.0032,347649000.0,36.52,153527353051.02
600011,2024-04-10,9.75,9.79,10.0,9.72,41360800.0,0.0038,407870199.99999994,36.55,153684333984.61
600011,2024-04-11,9.72,9.96,10.03,9.68,45212000.0,0.0040999999999999995,447464100.00000006,36.99,156353009855.64
600011,2024-04-12,9.99,10.1,10.2,9.96,40866900.0,0.0037,412801300.0,37.35,158550742925.9
600011,2024-04-15,10.09,10.14,10.2,9.89,47115700.0,0.0043,474100800.0,37.46,159178666660.26
600011,2024-04-16,10.09,9.92,10.22,9.84,55996300.0,0.0051,560040000.0,36.88,155725086121.28
600011,2024-04-17,9.98,10.05,10.07,9.82,32913700.0,0.003,327772100.0,37.22,157765838257.95
600011,2024-04-18,10.02,9.62,10.1,9.52,93756500.0,0.0085,909688500.0,36.1,151015658113.58
600011,2024-04-19,9.58,9.57,9.72,9.48,52829500.0,0.0048,506325300.0,35.97,150230753445.63
600011,2024-04-22,9.61,9.5,9.79,9.33,68311500.0,0.0062,651011600.0,35.79,149131886910.5
600011,2024-04-23,9.54,9.31,9.54,9.29,42176200.0,0.0038,394401500.0,35.3,146149249172.29
600011,2024-04-24,9.69,9.72,10.08,9.62,132309200.0,0.012,1296257200.0,36.36,152585467449.48
600011,2024-04-25,9.72,9.47,9.75,9.4,61703700.0,0.005600000000000001,587737800.0,35.71,148660944109.73
600011,2024-04-26,9.47,9.42,9.51,9.31,64380200.0,0.0059,605413600.0,35.58,147876039441.78
600011,2024-04-29,9.36,9.22,9.38,9.06,104336600.0,0.0095,957219000.0,35.06,144736420769.98
600011,2024-04-30,9.21,9.36,9.4,9.13,83887300.0,0.0076,777700000.0,35.43,146934153840.24
600011,2024-05-06,9.33,9.44,9.45,9.15,80063400.0,0.0073,747719400.0,35.64,148190001308.96
600011,2024-05-07,9.36,9.23,9.48,9.21,69277400.0,0.0063,643988400.0,35.09,144893401703.57
600011,2024-05-08,9.2,9.15,9.28,9.13,64325500.0,0.0058,591283000.0,34.88,143637554234.85
600011,2024-05-09,9.2,9.17,9.2,9.01,70540900.0,0.0064,642329900.0,34.93,143951516102.03
600011,2024-05-10,9.14,9.26,9.27,9.14,81362200.0,0.0074,749705800.0,35.17,145364344504.34
600011,2024-05-13,9.25,9.46,9.54,9.17,115065400.0,0.0105,1080041100.0,35.69,148503963176.14
600011,2024-05-14,9.45,9.49,9.55,9.3,72243000.0,0.0066,683612700.0,35.77,148974905976.91
600011,2024-05-15,9.45,9.12,9.57,9.06,79660800.0,0.0072,738217899.9999999,34.8,143166611434.08
600011,2024-05-16,9.16,8.93,9.18,8.89,81661500.0,0.0074,733179299.9999999,34.31,140183973695.87
600011,2024-05-17,8.89,8.81,8.96,8.75,77801700.0,0.0070999999999999995,687213100.0,34.0,138300202492.79
600011,2024-05-20,8.8,8.96,9.02,8.75,83621900.0,0.0076,744388900.0,34.39,140654916496.64
600011,2024-05-21,8.93,8.89,8.96,8.85,37022700.0,0.0034000000000000002,329214800.00000006,34.21,139556049961.51
600011,2024-05-22,8.87,8.91,9.01,8.83,52476800.0,0.0048,468088200.0,34.26,139870011828.69
600011,2024-05-23,8.88,8.73,8.88,8.69,45720400.0,0.0042,400754700.0,33.79,137044355024.07
600011,2024-05-24,8.73,8.93,9.03,8.72,100278200.0,0.0091,898225200.0,34.31,140183973695.87
600011,2024-05-27,8.97,9.12,9.25,8.88,102251000.0,0.009300000000000001,931328800.0,34.8,143166611434.08
600011,2024-05-28,9.11,9.11,9.2,9.06,57214200.0,0.0052,522383900.0,34.78,143009630500.49
600011,2024-05-29,9.13,9.17,9.19,8.95,53195000.0,0.0048,483317500.0,34.93,143951516102.03
600011,2024-05-30,9.12,8.91,9.22,8.87,62999000.0,0.005699999999999999,567347600.0,34.26,139870011828.69
600011,2024-05-31,8.9,8.96,9.08,8.81,59600600.0,0.0054,534720100.0,34.39,140654916496.64
600011,2024-06-03,8.99,9.0,9.04,8.87,46848200.0,0.0043,419860800.0,34.49,141282840231.0
600011,2024-06-04,8.98,9.2,9.23,8.84,71706000.0,0.006500000000000001,649923900.0,35.01,144422458902.8
600011,2024-06-05,9.19,9.1,9.26,9.06,44798600.0,0.0040999999999999995,410728700.0,34.75,142852649566.9
600011,2024-06-06,9.1,9.27,9.35,9.03,79194600.0,0.0072,731638900.0,35.19,145521325437.93
600011,2024-06-07,9.21,9.4,9.46,9.2,64069500.0,0.0058,598249400.0,35.53,147562077574.6
600011,2024-06-11,9.44,9.22,9.47,9.12,67638900.0,0.0062,627380300.0,35.06,144736420769.98
600011,2024-06-12,9.21,9.34,9.38,9.12,55485900.0,0.005,512277500.0,35.38,146620191973.06
600011,2024-06-13,9.33,9.4,9.47,9.27,50457600.0,0.0046,473023000.0,35.53,147562077574.6
600011,2024-06-14,9.38,9.25,9.55,9.22,78974800.0,0.0072,743332200.0,35.14,145207363570.75
600011,2024-06-17,9.23,9.07,9.38,9.02,62978300.0,0.005699999999999999,576202300.0,34.67,142381706766.13
600011,2024-06-18,9.08,9.14,9.2,8.99,43899400.0,0.004,400261100.0,34.86,143480573301.26
600011,2024-06-19,9.15,9.04,9.21,9.04,36003200.0,0.0033,327925899.99999994,34.6,141910763965.36
600011,2024-06-20,9.01,9.12,9.15,8.99,34558000.0,0.0031,314167200.0,34.8,143166611434.08
600011,2024-06-21,9.09,9.07,9.2,8.98,40659500.0,0.0037,368905400.0,34.67,142381706766.13
600011,2024-06-24,9.05,9.25,9.33,9.04,57643700.0,0.0052,530982699.99999994,35.14,145207363570.75
600011,2024-06-25,9.27,9.25,9.3,9.05,50371100.0,0.0046,463006400.0,35.14,145207363570.75
600011,2024-06-26,9.23,9.21,9.3,9.03,41243900.0,0.0038,377038500.0,35.04,144579439836.39
600011,2024-06-27,9.14,9.2,9.3,9.12,32495200.0,0.003,299336700.0,35.01,144422458902.8
600011,2024-06-28,9.23,9.62,9.74,9.15,68327900.0,0.0062,648431200.0,36.1,151015658113.58
600011,2024-07-01,9.63,9.78,9.86,9.61,53281800.0,0.0048,518786400.0,36.52,153527353051.02
600011,2024-07-02,9.76,9.81,9.85,9.64,39118100.0,0.0036,382180600.0,36.6,153998295851.79
600011,2024-07-03,9.79,9.77,9.86,9.65,31807800.0,0.0029,310264400.0,36.49,153370372117.43
600011,2024-07-04,9.75,9.73,9.9,9.71,36999300.0,0.0034000000000000002,362905600.0,36.39,152742448383.07
600011,2024-07-05,9.8,9.63,9.83,9.46,43169300.0,0.0039000000000000003,414281000.0,36.13,151172639047.17
600011,2024-07-08,9.69,9.72,9.8,9.55,42014500.0,0.0038,407383500.0,36.36,152585467449.48
600011,2024-07-09,9.7,9.75,9.79,9.55,35189800.0,0.0032,340360000.0,36.44,153056410250.25
600011,2024-07-10,9.68,9.35,9.74,9.27,66766400.0,0.0060999999999999995,627400400.0,35.4,146777172906.65
600011,2024-07-11,9.18,8.97,9.2,8.76,90184900.0,0.008199999999999999,803481500.0,34.93,140811897430.23
600011,2024-07-12,8.91,8.7,8.96,8.65,66418900.0,0.006,583617800.0,34.23,136573412223.3
600011,2024-07-15,8.61,8.82,8.85,8.48,63686600.0,0.0058,553764400.0,34.54,138457183426.38
600011,2024-07-16,8.77,8.8,8.89,8.71,46470100.0,0.0042,409157699.99999994,34.49,138143221559.2
600011,2024-07-17,8.77,8.59,8.77,8.55,48657400.0,0.0044,419831300.0,33.95,134846621953.81
600011,2024-07-18,8.57,8.76,8.77,8.44,53840600.0,0.0049,464132500.0,34.39,137515297824.84
600011,2024-07-19,8.76,8.75,8.81,8.61,47621700.0,0.0043,414767699.99999994,34.36,137358316891.25
600011,2024-07-22,8.73,8.46,8.73,8.4,77766200.0,0.0070999999999999995,659166300.0,33.61,132805869817.14
600011,2024-07-23,8.42,8.23,8.45,8.21,47904400.0,0.0044,396951400.0,33.01,129195308344.57
600011,2024-07-24,8.27,8.31,8.43,8.22,48189900.0,0.0044,401649400.0,33.22,130451155813.29
600011,2024-07-25,8.31,8.29,8.35,8.14,34663000.0,0.0032,285659000.0,33.17,130137193946.11
600011,2024-07-26,8.27,8.27,8.34,8.2,32981200.0,0.003,272824500.0,33.11,129823232078.93
600011,2024-07-29,8.22,8.35,8.37,8.22,36286700.0,0.0033,302024300.0,33.32,131079079547.65
600011,2024-07-30,8.34,8.21,8.34,8.11,46680700.0,0.0042,382818100.0,32.96,128881346477.39
600011,2024-07-31,8.1,7.95,8.1,7.67,181567200.0,0.0165,1424924100.0,32.28,124799842204.05
600011,2024-08-01,7.85,7.74,7.94,7.73,116641700.0,0.0106,909734100.0,31.74,121503242598.66
600011,2024-08-02,7.68,7.54,7.74,7.49,133055300.0,0.0121,1005734500.0,31.22,118363623926.86
600011,2024-08-05,7.52,7.37,7.53,7.36,75222800.0,0.0068000000000000005,559646200.0,30.77,115694948055.83
600011,2024-08-06,7.42,7.52,7.52,7.35,76705600.0,0.006999999999999999,571243500.0,31.16,118049662059.68
600011,2024-08-07,7.48,7.54,7.59,7.46,53647200.0,0.0049,404883000.0,31.22,118363623926.86
600011,2024-08-08,7.53,7.43,7.55,7.41,42480600.0,0.0039000000000000003,316672800.0,30.93,116636833657.37
600011,2024-08-09,7.45,7.39,7.49,7.39,44366300.0,0.004,329906100.0,30.83,116008909923.01
600011,2024-08-12,7.42,7.36,7.45,7.33,35768600.0,0.0033,263733200.0,30.75,115537967122.24
600011,2024-08-13,7.34,7.36,7.37,7.29,32508000.0,0.003,238343400.0,30.75,115537967122.24
600011,2024-08-14,7.36,7.39,7.43,7.29,39056400.0,0.0036,287985600.0,30.83,116008909923.01
600011,2024-08-15,7.37,7.49,7.5,7.34,56448800.0,0.0051,421008100.0,31.09,117578719258.91
600011,2024-08-16,7.5,7.39,7.55,7.37,51448400.0,0.004699999999999999,382418399.99999994,30.83,116008909923.01
600011,2024-08-19,7.39,7.35,7.43,7.33,36171900.0,0.0033,266586600.0,30.72,115380986188.65
600011,2024-08-20,7.39,7.24,7.43,7.18,49357000.0,0.0045000000000000005,358565899.99999994,30.44,113654195919.16
600011,2024-08-21,7.21,7.18,7.22,7.06,56993400.0,0.0052,406843600.0,30.28,112712310317.62
600011,2024-08-22,7.17,7.21,7.23,7.12,42550400.0,0.0039000000000000003,305399000.0,30.36,113183253118.39
600011,2024-08-23,7.18,7.12,7.22,7.09,28584300.0,0.0026,204130200.0,30.12,111770424716.08
600011,2024-08-26,7.13,7.0,7.15,6.95,57934800.0,0.0053,406865700.0,29.81,109886653513.0
600011,2024-08-27,6.98,6.96,6.99,6.86,52065300.0,0.004699999999999999,360392800.0,29.71,109258729778.64
600011,2024-08-28,6.94,7.04,7.11,6.93,57348700.0,0.0052,403513100.0,29.92,110514577247.36
600011,2024-08-29,7.04,6.94,7.05,6.93,55542500.0,0.0051,387678700.0,29.66,108944767911.46
600011,2024-08-30,6.95,6.94,6.99,6.88,79573200.0,0.0072,552588800.0,29.66,108944767911.46
600011,2024-09-02,6.93,6.94,7.04,6.88,63764800.0,0.0058,444755400.0,29.66,108944767911.46
600011,2024-09-03,6.94,6.84,6.98,6.79,60873700.0,0.0055000000000000005,417361000.0,29.4,107374958575.56
600011,2024-09-04,6.82,6.76,6.85,6.73,38539900.0,0.0034999999999999996,261600200.0,29.19,106119111106.84
600011,2024-09-05,6.77,6.76,6.8,6.66,52397900.0,0.0048,352569100.00000006,29.19,106119111106.84
600011,2024-09-06,6.75,6.67,6.86,6.66,54473800.0,0.005,368958700.0,28.95,104706282704.53
600011,2024-09-09,6.63,6.6,6.64,6.51,58896400.0,0.0054,386813300.0,28.77,103607416169.4
600011,2024-09-10,6.62,6.59,6.64,6.39,62868400.0,0.005699999999999999,408413399.99999994,28.75,103450435235.81
600011,2024-09-11,6.55,6.38,6.55,6.35,54622900.0,0.005,350879600.0,28.2,100153835630.42
600011,2024-09-12,6.4,6.4,6.51,6.37,48196400.0,0.0044,310643700.0,28.25,100467797497.6
600011,2024-09-13,6.4,6.42,6.5,6.35,42981400.0,0.0039000000000000003,277125900.0,28.3,100781759364.78
600011,2024-09-18,6.45,6.44,6.45,6.36,29670300.0,0.0027,190204100.0,28.36,101095721231.96
600011,2024-09-19,6.44,6.54,6.56,6.39,45655900.0,0.0042,296324800.0,28.62,102665530567.86
600011,2024-09-20,6.54,6.46,6.54,6.38,51387400.0,0.004699999999999999,331183800.0,28.41,101409683099.14
600011,2024-09-23,6.44,6.65,6.72,6.42,75130800.0,0.0068000000000000005,497377200.0,28.9,104392320837.35
600011,2024-09-24,6.74,6.87,6.9,6.62,68195600.0,0.0062,462210199.99999994,29.47,107845901376.33
600011,2024-09-25,6.95,6.88,7.06,6.87,95809800.0,0.0087,665407700.0,29.5,108002882309.92
600011,2024-09-26,6.85,7.03,7.03,6.79,77719900.0,0.0070999999999999995,537118700.0,29.89,110357596313.77
600011,2024-09-27,7.12,7.24,7.24,7.03,68696500.0,0.0062,490566100.0,30.44,113654195919.16
600011,2024-09-30,7.48,7.71,7.78,7.33,192154700.0,0.0175,1454878400.0,31.66,121032299797.89
600011,2024-10-08,8.45,7.94,8.45,7.51,231917800.0,0.021099999999999997,1846736200.0,32.26,124642861270.46
600011,2024-10-09,7.8,7.45,7.8,7.33,131034300.0,0.011899999999999999,988141400.0,30.98,116950795524.55
600011,2024-10-10,7.4,7.57,7.78,7.39,101543900.0,0.0092,772217600.0,31.29,118834566727.63
600011,2024-10-11,7.57,7.31,7.59,7.25,75664900.0,0.0069,559896600.0,30.62,114753062454.29
600011,2024-10-14,7.31,7.26,7.38,7.18,137779700.0,0.0125,1001298000.0,30.49,113968157786.34
600011,2024-10-15,7.23,7.08,7.3,7.07,96606000.0,0.0088,691826700.0,30.02,111142500981.72
600011,2024-10-16,7.03,7.07,7.15,7.0,55057000.0,0.005,390073300.0,29.99,110985520048.13
600011,2024-10-17,7.08,6.92,7.14,6.91,64527800.0,0.0059,451600800.0,29.6,108630806044.28
600011,2024-10-18,6.91,7.05,7.11,6.82,94071700.0,0.0086,653786800.0,29.94,110671558180.95
600011,2024-10-21,7.05,7.01,7.07,6.97,62578800.0,0.005699999999999999,438595300.0,29.84,110043634446.59
600011,2024-10-22,7.03,7.32,7.36,7.0,120257000.0,0.0109,867553300.0,30.64,114910043387.88
600011,2024-10-23,7.36,7.31,7.47,7.25,79693100.0,0.0072,584054900.0,30.62,114753062454.29
600011,2024-10-24,7.25,7.36,7.4,7.22,72175600.0,0.0066,528436700.0,30.75,115537967122.24
600011,2024-10-25,7.34,7.28,7.36,7.2,79905200.0,0.0073,581179300.0,30.54,114282119653.52
600011,2024-10-28,7.27,7.48,7.49,7.18,90898200.0,0.0083,667911700.0,31.06,117421738325.32
600011,2024-10-29,7.46,7.27,7.48,7.26,65760700.0,0.006,482320700.0,30.51,114125138719.93
600011,2024-10-30,7.17,7.11,7.22,7.03,76063400.0,0.0069,540934600.0,30.1,111613443782.49
600011,2024-10-31,7.11,7.26,7.37,7.08,84196000.0,0.0077,607574700.0,30.49,113968157786.34
600011,2024-11-01,7.26,7.2,7.29,7.16,45167300.0,0.0040999999999999995,326425400.0,30.33,113026272184.8
600011,2024-11-04,7.21,7.21,7.24,7.15,36416800.0,0.0033,261693200.0,30.36,113183253118.39
600011,2024-11-05,7.2,7.27,7.27,7.16,53759600.0,0.0049,388730600.0,30.51,114125138719.93
600011,2024-11-06,7.27,7.24,7.31,7.21,51344600.0,0.004699999999999999,372249300.0,30.44,113654195919.16
600011,2024-11-07,7.21,7.35,7.35,7.17,65381400.0,0.0059,477355000.0,30.72,115380986188.65
600011,2024-11-08,7.4,7.32,7.45,7.28,59727400.0,0.0054,438548100.0,30.64,114910043387.88
600011,2024-11-11,7.3,7.35,7.35,7.23,51187600.0,0.004699999999999999,373406100.0,30.72,115380986188.65
600011,2024-11-12,7.35,7.28,7.43,7.25,74451700.0,0.0068000000000000005,545950200.0,30.54,114282119653.52
600011,2024-11-13,7.25,7.31,7.34,7.25,54099000.0,0.0049,395091000.0,30.62,114753062454.29
600011,2024-11-14,7.28,7.21,7.4,7.2,71758100.0,0.006500000000000001,524309500.0,30.36,113183253118.39
600011,2024-11-15,7.2,7.12,7.29,7.11,58154100.0,0.0053,419137400.0,30.12,111770424716.08
600011,2024-11-18,7.14,7.22,7.33,7.13,63845600.0,0.0058,462688800.0,30.38,113340234051.98
600011,2024-11-19,7.23,7.11,7.23,7.01,62479500.0,0.005699999999999999,444242300.00000006,30.1,111613443782.49
600011,2024-11-20,7.1,7.17,7.2,7.06,48528000.0,0.0044,346856200.0,30.25,112555329384.03
600011,2024-11-21,7.14,7.2,7.21,7.14,29964100.0,0.0027,215231200.0,30.33,113026272184.8
600011,2024-11-22,7.22,6.99,7.26,6.97,62404000.0,0.005699999999999999,442451200.0,29.79,109729672579.41
600011,2024-11-25,7.0,6.92,7.06,6.87,40974000.0,0.0037,285017300.0,29.6,108630806044.28
600011,2024-11-26,6.92,6.88,6.96,6.85,26016600.0,0.0024,179396500.0,29.5,108002882309.92
600011,2024-11-27,6.88,6.96,6.96,6.8,31421300.0,0.0029,216365000.0,29.71,109258729778.64
600011,2024-11-28,6.94,6.9,6.97,6.88,27969800.0,0.0025,193581200.0,29.55,108316844177.1
600011,2024-11-29,6.91,6.97,6.98,6.88,39953800.0,0.0036,277265300.0,29.73,109415710712.23
600011,2024-12-02,6.94,7.06,7.07,6.93,38796800.0,0.0034999999999999996,271796400.0,29.97,110828539114.54
600011,2024-12-03,7.04,7.1,7.12,7.0,32541000.0,0.003,229946200.0,30.07,111456462848.9
600011,2024-12-04,7.1,7.09,7.11,7.05,28168400.0,0.0026,199427800.0,30.05,111299481915.31
600011,2024-12-05,7.08,7.06,7.1,7.04,22734200.0,0.0021,160805800.0,29.97,110828539114.54
600011,2024-12-06,7.06,7.13,7.15,7.05,35937700.0,0.0033,255746500.0,30.15,111927405649.67
600011,2024-12-09,7.28,7.19,7.28,7.11,60066600.0,0.0055000000000000005,432040300.0,30.31,112869291251.21
600011,2024-12-10,7.25,7.11,7.29,7.1,60433000.0,0.0055000000000000005,433948800.0,30.1,111613443782.49
600011,2024-12-11,7.12,7.13,7.17,7.09,34427900.0,0.0031,245487900.0,30.15,111927405649.67
600011,2024-12-12,7.14,7.15,7.15,7.08,47163500.0,0.0043,335718100.0,30.2,112241367516.85
600011,2024-12-13,7.12,7.0,7.13,6.99,51884700.0,0.004699999999999999,365656400.0,29.81,109886653513.0
600011,2024-12-16,6.99,7.14,7.15,6.99,58649300.0,0.0053,416054400.0,30.18,112084386583.26
600011,2024-12-17,7.15,7.05,7.19,7.04,41346100.0,0.0038,293319700.0,29.94,110671558180.95
600011,2024-12-18,7.09,7.15,7.25,7.05,68212600.0,0.0062,490144700.0,30.2,112241367516.85
600011,2024-12-19,7.12,7.03,7.15,6.97,61027900.0,0.0055000000000000005,429802900.0,29.89,110357596313.77
600011,2024-12-20,7.03,6.89,7.06,6.87,63377300.0,0.0058,439574000.0,29.53,108159863243.51
600011,2024-12-23,6.89,6.97,7.01,6.86,55480400.0,0.005,385944000.0,29.73,109415710712.23
600011,2024-12-24,6.95,7.01,7.02,6.9,46166700.0,0.0042,321594800.0,29.84,110043634446.59
600011,2024-12-25,7.02,6.96,7.05,6.9,48851800.0,0.0044,339995600.0,29.71,109258729778.64
600011,2024-12-26,6.95,6.79,6.97,6.75,88144200.0,0.008,601123300.0,29.27,106590053907.61
600011,2024-12-27,6.78,6.87,6.88,6.75,51519200.0,0.004699999999999999,351531500.0,29.47,107845901376.33
600011,2024-12-30,6.85,6.84,6.89,6.82,38543100.0,0.0034999999999999996,264129199.99999997,29.4,107374958575.56
600011,2024-12-31,6.85,6.77,6.87,6.77,40338600.0,0.0037,274888500.0,29.21,106276092040.43
600011,2025-01-02,6.77,6.56,6.79,6.52,59291400.0,0.0054,393506000.0,28.67,102979492435.04
600011,2025-01-03,6.57,6.58,6.66,6.55,41500400.0,0.0038,274012400.0,28.72,103293454302.22
600011,2025-01-06,6.58,6.56,6.6,6.5,33778800.0,0.0031,220763500.0,28.67,102979492435.04
600011,2025-01-07,6.55,6.53,6.56,6.46,33648800.0,0.0031,218599900.00000003,28.59,102508549634.27
600011,2025-01-08,6.52,6.53,6.58,6.47,36139200.0,0.0033,235630800.00000003,28.59,102508549634.27
600011,2025-01-09,6.5,6.41,6.5,6.4,36496300.0,0.0033,234987800.0,28.28,100624778431.19
600011,2025-01-10,6.4,6.23,6.41,6.23,45689800.0,0.0042,288127100.0,27.81,97799121626.57
600011,2025-01-13,6.21,6.27,6.3,6.15,39948100.0,0.0036,248944100.0,27.91,98427045360.93
600011,2025-01-14,6.28,6.41,6.41,6.27,34819600.0,0.0032,221820000.0,28.28,100624778431.19
600011,2025-01-15,6.41,6.44,6.46,6.38,25412400.0,0.0023,163224800.0,28.36,101095721231.96
600011,2025-01-16,6.44,6.41,6.48,6.39,25357400.0,0.0023,163060900.0,28.28,100624778431.19
600011,2025-01-17,6.39,6.41,6.44,6.35,20852800.0,0.0019,133539700.0,28.28,100624778431.19
600011,2025-01-20,6.42,6.34,6.45,6.34,28247200.0,0.0026,180214300.0,28.1,99525911896.06
600011,2025-01-21,6.36,6.34,6.37,6.29,22540500.0,0.002,142568300.0,28.1,99525911896.06
600011,2025-01-22,6.34,6.3,6.37,6.27,30528100.0,0.0028000000000000004,192347400.00000003,27.99,98897988161.7
600011,2025-01-23,6.31,6.26,6.39,6.26,34390200.0,0.0031,217576100.0,27.89,98270064427.34
600011,2025-01-24,6.26,6.28,6.29,6.18,32496500.0,0.003,202565099.99999997,27.94,98584026294.52
600011,2025-01-27,6.28,6.44,6.45,6.27,52840100.0,0.0048,338632400.0,28.36,101095721231.96
600011,2025-02-05,6.46,6.54,6.54,6.36,45347800.0,0.0040999999999999995,292822200.0,28.62,102665530567.86
600011,2025-02-06,6.52,6.48,6.52,6.43,35088900.0,0.0032,227133300.00000003,28.46,101723644966.32
600011,2025-02-07,6.48,6.49,6.51,6.45,41507100.0,0.0038,268845900.0,28.49,101880625899.91
600011,2025-02-10,6.5,6.44,6.53,6.41,51939300.0,0.004699999999999999,335418700.0,28.36,101095721231.96
600011,2025-02-11,6.44,6.39,6.45,6.38,30193400.0,0.0027,193297500.0,28.23,100310816564.01
600011,2025-02-12,6.4,6.39,6.4,6.34,29193500.0,0.0027,185871300.0,28.23,100310816564.01
600011,2025-02-13,6.39,6.43,6.44,6.36,31911700.0,0.0029,204598600.0,28.33,100938740298.37
600011,2025-02-14,6.43,6.4,6.45,6.37,26968700.0,0.0025,172634199.99999997,28.25,100467797497.6
600011,2025-02-17,6.42,6.54,6.54,6.34,77843700.0,0.0070999999999999995,502825700.0,28.62,102665530567.86
600011,2025-02-18,6.54,6.6,6.64,6.5,69663500.0,0.0063,459307600.0,28.77,103607416169.4
600011,2025-02-19,6.57,6.53,6.61,6.51,42445200.0,0.0039000000000000003,277523500.0,28.59,102508549634.27
600011,2025-02-20,6.53,6.64,6.7,6.48,56268700.0,0.0051,372347800.0,28.88,104235339903.76
600011,2025-02-21,6.63,6.61,6.66,6.58,46823700.0,0.0043,309395700.0,28.8,103764397102.99
600011,2025-02-24,6.62,6.6,6.71,6.56,39701200.0,0.0036,262531100.0,28.77,103607416169.4
600011,2025-02-25,6.59,6.56,6.63,6.54,36764700.0,0.0033,241671400.0,28.67,102979492435.04
600011,2025-02-26,6.55,6.66,6.68,6.55,50959600.0,0.0046,338216600.00000006,28.93,104549301770.94
600011,2025-02-27,6.68,6.68,6.71,6.63,36154400.0,0.0033,241232800.0,28.98,104863263638.12
600011,2025-02-28,6.68,6.72,6.79,6.65,64406800.0,0.0059,434327400.0,29.08,105491187372.48
600011,2025-03-03,6.75,6.75,6.8,6.68,51639500.0,0.004699999999999999,348160600.0,29.16,105962130173.25
600011,2025-03-04,6.75,6.72,6.76,6.66,32886800.0,0.003,220289300.0,29.08,105491187372.48
600011,2025-03-05,6.71,6.77,6.8,6.67,37356700.0,0.0034000000000000002,252247700.0,29.21,106276092040.43
600011,2025-03-06,6.77,6.64,6.79,6.63,67537900.0,0.0060999999999999995,451247699.99999994,28.88,104235339903.76
600011,2025-03-07,6.62,6.66,6.71,6.6,45659900.0,0.0042,304313800.0,28.93,104549301770.94
600011,2025-03-10,6.64,6.62,6.67,6.6,29946700.0,0.0027,198481300.0,28.82,103921378036.58
600011,2025-03-11,6.6,6.67,6.69,6.58,28573800.0,0.0026,189854600.0,28.95,104706282704.53
600011,2025-03-12,6.67,6.72,6.75,6.64,42038100.0,0.0038,281704500.0,29.08,105491187372.48
600011,2025-03-13,6.71,6.82,6.84,6.71,66750300.0,0.0060999999999999995,453908300.0,29.34,107060996708.38
600011,2025-03-14,6.83,6.78,6.85,6.76,51165900.0,0.004699999999999999,346930500.0,29.24,106433072974.02
600011,2025-03-17,6.79,6.81,6.87,6.77,40290000.0,0.0037,275240900.0,29.32,106904015774.79
600011,2025-03-18,6.82,6.74,6.82,6.73,34884300.0,0.0032,235561100.0,29.14,105805149239.66
600011,2025-03-19,6.74,6.83,6.84,6.73,42965100.0,0.0039000000000000003,292287200.0,29.37,107217977641.97
600011,2025-03-20,6.83,6.93,6.94,6.82,52996500.0,0.0048,365584200.0,29.63,108787786977.87
600011,2025-03-21,6.93,6.93,7.03,6.88,60014100.0,0.0055000000000000005,417966200.0,29.63,108787786977.87
600011,2025-03-24,6.92,6.92,7.01,6.88,53821500.0,0.0049,373848700.0,29.6,108630806044.28
600011,2025-03-25,6.92,7.04,7.06,6.86,59038500.0,0.0054,413782300.00000006,29.92,110514577247.36
600011,2025-03-26,7.07,6.94,7.1,6.9,72078000.0,0.0066,501178700.0,29.66,108944767911.46
600011,2025-03-27,6.96,6.85,6.98,6.81,59177700.0,0.0054,406098200.0,29.42,107531939509.15
600011,2025-03-28,6.84,6.79,6.94,6.76,54351200.0,0.0049,372334900.0,29.27,106590053907.61
600011,2025-03-31,6.8,6.92,6.98,6.8,85277300.0,0.0078000000000000005,590266500.0,29.6,108630806044.28
600011,2025-04-01,6.92,7.04,7.05,6.88,72877700.0,0.0066,509462300.00000006,29.92,110514577247.36
600011,2025-04-02,7.03,7.02,7.06,6.95,45838300.0,0.0042,320719000.0,29.86,110200615380.18
600011,2025-04-03,6.98,7.1,7.11,6.97,57476400.0,0.0052,406598500.0,30.07,111456462848.9
600011,2025-04-07,6.92,6.79,6.98,6.55,126038100.0,0.0115,857364700.0,29.27,106590053907.61
600011,2025-04-08,6.79,7.0,7.0,6.78,87951500.0,0.008,608293900.0,29.81,109886653513.0
600011,2025-04-09,6.97,7.08,7.12,6.8,121827300.0,0.0111,850759400.0,30.02,111142500981.72
600011,2025-04-10,7.04,7.0,7.07,6.95,64781400.0,0.0059,453897699.99999994,29.81,109886653513.0
600011,2025-04-11,7.0,6.9,7.01,6.84,58844600.0,0.0054,406126500.0,29.55,108316844177.1
600011,2025-04-14,6.9,6.94,6.96,6.87,46935400.0,0.0043,324987700.0,29.66,108944767911.46
600011,2025-04-15,6.96,7.02,7.02,6.92,60916400.0,0.0055000000000000005,424593500.0,29.86,110200615380.18
600011,2025-04-16,7.03,7.11,7.11,6.97,78110500.0,0.0070999999999999995,550439400.0,30.1,111613443782.49
600011,2025-04-17,7.1,7.19,7.19,7.07,65399300.0,0.0059,467591700.0,30.31,112869291251.21
600011,2025-04-18,7.18,7.11,7.18,7.09,36688200.0,0.0033,261222400.00000003,30.1,111613443782.49
600011,2025-04-21,7.12,7.17,7.19,7.1,32635600.0,0.003,233320800.00000003,30.25,112555329384.03
600011,2025-04-22,7.17,7.06,7.25,7.05,65557700.0,0.006,468339200.0,29.97,110828539114.54
600011,2025-04-23,7.06,7.08,7.12,7.04,39128600.0,0.0036,277165400.0,30.02,111142500981.72
600011,2025-04-24,7.06,7.18,7.23,7.06,64069700.0,0.0058,459250400.0,30.28,112712310317.62
600011,2025-04-25,7.18,7.18,7.23,7.13,46545900.0,0.0042,334008900.0,30.28,112712310317.62
600011,2025-04-28,7.22,7.26,7.3,7.13,79793000.0,0.0073,578342200.0,30.49,113968157786.34
600011,2025-04-29,7.27,7.2,7.28,7.15,63854300.0,0.0058,460192600.0,30.33,113026272184.8
600011,2025-04-30,7.18,7.16,7.25,7.15,47300200.0,0.0043,339713900.0,30.23,112398348450.44
600011,2025-05-06,7.18,7.36,7.38,7.13,76636200.0,0.006999999999999999,558318000.0,30.75,115537967122.24
600011,2025-05-07,7.43,7.31,7.45,7.26,52071200.0,0.004699999999999999,380277400.0,30.62,114753062454.29
600011,2025-05-08,7.29,7.32,7.35,7.28,38016600.0,0.0034999999999999996,278324000.0,30.64,114910043387.88
600011,2025-05-09,7.32,7.45,7.55,7.32,86181300.0,0.0078000000000000005,642315900.0,30.98,116950795524.55
600011,2025-05-12,7.43,7.43,7.45,7.36,60952400.0,0.0055000000000000005,451234800.00000006,30.93,116636833657.37
600011,2025-05-13,7.44,7.44,7.45,7.37,39309200.0,0.0036,291148300.0,30.96,116793814590.96
600011,2025-05-14,7.42,7.41,7.43,7.34,41850900.0,0.0038,308975100.0,30.88,116322871790.19
600011,2025-05-15,7.4,7.5,7.55,7.39,62472000.0,0.005699999999999999,468710600.0,31.11,117735700192.5
600011,2025-05-16,7.48,7.48,7.54,7.43,38021900.0,0.0034999999999999996,284458900.0,31.06,117421738325.32
600011,2025-05-19,7.48,7.47,7.54,7.46,37007100.0,0.0034000000000000002,277509900.0,31.03,117264757391.73
600011,2025-05-20,7.49,7.52,7.53,7.45,51412200.0,0.004699999999999999,385261000.0,31.16,118049662059.68
600011,2025-05-21,7.51,7.49,7.58,7.48,56888500.0,0.0052,428775899.99999994,31.09,117578719258.91
600011,2025-05-22,7.48,7.4,7.49,7.38,59863400.0,0.0054,443662600.0,30.85,116165890856.6
600011,2025-05-23,7.39,7.39,7.48,7.36,42716500.0,0.0039000000000000003,316841100.0,30.83,116008909923.01
600011,2025-05-26,7.37,7.45,7.47,7.36,37796500.0,0.0034000000000000002,280811900.0,30.98,116950795524.55
600011,2025-05-27,7.45,7.43,7.48,7.39,29485000.0,0.0027,219281200.0,30.93,116636833657.37
600011,2025-05-28,7.41,7.23,7.43,7.17,72588200.0,0.0066,526581100.0,30.41,113497214985.57
600011,2025-05-29,7.23,7.22,7.26,7.18,43153600.0,0.0039000000000000003,311102100.0,30.38,113340234051.98
600011,2025-05-30,7.23,7.23,7.27,7.18,45296000.0,0.0040999999999999995,327473400.0,30.41,113497214985.57
600011,2025-06-03,7.21,7.27,7.27,7.15,46416100.0,0.0042,334734800.00000006,30.51,114125138719.93
600011,2025-06-04,7.25,7.2,7.28,7.18,36332500.0,0.0033,261987100.0,30.33,113026272184.8
600011,2025-06-05,7.23,7.2,7.24,7.17,27242600.0,0.0025,195934300.0,30.33,113026272184.8
600011,2025-06-06,7.19,7.28,7.3,7.17,44362700.0,0.004,321846000.0,30.54,114282119653.52
600011,2025-06-09,7.27,7.26,7.29,7.22,30770300.0,0.0028000000000000004,223009300.0,30.49,113968157786.34
600011,2025-06-10,7.27,7.3,7.39,7.23,54997500.0,0.005,402308100.0,30.59,114596081520.7
600011,2025-06-11,7.3,7.27,7.34,7.26,54581400.0,0.005,398186000.0,30.51,114125138719.93
600011,2025-06-12,7.28,7.22,7.31,7.2,41261800.0,0.0038,298848600.0,30.38,113340234051.98
600011,2025-06-13,7.21,7.3,7.32,7.21,74940900.0,0.0068000000000000005,546142300.0,30.59,114596081520.7
600011,2025-06-16,7.28,7.32,7.34,7.26,32349300.0,0.0029,236149100.0,30.64,114910043387.88
600011,2025-06-17,7.3,7.45,7.46,7.27,54658800.0,0.005,404116100.0,30.98,116950795524.55
600011,2025-06-18,7.45,7.45,7.49,7.43,32717600.0,0.003,244094800.0,30.98,116950795524.55
600011,2025-06-19,7.46,7.39,7.46,7.34,52580900.0,0.0048,388941900.0,30.83,116008909923.01
600011,2025-06-20,7.4,7.38,7.47,7.35,46750600.0,0.0043,345906600.00000006,30.8,115851928989.42
600011,2025-06-23,7.38,7.2,7.39,7.19,70552600.0,0.0064,512225500.0,30.33,113026272184.8
600011,2025-06-24,7.21,7.19,7.26,7.17,59137300.0,0.0054,426240800.0,30.31,112869291251.21
600011,2025-06-25,7.2,7.33,7.35,7.17,61833800.0,0.005600000000000001,448990800.0,30.67,115067024321.47
600011,2025-06-26,7.33,7.27,7.38,7.26,38884600.0,0.0034999999999999996,284437000.0,30.51,114125138719.93
600011,2025-06-27,7.27,7.04,7.28,7.04,107647400.0,0.0098,766087600.0,29.92,110514577247.36
600011,2025-06-30,7.03,7.14,7.17,7.03,59979100.0,0.0055000000000000005,426306900.0,30.18,112084386583.26
600011,2025-07-01,7.14,7.17,7.24,7.08,59253100.0,0.0054,425306500.0,30.25,112555329384.03
600011,2025-07-02,7.18,7.38,7.42,7.18,89718600.0,0.008199999999999999,657879900.0,30.8,115851928989.42
600011,2025-07-03,7.4,7.38,7.42,7.35,34900300.0,0.0032,257598600.0,30.8,115851928989.42
600011,2025-07-04,7.37,7.4,7.45,7.36,33941700.0,0.0031,251425000.0,30.85,116165890856.6
600011,2025-07-07,7.48,7.53,7.54,7.35,60526900.0,0.0055000000000000005,452505800.0,31.19,118206642993.27
600011,2025-07-08,7.54,7.52,7.56,7.43,51888800.0,0.004699999999999999,388937600.0,31.16,118049662059.68
600011,2025-07-09,7.5,7.44,7.57,7.43,43320300.0,0.0039000000000000003,324215800.0,30.96,116793814590.96
600011,2025-07-10,7.21,7.11,7.25,7.09,62288600.0,0.005699999999999999,445084100.00000006,30.8,111613443782.49
600011,2025-07-11,7.11,7.02,7.13,7.02,87667900.0,0.008,619713700.0,30.57,110200615380.18
600011,2025-07-14,7.03,7.14,7.19,7.03,68866100.0,0.0063,491700800.0,30.88,112084386583.26
600011,2025-07-15,7.16,7.06,7.23,7.02,76593100.0,0.006999999999999999,542470800.0,30.67,110828539114.54
600011,2025-07-16,7.06,7.03,7.11,7.01,42409700.0,0.0039000000000000003,299047500.0,30.59,110357596313.77
600011,2025-07-17,7.04,6.94,7.08,6.91,68887900.0,0.0063,479308500.0,30.36,108944767911.46
600011,2025-07-18,6.97,7.03,7.04,6.94,49524600.0,0.0045000000000000005,346192000.0,30.59,110357596313.77
600011,2025-07-21,7.08,7.31,7.32,7.06,136720400.0,0.0124,985301500.0,31.32,114753062454.29
600011,2025-07-22,7.31,7.31,7.35,7.19,91327300.0,0.0083,664218200.0000001,31.32,114753062454.29
600011,2025-07-23,7.31,7.19,7.35,7.17,61703000.0,0.005600000000000001,446921700.0,31.01,112869291251.21
600011,2025-07-24,7.19,7.1,7.2,7.05,98102600.0,0.0089,697993800.0,30.77,111456462848.9
600011,2025-07-25,7.11,7.03,7.13,7.01,76636300.0,0.006999999999999999,541217900.0,30.59,110357596313.77
600011,2025-07-28,7.05,7.06,7.11,7.0,64874500.0,0.0059,457991700.0,30.67,110828539114.54
600011,2025-07-29,7.06,7.03,7.15,7.01,70676100.0,0.0064,499386200.0,30.59,110357596313.77
600011,2025-07-30,7.16,7.62,7.73,7.15,364948900.0,0.0332,2739874600.0,32.13,119619471395.58
600011,2025-07-31,7.54,7.33,7.58,7.23,211096200.0,0.0192,1547393000.0,31.37,115067024321.47
600011,2025-08-01,7.3,7.29,7.39,7.28,86953900.0,0.0079,637033700.0,31.27,114439100587.11
600011,2025-08-04,7.32,7.38,7.4,7.25,87631800.0,0.008,642971200.0,31.5,115851928989.42
600011,2025-08-05,7.38,7.55,7.6,7.37,97902300.0,0.0089,737211799.9999999,31.94,118520604860.45
600011,2025-08-06,7.58,7.58,7.69,7.54,68574600.0,0.0062,520385100.0,32.02,118991547661.22
600011,2025-08-07,7.6,7.51,7.64,7.46,52845700.0,0.0048,397197300.00000006,31.84,117892681126.09
600011,2025-08-08,7.56,7.6,7.71,7.51,60069400.0,0.0055000000000000005,457676600.00000006,32.07,119305509528.4
600011,2025-08-11,7.6,7.4,7.62,7.37,92294500.0,0.0084,684322200.0,31.55,116165890856.6
600011,2025-08-12,7.42,7.38,7.45,7.38,52089300.0,0.004699999999999999,385866900.0,31.5,115851928989.42
600011,2025-08-13,7.39,7.33,7.42,7.32,65001600.0,0.0059,477780899.99999994,31.37,115067024321.47
600011,2025-08-14,7.34,7.24,7.35,7.22,74290300.0,0.0068000000000000005,540999400.0,31.14,113654195919.16
600011,2025-08-15,7.24,7.25,7.28,7.18,79601800.0,0.0072,576276600.0,31.16,113811176852.75
600011,2025-08-18,7.29,7.26,7.33,7.24,107923500.0,0.0098,785398100.0,31.19,113968157786.34
600011,2025-08-19,7.28,7.27,7.33,7.26,74396900.0,0.0068000000000000005,542083700.0,31.22,114125138719.93
600011,2025-08-20,7.26,7.3,7.32,7.22,66837700.0,0.0060999999999999995,486539400.0,31.29,114596081520.7
600011,2025-08-21,7.32,7.39,7.43,7.29,91888500.0,0.0084,677609200.0,31.53,116008909923.01
600011,2025-08-22,7.38,7.32,7.4,7.25,102770700.0,0.009300000000000001,749004500.0,31.35,114910043387.88
600011,2025-08-25,7.34,7.45,7.45,7.32,112399300.0,0.0102,831351000.0,31.68,116950795524.55
600011,2025-08-26,7.45,7.42,7.47,7.39,64143600.0,0.0058,476673600.0,31.61,116479852723.78
600011,2025-08-27,7.43,7.34,7.49,7.33,79143700.0,0.0072,586210500.0,31.4,115224005255.06
600011,2025-08-28,7.32,7.33,7.37,7.2,80857700.0,0.0074,589191900.0,31.37,115067024321.47
600011,2025-08-29,7.35,7.38,7.52,7.34,101366400.0,0.0092,753153800.0,31.5,115851928989.42
600011,2025-09-01,7.4,7.48,7.5,7.33,93613000.0,0.0085,697155500.0,31.76,117421738325.32
600011,2025-09-02,7.48,7.55,7.58,7.44,88516500.0,0.008,665977000.0,31.94,118520604860.45
600011,2025-09-03,7.57,7.51,7.57,7.41,64474400.0,0.0059,481571300.0,31.84,117892681126.09
600011,2025-09-04,7.51,7.44,7.51,7.37,66664200.0,0.0060999999999999995,494788300.0,31.66,116793814590.96
600011,2025-09-05,7.43,7.55,7.57,7.36,76172000.0,0.0069,569319800.0,31.94,118520604860.45
600011,2025-09-08,7.58,7.74,7.76,7.58,101341800.0,0.0092,779938300.0,32.44,121503242598.66
600011,2025-09-09,7.76,7.76,7.86,7.68,75198700.0,0.0068000000000000005,584367900.0,32.49,121817204465.84
600011,2025-09-10,7.7,7.73,7.78,7.64,52160100.0,0.004699999999999999,401645199.99999994,32.41,121346261665.07
600011,2025-09-11,7.72,7.68,7.75,7.62,73992000.0,0.0067,567074000.0,32.28,120561356997.12
600011,2025-09-12,7.69,7.76,7.85,7.68,83983100.0,0.0076,653775100.0,32.49,121817204465.84
600011,2025-09-15,7.77,7.65,7.79,7.62,76466300.0,0.006999999999999999,588902000.0,32.2,120090414196.35
600011,2025-09-16,7.65,7.55,7.67,7.47,75314100.0,0.0068000000000000005,567432500.0,31.94,118520604860.45
600011,2025-09-17,7.55,7.53,7.58,7.47,45921700.0,0.0042,345370700.0,31.89,118206642993.27
600011,2025-09-18,7.55,7.38,7.55,7.36,88879400.0,0.008100000000000001,661579900.0,31.5,115851928989.42
600011,2025-09-19,7.4,7.37,7.42,7.34,50667400.0,0.0046,373229600.0,31.48,115694948055.83
600011,2025-09-22,7.37,7.23,7.38,7.17,78086600.0,0.0070999999999999995,564599600.0,31.11,113497214985.57
600011,2025-09-23,7.22,7.24,7.28,7.15,65748600.0,0.006,473924800.00000006,31.14,113654195919.16
600011,2025-09-24,7.22,7.26,7.27,7.17,51520200.0,0.004699999999999999,372309300.0,31.19,113968157786.34
600011,2025-09-25,7.26,7.15,7.26,7.11,67662700.0,0.0062,484748399.99999994,30.9,112241367516.85
600011,2025-09-26,7.12,7.13,7.19,7.11,48458200.0,0.0044,346297300.00000006,30.85,111927405649.67
600011,2025-09-29,7.16,7.12,7.18,7.0,105269900.0,0.0096,745824100.0,30.83,111770424716.08
600011,2025-09-30,7.1,7.06,7.13,7.04,61647400.0,0.005600000000000001,435862000.0,30.67,110828539114.54
600011,2025-10-09,7.06,7.28,7.29,7.06,94938600.0,0.0086,682609600.0000001,31.24,114282119653.52
600011,2025-10-10,7.25,7.3,7.38,7.21,64286600.0,0.0058,469760600.0,31.29,114596081520.7
600011,2025-10-13,7.18,7.29,7.3,7.1,71158100.0,0.006500000000000001,513305600.0,31.27,114439100587.11
600011,2025-10-14,7.27,7.34,7.39,7.24,83820600.0,0.0076,614407900.0,31.4,115224005255.06
600011,2025-10-15,7.37,7.42,7.5,7.33,83532600.0,0.0076,619171000.0,31.61,116479852723.78
600011,2025-10-16,7.4,7.48,7.49,7.35,58586100.0,0.0053,435787600.0,31.76,117421738325.32
600011,2025-10-17,7.5,7.48,7.58,7.45,80982500.0,0.0074,608008800.0,31.76,117421738325.32
600011,2025-10-20,7.48,7.49,7.51,7.32,77998000.0,0.0070999999999999995,578232400.0,31.79,117578719258.91
600011,2025-10-21,7.45,7.49,7.51,7.41,61941200.0,0.005600000000000001,462402100.0,31.79,117578719258.91
600011,2025-10-22,7.48,7.57,7.62,7.47,63726800.0,0.0058,482323500.0,32.0,118834566727.63
600011,2025-10-23,7.57,7.74,7.74,7.55,75825000.0,0.0069,581606100.0,32.44,121503242598.66
600011,2025-10-24,7.73,7.55,7.73,7.54,72716700.0,0.0066,552570700.0,31.94,118520604860.45
600011,2025-10-27,7.55,7.75,7.86,7.55,101075300.0,0.0092,782124600.0000001,32.46,121660223532.25
600011,2025-10-28,7.76,7.73,7.78,7.67,61910200.0,0.005600000000000001,477667699.99999994,32.41,121346261665.07
600011,2025-10-29,8.04,8.26,8.34,7.96,203860300.0,0.018500000000000003,1670624200.0000002,33.79,129666251145.34
600011,2025-10-30,8.24,8.38,8.49,8.09,130281200.0,0.0118,1094028600.0,34.1,131550022348.42
600011,2025-10-31,8.36,8.13,8.37,8.09,98459700.0,0.009000000000000001,803971400.0,33.45,127625499008.67
600011,2025-11-03,8.15,8.17,8.25,8.1,78035300.0,0.0070999999999999995,637210500.0,33.56,128253422743.03
600011,2025-11-04,8.16,8.13,8.25,8.09,60665000.0,0.0055000000000000005,495705700.0,33.45,127625499008.67
600011,2025-11-05,8.1,8.16,8.21,8.0,53161800.0,0.0048,432212900.0,33.53,128096441809.44
600011,2025-11-06,8.16,8.27,8.34,8.16,74183000.0,0.0067,613935800.0,33.82,129823232078.93
600011,2025-11-07,8.27,8.25,8.4,8.23,52723900.0,0.0048,437781900.0,33.76,129509270211.75
600011,2025-11-10,8.31,8.27,8.44,8.26,62359300.0,0.005699999999999999,519384800.00000006,33.82,129823232078.93
600011,2025-11-11,8.26,8.19,8.27,8.11,63710900.0,0.0058,522037800.0,33.61,128567384610.21
600011,2025-11-12,8.23,8.15,8.25,8.13,43526600.0,0.004,355380500.0,33.5,127939460875.85
600011,2025-11-13,8.15,8.07,8.18,8.02,62859600.0,0.005699999999999999,507409000.0,33.3,126683613407.13
600011,2025-11-14,8.08,7.92,8.1,7.91,67214800.0,0.0060999999999999995,536346900.0,32.91,124328899403.28
600011,2025-11-17,7.92,7.87,7.95,7.79,55874600.0,0.0051,438702500.0,32.78,123543994735.33
600011,2025-11-18,7.88,7.82,7.9,7.79,49230200.0,0.0045000000000000005,385538700.0,32.65,122759090067.38
600011,2025-11-19,7.82,7.9,7.95,7.81,49031200.0,0.0045000000000000005,386473800.0,32.85,124014937536.1
600011,2025-11-20,7.91,7.86,7.95,7.82,44150400.0,0.004,348839900.0,32.75,123387013801.74
600011,2025-11-21,7.81,7.72,7.86,7.71,64672400.0,0.0059,503148600.0,32.39,121189280731.48
600011,2025-11-24,7.76,7.65,7.78,7.63,62403300.0,0.005699999999999999,479084500.0,32.2,120090414196.35
600011,2025-11-25,7.68,7.71,7.72,7.57,58804600.0,0.0053,449700800.0,32.36,121032299797.89
600011,2025-11-26,7.72,7.8,7.84,7.69,50238100.0,0.0046,390721900.0,32.59,122445128200.2
600011,2025-11-27,7.77,7.92,7.96,7.75,53969600.0,0.0049,425679500.0,32.91,124328899403.28
600011,2025-11-28,7.91,7.78,7.91,7.77,46699600.0,0.0042,364743399.99999994,32.54,122131166333.02
600011,2025-12-01,7.77,7.91,7.92,7.76,49940600.0,0.0045000000000000005,392830500.0,32.88,124171918469.69
600011,2025-12-02,7.91,7.89,7.95,7.82,39139400.0,0.0036,308750200.0,32.83,123857956602.51
600011,2025-12-03,7.89,7.99,8.06,7.87,58698500.0,0.0053,469518399.99999994,33.09,125427765938.41
600011,2025-12-04,8.02,7.93,8.02,7.9,37100400.0,0.0034000000000000002,294653000.0,32.93,124485880336.87
600011,2025-12-05,7.92,7.89,7.96,7.85,46614700.0,0.0042,368336100.0,32.83,123857956602.51
600011,2025-12-08,7.9,7.8,7.92,7.76,45932100.0,0.0042,358381100.0,32.59,122445128200.2
600011,2025-12-09,7.82,7.79,7.9,7.76,34071600.0,0.0031,266628200.0,32.57,122288147266.61
600011,2025-12-10,7.76,7.82,7.85,7.73,33588800.0,0.0031,262064800.0,32.65,122759090067.38
600011,2025-12-11,7.82,7.82,7.92,7.8,40746700.0,0.0037,320160000.0,32.65,122759090067.38
600011,2025-12-12,7.81,7.85,7.88,7.78,45499000.0,0.0040999999999999995,356410000.0,32.72,123230032868.15
600011,2025-12-15,7.85,7.89,7.92,7.84,39004800.0,0.0034999999999999996,307693900.0,32.83,123857956602.51
600011,2025-12-16,7.9,7.75,7.91,7.71,52081000.0,0.004699999999999999,403915800.0,32.46,121660223532.25
600011,2025-12-17,7.74,7.81,7.84,7.67,45001400.0,0.0040999999999999995,349573700.0,32.62,122602109133.79
600011,2025-12-18,7.8,7.87,7.88,7.74,37443200.0,0.0034000000000000002,292981800.0,32.78,123543994735.33
600011,2025-12-19,7.85,7.82,7.88,7.81,32988000.0,0.003,258818500.0,32.65,122759090067.38
600011,2025-12-22,7.83,7.84,7.85,7.73,51555400.0,0.004699999999999999,402134700.0,32.7,123073051934.56
600011,2025-12-23,7.84,7.93,7.99,7.82,61242700.0,0.005600000000000001,485747800.0,32.93,124485880336.87
600011,2025-12-24,7.92,7.98,7.99,7.84,39582100.0,0.0036,313527800.0,33.06,125270785004.82
600011,2025-12-25,7.96,7.99,8.06,7.92,40032600.0,0.0036,320132800.0,33.09,125427765938.41
600011,2025-12-26,7.98,8.09,8.13,7.94,58403400.0,0.0053,470791700.0,33.35,126997575274.31
600011,2025-12-29,8.07,7.68,8.09,7.62,159095900.0,0.014499999999999999,1236341500.0,32.28,120561356997.12
600011,2025-12-30,7.62,7.39,7.67,7.36,130971500.0,0.011899999999999999,980821100.0,31.53,116008909923.01
600011,2025-12-31,7.38,7.46,7.5,7.36,73588200.0,0.0067,548146500.0,31.71,117107776458.14
600011,2026-01-05,7.46,7.42,7.52,7.38,75594400.0,0.0069,560173000.0,31.61,116479852723.78
600011,2026-01-06,7.42,7.44,7.45,7.39,77939100.0,0.0070999999999999995,577831700.0,31.66,116793814590.96
600011,2026-01-07,7.42,7.42,7.48,7.4,59927700.0,0.0054,445939900.0,31.61,116479852723.78
600011,2026-01-08,7.42,7.39,7.45,7.38,56199500.0,0.0051,415485600.0,31.53,116008909923.01
600011,2026-01-09,7.4,7.38,7.41,7.35,53940300.0,0.0049,397452100.0,31.5,115851928989.42
600011,2026-01-12,7.36,7.39,7.4,7.32,59971300.0,0.0055000000000000005,441973000.0,31.53,116008909923.01
600011,2026-01-13,7.39,7.42,7.45,7.38,67711800.0,0.0062,502442400.0,31.61,116479852723.78
600011,2026-01-14,7.42,7.34,7.44,7.33,85087200.0,0.0077,628626000.0,31.4,115224005255.06
600011,2026-01-15,7.33,7.4,7.41,7.32,60331400.0,0.0055000000000000005,445553500.0,31.55,116165890856.6
600011,2026-01-16,7.44,7.46,7.61,7.4,116742300.0,0.0106,875155300.0,31.71,117107776458.14
600011,2026-01-19,7.42,7.49,7.53,7.4,70525100.0,0.0064,526706200.0,31.79,117578719258.91
600011,2026-01-20,7.46,7.54,7.54,7.41,82437800.0,0.0075,616005500.0,31.92,118363623926.86
600011,2026-01-21,7.52,7.44,7.52,7.4,82926700.0,0.0075,618072400.0,31.66,116793814590.96
600011,2026-01-22,7.46,7.42,7.5,7.41,68577100.0,0.0062,510503200.0,31.61,116479852723.78
600011,2026-01-23,7.43,7.35,7.43,7.33,80992300.0,0.0074,596808300.0,31.42,115380986188.65
600011,2026-01-26,7.35,7.39,7.43,7.32,83199600.0,0.0076,614055700.0,31.53,116008909923.01
600011,2026-01-27,7.39,7.2,7.4,7.19,87073800.0,0.0079,631868000.0,31.03,113026272184.8
600011,2026-01-28,7.18,7.07,7.22,7.04,114513400.0,0.0104,815417600.0,30.7,110985520048.13
600011,2026-01-29,7.07,7.07,7.09,6.94,110805100.0,0.0101,774805700.0000001,30.7,110985520048.13
600011,2026-01-30,7.05,7.06,7.1,6.98,56411700.0,0.0051,397739700.0,30.67,110828539114.54
600011,2026-02-02,7.02,6.85,7.07,6.84,94265300.0,0.0086,655439500.0,30.12,107531939509.15
600011,2026-02-03,6.87,6.85,6.91,6.79,61840600.0,0.005600000000000001,422535500.0,30.12,107531939509.15
600011,2026-02-04,6.84,6.96,6.96,6.83,64645100.0,0.0059,447390500.0,30.41,109258729778.64
600011,2026-02-05,6.91,6.93,6.96,6.88,49861400.0,0.0045000000000000005,344852500.0,30.33,108787786977.87
600011,2026-02-06,6.9,6.92,6.99,6.89,47080400.0,0.0043,327077700.0,30.31,108630806044.28
600011,2026-02-09,6.94,6.96,6.99,6.93,49987600.0,0.0045000000000000005,348019400.0,30.41,109258729778.64
600011,2026-02-10,6.96,6.94,6.97,6.92,34160900.0,0.0031,237028200.0,30.36,108944767911.46
600011,2026-02-11,6.94,6.94,6.98,6.91,38792500.0,0.0034999999999999996,269448800.0,30.36,108944767911.46
600011,2026-02-12,6.98,6.97,7.01,6.93,57141500.0,0.0052,398605400.0,30.44,109415710712.23
600011,2026-02-13,6.97,6.97,6.98,6.9,48387000.0,0.0044,335908300.0,30.44,109415710712.23
600011,2026-02-24,6.98,7.05,7.06,6.97,58241400.0,0.0053,409688000.0,30.64,110671558180.95
600011,2026-02-25,7.07,6.98,7.18,6.96,157910600.0,0.0144,1112362200.0,30.46,109572691645.82
600011,2026-02-26,6.99,7.09,7.13,6.98,82235000.0,0.0075,581788200.0,30.75,111299481915.31
600011,2026-02-27,7.1,7.24,7.32,7.08,209233000.0,0.019,1506811700.0000002,31.14,113654195919.16
600011,2026-03-02,7.21,7.4,7.5,7.2,209164200.0,0.019,1544925799.9999998,31.55,116165890856.6
600011,2026-03-03,7.44,7.43,7.57,7.35,182741000.0,0.0166,1363083100.0,31.63,116636833657.37
600011,2026-03-04,7.37,7.39,7.46,7.29,131869900.0,0.012,970593600.0,31.53,116008909923.01
600011,2026-03-05,7.39,7.48,7.54,7.38,120146200.0,0.0109,897284200.0,31.76,117421738325.32
600011,2026-03-06,7.45,7.61,7.63,7.44,110683700.0,0.0101,837734299.9999999,32.1,119462490461.99
600011,2026-03-09,7.54,7.58,7.67,7.52,111627500.0,0.0102,847961200.0,32.02,118991547661.22
600011,2026-03-10,7.58,7.52,7.67,7.46,110570600.0,0.0101,834379600.0000001,31.87,118049662059.68
600011,2026-03-11,7.53,7.71,7.72,7.39,138885100.0,0.0126,1054136700.0,32.36,121032299797.89
600011,2026-03-12,7.71,7.88,7.9,7.68,143844000.0,0.0131,1123557900.0,32.8,123700975668.92
600011,2026-03-13,7.95,7.85,8.0,7.81,176322100.0,0.016,1394451500.0,32.72,123230032868.15
600011,2026-03-16,7.83,7.64,7.9,7.59,151481700.0,0.0138,1166663900.0,32.18,119933433262.76
600011,2026-03-17,7.62,7.49,7.71,7.48,96533400.0,0.0088,731928900.0,31.79,117578719258.91
600011,2026-03-18,7.5,7.49,7.62,7.4,85276700.0,0.0078000000000000005,638529500.0,31.79,117578719258.91
600011,2026-03-19,7.44,7.48,7.58,7.42,110861400.0,0.0101,829014100.0,31.76,117421738325.32
600011,2026-03-20,7.49,7.54,7.68,7.45,131629600.0,0.012,997050800.0,31.92,118363623926.86
600011,2026-03-23,7.48,7.34,7.51,7.28,129363800.0,0.0118,956302700.0,31.4,115224005255.06
600011,2026-03-24,7.6,7.52,7.61,7.29,179645000.0,0.0163,1340130500.0,31.87,118049662059.68
600011,2026-03-25,7.5,7.68,7.85,7.31,280155300.0,0.0255,2133247300.0,32.28,120561356997.12
600011,2026-03-26,7.67,7.53,7.67,7.49,198827900.0,0.0181,1500705100.0,31.89,118206642993.27
600011,2026-03-27,7.42,7.49,7.56,7.37,125243400.0,0.011399999999999999,936345399.9999999,31.79,117578719258.91
600011,2026-03-30,7.41,7.16,7.42,7.13,176774700.0,0.0161,1276643400.0,30.93,112398348450.44
600011,2026-03-31,7.16,7.02,7.19,7.0,119835800.0,0.0109,848310100.0,30.57,110200615380.18
600011,2026-04-01,7.07,7.06,7.08,7.01,87745700.0,0.008,618110800.0,30.67,110828539114.54
600011,2026-04-02,7.05,7.03,7.07,7.0,69703400.0,0.0063,489698300.0,30.59,110357596313.77
600011,2026-04-03,7.03,6.89,7.04,6.84,77683100.0,0.0070999999999999995,537043200.0,30.23,108159863243.51
600011,2026-04-07,6.89,6.72,6.92,6.66,131048500.0,0.011899999999999999,885795100.0,29.79,105491187372.48
600011,2026-04-08,6.78,6.86,6.88,6.77,107959300.0,0.0098,735903500.0,30.15,107688920442.74
600011,2026-04-09,6.81,6.83,6.87,6.78,62800700.0,0.005699999999999999,428523500.0,30.07,107217977641.97
600011,2026-04-10,6.85,6.84,6.87,6.82,51082800.0,0.0046,349744800.00000006,30.1,107374958575.56
600011,2026-04-13,6.83,6.92,6.96,6.78,96234200.0,0.0088,660345700.0000001,30.31,108630806044.28
600011,2026-04-14,6.93,6.95,7.02,6.91,76189000.0,0.0069,529939400.0,30.38,109101748845.05
600011,2026-04-15,6.92,7.0,7.04,6.9,78247200.0,0.0070999999999999995,546416000.0,30.51,109886653513.0
600011,2026-04-16,7.0,6.99,7.04,6.97,57628200.0,0.0052,403052400.0,30.49,109729672579.41
600011,2026-04-17,6.99,6.94,7.03,6.91,72065600.0,0.0066,501789800.00000006,30.36,108944767911.46
600011,2026-04-20,6.95,6.91,7.01,6.89,109622600.0,0.01,759533800.0,30.28,108473825110.69
600011,2026-04-21,6.92,7.02,7.07,6.88,147957100.0,0.013500000000000002,1033105200.0,30.57,110200615380.18
600011,2026-04-22,7.03,6.97,7.05,6.93,134623400.0,0.012199999999999999,940307899.9999999,30.44,109415710712.23
600011,2026-04-23,6.96,6.99,7.03,6.89,124648200.0,0.0113,867329200.0,30.49,109729672579.41
600011,2026-04-24,7.0,6.98,7.01,6.91,120622300.0,0.011000000000000001,841285200.0,30.46,109572691645.82
600011,2026-04-27,6.98,6.95,6.99,6.92,89028200.0,0.008100000000000001,618939900.0,30.38,109101748845.05
600011,2026-04-28,6.95,6.91,6.96,6.84,109009000.0,0.009899999999999999,751260600.0,30.28,108473825110.69
600011,2026-04-29,6.87,7.02,7.02,6.87,167619500.0,0.0152,1168079600.0,30.57,110200615380.18
600011,2026-04-30,7.0,6.99,7.04,6.96,81555600.0,0.0074,570111900.0,30.49,109729672579.41
600011,2026-05-06,7.01,7.15,7.15,7.0,148333100.0,0.013500000000000002,1052062000.0,30.9,112241367516.85
600011,2026-05-07,7.15,7.27,7.33,7.14,155297000.0,0.0141,1125680600.0,31.22,114125138719.93
600011,2026-05-08,7.27,7.26,7.37,7.19,129795000.0,0.0118,944332700.0,31.19,113968157786.34
600011,2026-05-11,7.29,7.48,7.58,7.29,178343100.0,0.016200000000000003,1330739800.0,31.76,117421738325.32
600011,2026-05-12,7.53,7.64,7.68,7.43,219775200.0,0.02,1669078000.0,32.18,119933433262.76
600011,2026-05-13,7.64,7.7,7.8,7.59,256837500.0,0.023399999999999997,1975893000.0,32.33,120875318864.3
600011,2026-05-14,7.72,7.53,7.9,7.53,268969600.0,0.0245,2071018000.0,31.89,118206642993.27
600011,2026-05-15,7.47,7.53,7.61,7.35,163085100.0,0.0148,1217660600.0,31.89,118206642993.27
600011,2026-05-18,7.47,7.5,7.57,7.39,139774900.0,0.0127,1044706000.0,31.81,117735700192.5
600011,2026-05-19,7.49,7.82,7.82,7.41,205737600.0,0.0187,1582301600.0,32.65,122759090067.38
600011,2026-05-20,7.79,7.47,7.83,7.41,185614900.0,0.0169,1404553500.0,31.74,117264757391.73
600011,2026-05-21,7.43,7.32,7.51,7.3,143311700.0,0.013000000000000001,1061338700.0,31.35,114910043387.88
600011,2026-05-22,7.3,7.32,7.38,7.23,105454200.0,0.0096,770340900.0,31.35,114910043387.88
600011,2026-05-25,7.3,7.46,7.55,7.28,138509200.0,0.0126,1030128200.0000001,31.71,117107776458.14
600011,2026-05-26,7.46,7.51,7.56,7.35,129607600.0,0.0118,969185000.0,31.84,117892681126.09
600011,2026-05-27,7.49,7.71,7.77,7.47,202805500.0,0.0184,1553260600.0,32.36,121032299797.89
600011,2026-05-28,7.72,8.06,8.3,7.71,358326700.0,0.0326,2870889900.0,33.27,126526632473.54
600011,2026-05-29,8.08,8.87,8.87,7.95,455150400.0,0.0414,3878787100.0,35.38,139242088094.33
600011,2026-06-01,9.0,9.76,9.76,8.7,712492700.0,0.06480000000000001,6614876200.0,37.69,153213391183.84
600011,2026-06-02,9.39,9.09,9.39,8.89,532969200.0,0.048499999999999995,4880218600.0,35.95,142695668633.31
600011,2026-06-03,8.83,9.13,9.56,8.58,563625800.0,0.0512,5000321300.0,36.05,143323592367.67
600011,2026-06-04,8.91,8.75,9.06,8.7,329169500.0,0.029900000000000003,2898058300.0,35.06,137358316891.25
600011,2026-06-05,8.61,8.39,8.9,8.28,344644400.0,0.0313,2927478500.0,34.13,131707003282.01
600011,2026-06-08,8.15,8.41,8.72,8.14,266120900.0,0.0242,2258837200.0,34.18,132020965149.19
600011,2026-06-09,8.45,8.46,8.46,8.19,213267600.0,0.0194,1783236000.0,34.31,132805869817.14
600011,2026-06-10,8.36,8.16,8.5,8.1,208046500.0,0.0189,1717311099.9999998,33.53,128096441809.44
600011,2026-06-11,8.11,8.17,8.32,8.0,170554700.0,0.0155,1393478700.0,33.56,128253422743.03
600011,2026-06-12,8.11,8.05,8.24,8.01,195283500.0,0.0178,1585005799.9999998,33.24,126369651539.95
600011,2026-06-15,8.05,8.06,8.06,7.92,198457300.0,0.018000000000000002,1587970799.9999998,33.27,126526632473.54
600011,2026-06-16,8.06,7.88,8.15,7.86,203426400.0,0.018500000000000003,1620650000.0,32.8,123700975668.92
600011,2026-06-17,7.86,7.92,7.94,7.73,175417800.0,0.016,1377595600.0,32.91,124328899403.28
600011,2026-06-18,7.86,7.64,8.15,7.61,234559300.0,0.0213,1839141700.0000002,32.18,119933433262.76
600011,2026-06-22,7.64,7.72,7.72,7.46,186190100.0,0.0169,1412883700.0,32.39,121189280731.48
600011,2026-06-23,7.66,7.78,8.02,7.64,196418400.0,0.0179,1541109200.0000002,32.54,122131166333.02
600011,2026-06-24,7.79,7.44,7.82,7.4,191951100.0,0.0175,1446989000.0,31.66,116793814590.96
600011,2026-06-25,7.4,7.4,7.49,7.27,161201000.0,0.0147,1188816500.0,31.55,116165890856.6
600011,2026-06-26,7.4,7.31,7.56,7.29,148970000.0,0.013500000000000002,1103617400.0,31.32,114753062454.29
600011,2026-06-29,7.27,7.48,7.55,7.14,164571900.0,0.015,1212933000.0,31.76,117421738325.32
600011,2026-06-30,7.47,7.59,7.69,7.42,151636000.0,0.0138,1139916800.0,32.05,119148528594.81
600011,2026-07-01,7.54,7.59,7.67,7.43,181251200.0,0.0165,1369943200.0,32.05,119148528594.81
600011,2026-07-02,7.63,7.61,7.8,7.42,263864600.0,0.024,2003996900.0,32.1,119462490461.99
600011,2026-07-03,7.15,7.1,7.22,7.07,157734400.0,0.0143,1125333300.0,31.81,111456462848.9
600011,2026-07-06,7.07,7.01,7.08,6.95,112121100.0,0.0102,786710900.0,31.58,110043634446.59
600011,2026-07-07,7.01,6.8,7.01,6.78,122442700.0,0.0111,839073600.0,31.03,106747034841.2
600011,2026-07-08,6.76,6.76,6.87,6.72,91532100.0,0.0083,621334300.0,30.93,106119111106.84
600011,2026-07-09,6.76,6.7,6.79,6.64,116524900.0,0.0106,779644600.0000001,30.77,105177225505.3
600011,2026-07-10,6.7,6.84,6.92,6.62,137354100.0,0.0125,935617300.0,31.14,107374958575.56
600011,2026-07-13,6.82,6.76,6.84,6.72,89518100.0,0.008100000000000001,606138400.0,30.93,106119111106.84
600011,2026-07-14,6.77,6.91,6.92,6.73,98992500.0,0.009000000000000001,676145399.9999999,31.32,108473825110.69
600011,2026-07-15,6.83,6.9,6.91,6.76,100758900.0,0.0092,691081100.0,31.29,108316844177.1
600011,2026-07-16,6.85,6.75,6.88,6.73,112700000.0,0.0102,763664200.0,30.9,105962130173.25
600011,2026-07-17,6.75,6.92,7.02,6.73,214182900.0,0.0195,1480604600.0,31.35,108630806044.28
600011,2026-07-20,6.95,7.43,7.44,6.87,302075300.0,0.0275,2170940000.0,32.67,116636833657.37
600011,2026-07-21,7.39,7.23,7.43,7.11,250880100.0,0.022799999999999997,1812881400.0000002,32.15,113497214985.57
600011,2026-07-22,7.12,7.29,7.37,7.11,182329600.0,0.0166,1317434800.0,32.31,114439100587.11
600011,2026-07-23,7.22,7.43,7.63,7.16,219736700.0,0.02,1618108000.0,32.67,116636833657.37
600011,2026-07-24,7.35,7.09,7.39,7.05,173749500.0,0.0158,1250088900.0,31.79,111299481915.31
600011,2026-07-27,7.01,7.14,7.15,6.98,103399200.0,0.009399999999999999,733845500.0,31.92,112084386583.26
600011,2026-07-28,7.08,7.16,7.18,7.05,94013700.0,0.0085,669788900.0,31.97,112398348450.44
600011,2026-07-29,7.16,7.2,7.22,7.11,102112200.0,0.009300000000000001,733422300.0,32.07,113026272184.8
600011,2026-07-30,7.19,7.17,7.27,7.12,109871400.0,0.01,789609600.0000001,32.0,112555329384.03
600011,2026-07-31,7.12,7.19,7.2,7.1,99973100.0,0.0091,716272400.0,32.05,112869291251.21
600011,2026-08-03,7.19,7.29,7.3,7.18,121111800.0,0.011000000000000001,879062899.9999999,32.31,114439100587.11
600011,2026-08-04,7.31,7.21,7.36,7.17,123308000.0,0.011200000000000002,891113600.0,32.1,113183253118.39
600011,2026-08-05,7.17,7.12,7.18,7.09,117184400.0,0.010700000000000001,834331799.9999999,31.87,111770424716.08
600011,2026-08-06,7.09,7.01,7.12,6.97,135844300.0,0.0124,953627000.0,31.58,110043634446.59
600011,2026-08-07,7.02,6.99,7.04,6.92,116090000.0,0.0106,807077500.0,31.53,109729672579.41
600011,2026-08-10,6.98,6.99,7.02,6.96,77752500.0,0.0070999999999999995,543427500.0,31.53,109729672579.41
600011,2026-08-11,6.99,6.98,7.07,6.97,94252900.0,0.0086,661068400.0,31.5,109572691645.82
600011,2026-08-12,6.96,6.95,7.0,6.93,70387800.0,0.0064,488846100.0,31.42,109101748845.05
600011,2026-08-13,6.93,6.92,6.97,6.9,91108200.0,0.0083,631055500.0,31.35,108630806044.28
600011,2026-08-14,6.92,6.84,6.93,6.84,72300000.0,0.0066,495843600.0,31.14,107374958575.56
600011,2026-08-17,6.84,6.89,6.9,6.8,63643700.0,0.0058,436210199.99999994,31.27,108159863243.51
600011,2026-08-18,6.88,6.89,6.92,6.85,57626100.0,0.0052,397180199.99999994,31.27,108159863243.51
600011,2026-08-19,6.7,6.68,6.74,6.65,138461500.0,0.0126,926394200.0,30.72,104863263638.12
600011,2026-08-20,6.66,6.66,6.7,6.65,59863200.0,0.0054,399051300.0,30.67,104549301770.94
600011,2026-08-21,6.66,6.6,6.66,6.54,77541200.0,0.0070999999999999995,510386600.00000006,30.51,103607416169.4
600011,2026-08-24,6.58,6.64,6.65,6.56,52504500.0,0.0048,347690100.0,30.62,104235339903.76
600011,2026-08-25,6.63,6.69,6.69,6.61,45509100.0,0.0040999999999999995,303195300.0,30.75,105020244571.71
600011,2026-08-26,6.69,6.73,6.75,6.68,55574700.0,0.0051,373643600.0,30.85,105648168306.07
600011,2026-08-27,6.71,6.76,6.76,6.66,58042200.0,0.0053,388655400.0,30.93,106119111106.84
600011,2026-08-28,6.72,6.78,6.81,6.71,51671700.0,0.004699999999999999,349171700.0,30.98,106433072974.02
600011,2026-08-31,6.75,6.68,6.77,6.68,52972900.0,0.0048,355657300.00000006,30.72,104863263638.12
600011,2026-09-01,6.68,6.8,6.82,6.68,74064900.0,0.0067,501645199.99999994,31.03,106747034841.2
600011,2026-09-02,6.78,6.78,6.82,6.75,42020700.0,0.0038,285011200.0,30.98,106433072974.02
600011,2026-09-03,6.77,6.87,6.91,6.77,79132900.0,0.0072,543571200.0,31.22,107845901376.33
600011,2026-09-04,6.88,6.86,6.92,6.84,59507200.0,0.0054,409513000.0,31.19,107688920442.74
600011,2026-09-07,6.86,6.84,6.88,6.78,57176500.0,0.0052,390071400.0,31.14,107374958575.56
600011,2026-09-08,6.84,6.9,6.9,6.81,44919800.0,0.0040999999999999995,308190400.0,31.29,108316844177.1
600011,2026-09-09,6.91,7.04,7.05,6.87,117166300.0,0.010700000000000001,818190800.0,31.66,110514577247.36
600011,2026-09-10,7.03,6.95,7.05,6.93,66725100.0,0.0060999999999999995,466173300.0,31.42,109101748845.05
600011,2026-09-11,6.95,6.95,6.99,6.82,66752900.0,0.0060999999999999995,461943000.0,31.42,109101748845.05
600011,2026-09-14,6.94,6.97,7.05,6.92,53507400.0,0.0049,374211000.0,31.48,109415710712.23
600011,2026-09-15,6.96,6.95,7.0,6.88,49513200.0,0.0045000000000000005,343178100.0,31.42,109101748845.05
600011,2026-09-16,6.92,6.86,6.99,6.84,62844400.0,0.005699999999999999,432959000.0,31.19,107688920442.74
