code,date,open,close,high,low,volume,turnover,amount,close_hfq,market_cap_yuan
600036,2020-12-01,44.4,46.2,46.55,44.39,78072787.0,0.0038,3559778600.0,200.23,1165156866766.2
600036,2020-12-02,46.0,46.8,47.03,45.26,61994357.99999999,0.003,2864114300.0,202.56,1180288774126.8
600036,2020-12-03,46.75,46.49,47.1,45.5,50237589.0,0.0024,2317794800.0,201.35,1172470621990.49
600036,2020-12-04,46.47,45.78,46.6,45.11,46115543.0,0.0022,2099378100.0,198.6,1154564531613.78
600036,2020-12-07,45.7,44.42,45.75,44.1,70482524.0,0.0034000000000000002,3138039099.9999995,193.32,1120265541596.42
600036,2020-12-08,44.39,44.26,44.76,44.0,37716735.0,0.0018,1671238299.9999998,192.69,1116230366300.26
600036,2020-12-09,44.37,44.24,44.93,44.22,37519456.0,0.0018,1672113700.0,192.62,1115725969388.24
600036,2020-12-10,44.04,44.28,44.63,43.8,36887355.0,0.0018,1630166600.0,192.77,1116734763212.28
600036,2020-12-11,44.25,42.68,44.27,42.68,77143525.0,0.0037,3347336200.0,186.56,1076383010250.68
600036,2020-12-14,43.32,44.37,44.66,43.32,60742701.0,0.0029,2686115500.0,193.12,1119004549316.37
600036,2020-12-15,44.45,44.35,44.94,43.44,43879226.0,0.0021,1936658500.0,193.04,1118500152404.35
600036,2020-12-16,44.79,44.06,44.85,43.88,36790200.0,0.0018,1628021200.0,191.92,1111186397180.06
600036,2020-12-17,43.9,44.05,44.17,43.35,50232903.0,0.0024,2199570300.0,191.88,1110934198724.05
600036,2020-12-18,44.09,43.1,44.39,42.8,76059993.0,0.0037,3296589099.9999995,188.19,1086975345403.1
600036,2020-12-21,43.04,42.89,43.15,42.31,62385090.0,0.003,2674269699.9999995,187.37,1081679177826.89
600036,2020-12-22,42.99,41.91,43.0,41.87,78468607.0,0.0038,3320101800.0,183.57,1056963729137.91
600036,2020-12-23,41.71,42.32,42.41,41.71,71181993.0,0.0034999999999999996,3004166800.0,185.16,1067303865834.32
600036,2020-12-24,42.35,42.57,43.1,42.32,48211014.0,0.0023,2055723700.0,186.13,1073608827234.57
600036,2020-12-25,42.55,42.72,42.9,41.98,47673197.0,0.0023,2023487300.0,186.71,1077391804074.72
600036,2020-12-28,42.75,43.04,43.32,42.23,84140901.0,0.0040999999999999995,3600599000.0,187.96,1085462154667.04
600036,2020-12-29,43.26,42.83,43.29,42.65,72714756.0,0.0034999999999999996,3118082100.0,187.14,1080165987090.83
600036,2020-12-30,42.87,43.05,43.05,41.9,93349643.0,0.0045000000000000005,3963394400.0,188.0,1085714353123.05
600036,2020-12-31,43.05,43.95,44.35,42.85,89119921.0,0.0043,3909432900.0,191.49,1108412214163.95
600036,2021-01-04,43.23,43.17,43.78,42.02,154952285.0,0.0075,6608868800.0,188.46,1088740734595.17
600036,2021-01-05,42.76,42.18,42.8,41.44,138717699.0,0.0067,5809639000.0,184.62,1063773087450.18
600036,2021-01-06,42.1,44.15,44.2,42.0,120064562.99999999,0.0058,5188622700.0,192.27,1113456183284.15
600036,2021-01-07,44.29,45.9,45.97,44.26,107832187.00000001,0.0052,4869741100.0,199.06,1157590913085.9
600036,2021-01-08,46.29,46.6,47.02,45.81,129959481.0,0.0063,6021483000.0,201.78,1175244805006.6
600036,2021-01-11,46.58,48.42,49.17,46.49,144523356.0,0.006999999999999999,6992740100.0,208.85,1221144924000.42
600036,2021-01-12,48.55,49.7,50.05,47.56,104448591.0,0.0051,5103986000.0,213.82,1253426326369.7
600036,2021-01-13,49.31,49.4,49.98,48.88,64910979.0,0.0031,3207741700.0,212.65,1245860372689.4
600036,2021-01-14,49.4,49.05,50.08,48.56,70377099.0,0.0034000000000000002,3467710700.0,211.29,1237033426729.05
600036,2021-01-15,50.5,51.14,53.89,50.48,177574522.0,0.0086,9232542800.0,219.41,1289742904035.14
600036,2021-01-18,51.5,51.92,53.08,51.2,123764160.00000001,0.006,6463925000.0,222.44,1309414383603.92
600036,2021-01-19,52.3,51.85,53.23,51.49,90188002.0,0.0044,4710719600.0,222.17,1307648994411.85
600036,2021-01-20,52.1,51.72,53.12,50.99,79228118.0,0.0038,4123860400.0,221.66,1304370414483.72
600036,2021-01-21,52.97,52.64,53.5,52.15,73671459.0,0.0036,3886756900.0,225.23,1327572672436.64
600036,2021-01-22,52.85,51.64,52.85,51.0,87000132.0,0.0042,4492606300.0,221.35,1302352826835.64
600036,2021-01-25,51.1,52.11,52.46,50.1,86536206.0,0.0042,4438842600.0,223.18,1314206154268.11
600036,2021-01-26,52.0,51.4,53.1,51.0,60117532.99999999,0.0029,3126374800.0,220.42,1296300063891.4
600036,2021-01-27,51.61,52.0,52.9,51.61,60923156.00000001,0.003,3187049300.0,222.75,1311431971252.0
600036,2021-01-28,51.0,51.61,51.75,50.8,52386951.0,0.0025,2684963900.0,221.24,1301596231467.61
600036,2021-01-29,52.18,51.1,52.46,50.81,62148914.0,0.003,3211002100.0,219.25,1288734110211.1
600036,2021-02-01,51.0,52.4,52.78,50.48,79662587.0,0.0039000000000000003,4125446300.0,224.3,1321519909492.4
600036,2021-02-02,52.35,51.97,52.8,51.6,72030553.0,0.0034999999999999996,3752480900.0000005,222.63,1310675375883.97
600036,2021-02-03,52.07,53.05,54.0,51.49,76587606.0,0.0037,4045314800.0,226.83,1337912809133.05
600036,2021-02-04,52.87,53.5,55.2,52.61,96910977.0,0.004699999999999999,5229905900.0,228.57,1349261739653.5
600036,2021-02-05,54.06,54.74,55.94,53.7,115157754.0,0.005600000000000001,6315430500.0,233.39,1380534348198.74
600036,2021-02-08,55.19,55.26,55.6,53.69,81637776.0,0.004,4479792800.0,235.41,1393648667911.26
600036,2021-02-09,55.38,55.26,55.38,54.25,61900527.0,0.003,3393598000.0,235.41,1393648667911.26
600036,2021-02-10,56.3,54.55,56.4,53.95,75350767.0,0.0037,4135201100.0,232.65,1375742577534.55
600036,2021-02-18,55.65,55.69,57.6,55.19,107091322.0,0.0052,6013345300.0,237.08,1404493201519.69
600036,2021-02-19,55.65,55.2,56.71,54.88,71018164.0,0.0034000000000000002,3948306700.0,235.18,1392135477175.2
600036,2021-02-22,55.27,54.2,55.74,53.36,80151145.0,0.0039000000000000003,4368565100.0,231.29,1366915631574.2
600036,2021-02-23,54.29,55.55,56.73,54.2,95299102.0,0.0046,5306140300.0,236.53,1400962423135.55
600036,2021-02-24,55.85,53.6,55.85,52.85,84432226.0,0.0040999999999999995,4578242300.0,228.96,1351783724213.6
600036,2021-02-25,54.5,54.45,55.5,53.91,88618727.0,0.0043,4843039300.0,232.26,1373220592974.45
600036,2021-02-26,53.6,51.1,54.45,50.86,132728876.0,0.0064,6911104100.0,219.25,1288734110211.1
600036,2021-03-01,51.11,50.39,51.3,50.03,89418363.0,0.0043,4510517400.0,216.5,1270828019834.39
600036,2021-03-02,50.86,49.55,50.9,49.01,100778621.0,0.0049,5025206700.0,213.24,1249643349529.55
600036,2021-03-03,50.0,52.77,52.98,49.6,131593314.99999999,0.0064,6834019500.0,225.74,1330851252364.77
600036,2021-03-04,52.19,52.4,53.88,52.0,83303904.0,0.004,4396029800.0,224.3,1321519909492.4
600036,2021-03-05,51.9,51.4,52.39,50.11,73519585.0,0.0036,3762062400.0,220.42,1296300063891.4
600036,2021-03-08,51.59,49.93,51.98,49.7,69813759.0,0.0034000000000000002,3534603500.0,214.71,1259226890857.93
600036,2021-03-09,50.02,48.5,50.98,48.18,98322245.0,0.0048,4876616400.0,209.16,1223162511648.5
600036,2021-03-10,49.01,49.25,50.0,48.55,67590993.0,0.0033,3327792600.0,212.07,1242077395849.25
600036,2021-03-11,50.0,51.97,52.25,50.0,90421033.0,0.0044,4672612600.0,222.63,1310675375883.97
600036,2021-03-12,52.35,53.32,53.39,52.13,85580753.0,0.0040999999999999995,4537887900.0,227.88,1344722167445.32
600036,2021-03-15,52.98,53.11,54.79,52.64,93931916.0,0.0046,5037471600.0,227.06,1339425999869.11
600036,2021-03-16,53.9,54.32,55.25,53.5,69716276.0,0.0034000000000000002,3799354099.9999995,231.76,1369942013046.32
600036,2021-03-17,53.95,53.4,54.32,53.3,53231461.0,0.0026,2856041100.0,228.19,1346739755093.4
600036,2021-03-18,53.3,54.24,54.3,52.9,48279311.0,0.0023,2590798800.0,231.45,1367924425398.24
600036,2021-03-19,54.02,51.76,54.46,51.54,77628361.0,0.0038,4073645300.0000005,221.82,1305379208307.76
600036,2021-03-22,52.2,53.78,54.72,52.1,79169531.0,0.0038,4252611100.0,229.66,1356323296421.78
600036,2021-03-23,53.89,53.48,54.45,52.82,59592261.0,0.0029,3187582300.0,228.5,1348757342741.48
600036,2021-03-24,53.96,52.2,54.0,51.62,57501314.0,0.0028000000000000004,3013081500.0,223.53,1316475940372.2
600036,2021-03-25,52.66,51.01,52.89,50.56,78453830.0,0.0038,4014068100.0,218.91,1286464324107.01
600036,2021-03-26,51.45,51.6,51.82,50.73,70947525.0,0.0034000000000000002,3643744000.0,221.2,1301344033011.6
600036,2021-03-29,51.7,50.94,51.8,50.55,77980362.0,0.0038,3969007300.0,218.63,1284698934914.94
600036,2021-03-30,51.1,51.56,51.56,50.43,56940202.0,0.0028000000000000004,2902290100.0,221.04,1300335239187.56
600036,2021-03-31,51.5,51.1,51.5,50.14,52164954.0,0.0025,2652348800.0,219.25,1288734110211.1
600036,2021-04-01,51.09,51.05,51.28,50.7,33719469.0,0.0016,1718217100.0,219.06,1287473117931.05
600036,2021-04-02,51.18,50.95,51.25,50.65,41153422.0,0.002,2093013200.0,218.67,1284951133370.95
600036,2021-04-06,51.1,50.99,51.83,50.8,44400201.0,0.0022,2275875700.0,218.83,1285959927194.99
600036,2021-04-07,51.15,50.43,51.15,50.02,50061023.0,0.0024,2520490100.0,216.65,1271836813658.43
600036,2021-04-08,50.2,50.5,50.63,50.05,29501067.0,0.0014000000000000002,1486758700.0,216.93,1273602202850.5
600036,2021-04-09,50.72,50.25,50.72,49.86,31506834.000000004,0.0015,1578603900.0000002,215.95,1267297241450.25
600036,2021-04-12,50.29,50.46,50.65,49.69,41474239.0,0.002,2082172000.0,216.77,1272593409026.46
600036,2021-04-13,50.5,50.32,51.2,49.94,49039895.0,0.0024,2476556200.0,216.23,1269062630642.32
600036,2021-04-14,50.58,49.7,50.6,49.28,55438353.0,0.0027,2758186599.9999995,213.82,1253426326369.7
600036,2021-04-15,49.72,49.44,49.98,48.28,57296514.0,0.0028000000000000004,2810517800.0000005,212.81,1246869166513.44
600036,2021-04-16,49.72,49.74,49.85,49.09,31558344.0,0.0015,1563464000.0,213.97,1254435120193.74
600036,2021-04-19,49.9,51.77,51.78,49.5,67932061.0,0.0033,3476651800.0,221.86,1305631406763.77
600036,2021-04-20,51.01,51.99,52.19,51.01,35574407.0,0.0017000000000000001,1842179500.0,222.71,1311179772795.99
600036,2021-04-21,52.06,52.89,53.19,52.03,52446360.0,0.0025,2758929400.0,226.21,1333877633836.89
600036,2021-04-22,52.89,52.61,53.3,52.17,42927078.0,0.0021,2255144600.0,225.12,1326816077068.61
600036,2021-04-23,52.7,53.3,53.5,52.31,47104918.0,0.0023,2495321500.0,227.8,1344217770533.3
600036,2021-04-26,54.0,52.07,54.5,51.7,91625741.0,0.0044,4814829700.0,223.02,1313197360444.07
600036,2021-04-27,51.95,52.07,52.43,51.58,36329922.0,0.0018,1890139600.0,223.02,1313197360444.07
600036,2021-04-28,52.2,51.76,52.38,51.48,38985543.0,0.0019,2019590400.0,221.82,1305379208307.76
600036,2021-04-29,52.0,53.28,53.35,51.29,55274543.99999999,0.0027,2913105800.0,227.72,1343713373621.28
600036,2021-04-30,52.8,52.7,53.18,51.81,45068841.0,0.0022,2370742200.0,225.47,1329085863172.7
600036,2021-05-06,52.7,53.67,54.38,52.48,63835290.0,0.0031,3432136300.0,229.23,1353549113405.67
600036,2021-05-07,53.88,54.18,55.2,53.31,72368376.0,0.0034999999999999996,3943891300.0,231.21,1366411234662.18
600036,2021-05-10,54.2,53.9,54.25,53.01,49224048.0,0.0024,2630309800.0,230.13,1359349677893.9
600036,2021-05-11,53.45,53.84,54.15,53.28,32853312.0,0.0016,1767435300.0,229.89,1357836487157.84
600036,2021-05-12,53.85,53.69,54.65,53.07,31749677.0,0.0015,1708649700.0,229.31,1354053510317.69
600036,2021-05-13,53.49,53.2,54.45,52.84,39120553.0,0.0019,2085332100.0,227.41,1341695785973.2
600036,2021-05-14,53.49,54.98,55.0,52.8,57881421.0,0.0028000000000000004,3127193900.0,234.32,1386587111142.98
600036,2021-05-17,55.0,55.65,56.49,54.65,52668425.0,0.0026,2933378100.0,236.92,1403484407695.65
600036,2021-05-18,55.98,55.95,56.39,55.7,29335118.0,0.0014000000000000002,1642178900.0000002,238.09,1411050361375.95
600036,2021-05-19,56.0,54.8,56.08,54.51,35729344.0,0.0017000000000000001,1966656400.0000002,233.62,1382047538934.8
600036,2021-05-20,55.1,55.47,55.52,54.32,34210477.0,0.0017000000000000001,1881019500.0,236.22,1398944835487.47
600036,2021-05-21,55.87,54.11,55.9,53.8,51486455.0,0.0025,2800730300.0000005,230.94,1364645845470.11
600036,2021-05-24,54.2,54.08,54.7,53.77,44539914.0,0.0022,2409885300.0,230.83,1363889250102.08
600036,2021-05-25,54.19,57.55,57.62,53.93,96850204.0,0.004699999999999999,5452025400.0,244.3,1451402114337.55
600036,2021-05-26,57.65,58.5,58.56,57.61,61306168.99999999,0.003,3565788700.0,247.99,1475360967658.5
600036,2021-05-27,58.0,57.95,58.78,56.81,51903739.0,0.0025,2995138200.0,245.85,1461490052577.95
600036,2021-05-28,58.0,58.5,58.85,57.61,41014056.0,0.002,2386900500.0,247.99,1475360967658.5
600036,2021-05-31,58.21,58.19,58.36,57.0,36165671.0,0.0018,2089054200.0000002,246.79,1467542815522.19
600036,2021-06-01,57.7,57.36,57.76,56.9,47426844.0,0.0023,2713828500.0,243.56,1446610343673.36
600036,2021-06-02,57.25,57.58,57.69,56.88,40582027.0,0.002,2323829300.0,244.42,1452158709705.58
600036,2021-06-03,57.5,56.28,58.33,56.19,49067257.0,0.0024,2798317500.0,239.37,1419372910424.28
600036,2021-06-04,56.05,57.53,58.92,56.02,60832906.99999999,0.0029,3504830200.0,244.22,1450897717425.53
600036,2021-06-07,57.21,57.0,57.25,56.5,32489742.0,0.0016,1847968900.0000002,242.16,1437531199257.0
600036,2021-06-08,56.95,56.7,57.94,56.01,47616623.0,0.0023,2700887199.9999995,241.0,1429965245576.7
600036,2021-06-09,56.7,56.47,57.36,56.28,39140950.0,0.0019,2220254300.0,240.11,1424164681088.47
600036,2021-06-10,56.49,56.35,57.46,56.26,48113526.0,0.0023,2730021800.0,239.64,1421138299616.35
600036,2021-06-11,56.41,56.33,56.75,55.08,68208900.0,0.0033,3798816000.0,239.56,1420633902704.33
600036,2021-06-15,55.83,54.8,55.83,54.12,52924052.0,0.0026,2899483700.0,233.62,1382047538934.8
600036,2021-06-16,54.8,55.6,56.36,54.5,51877228.0,0.0025,2879681800.0,236.73,1402223415415.6
600036,2021-06-17,55.52,55.12,56.0,54.86,31901934.000000004,0.0015,1765863500.0,234.86,1390117889527.12
600036,2021-06-18,54.75,54.69,55.7,54.07,42711681.0,0.0021,2337303200.0,233.2,1379273355918.69
600036,2021-06-21,54.3,53.69,54.79,53.12,57971550.0,0.0028000000000000004,3119639600.0,229.31,1354053510317.69
600036,2021-06-22,53.86,55.46,55.58,53.86,64359218.00000001,0.0031,3544466700.0,236.19,1398692637031.46
600036,2021-06-23,55.38,54.82,55.47,54.48,40871965.0,0.002,2243392900.0,233.7,1382551935846.82
600036,2021-06-24,54.82,55.0,55.1,54.13,36360389.0,0.0018,1988184900.0,234.4,1387091508055.0
600036,2021-06-25,55.0,56.4,56.55,54.78,46955964.0,0.0023,2631903500.0,239.84,1422399291896.4
600036,2021-06-28,56.2,54.7,56.29,54.03,69882474.0,0.0034000000000000002,3825857100.0,233.23,1379525554374.7
600036,2021-06-29,54.2,53.8,54.85,53.7,53244931.00000001,0.0026,2878196900.0,229.74,1356827693333.8
600036,2021-06-30,53.9,54.19,54.44,53.86,35730350.0,0.0017000000000000001,1935227700.0,231.25,1366663433118.19
600036,2021-07-01,54.21,56.0,56.0,53.8,65298735.0,0.0032,3585284699.9999995,238.28,1412311353656.0
600036,2021-07-02,55.0,53.05,55.2,52.7,92981851.0,0.0045000000000000005,4969147600.0,226.83,1337912809133.05
600036,2021-07-05,52.94,52.94,53.09,51.5,56860927.0,0.0028000000000000004,2979267500.0,226.4,1335138626116.94
600036,2021-07-06,53.0,53.54,53.54,52.41,45250713.0,0.0022,2401387600.0,228.73,1350270533477.54
600036,2021-07-07,53.3,53.43,53.91,53.01,36597833.0,0.0018,1956147200.0,228.3,1347496350461.43
600036,2021-07-08,53.76,50.35,53.76,50.0,155418868.0,0.0075,7890345000.0,216.34,1269819226010.35
600036,2021-07-09,50.35,49.9,50.91,49.51,82701878.0,0.004,4141886800.0,214.6,1258470295489.9
600036,2021-07-12,50.6,50.4,51.14,49.8,83956374.0,0.0040999999999999995,4227182199.9999995,216.54,1271080218290.4
600036,2021-07-13,49.5,49.97,50.8,48.71,59445017.00000001,0.0029,2969602400.0,219.73,1260235684681.97
600036,2021-07-14,49.8,48.95,49.88,47.92,88551424.0,0.0043,4295785400.0,215.77,1234511442168.95
600036,2021-07-15,49.0,51.05,51.46,48.97,87727298.0,0.0043,4426680800.0,223.93,1287473117931.05
600036,2021-07-16,50.76,51.0,51.6,50.42,46210377.0,0.0022,2357681000.0,223.73,1286212125651.0
600036,2021-07-19,51.0,50.83,51.2,49.41,46963076.0,0.0023,2357941900.0,223.07,1281924751898.83
600036,2021-07-20,50.45,49.91,51.49,49.61,44688930.0,0.0022,2245908500.0,219.5,1258722493945.91
600036,2021-07-21,50.02,49.7,50.57,49.25,50631917.0,0.0025,2512788200.0,218.68,1253426326369.7
600036,2021-07-22,49.69,50.25,51.1,49.38,59235589.0,0.0029,2987211500.0,220.82,1267297241450.25
600036,2021-07-23,50.33,50.05,50.65,49.5,42035280.0,0.002,2101810700.0,220.04,1262253272330.05
600036,2021-07-26,49.62,47.7,49.65,47.55,74992971.0,0.0036,3616845800.0,210.92,1202986635167.7
600036,2021-07-27,47.65,46.17,47.93,45.8,74949518.0,0.0036,3512047000.0,204.98,1164400271398.17
600036,2021-07-28,46.31,47.47,48.34,46.31,84730981.0,0.0040999999999999995,4027575000.0,210.02,1197186070679.47
600036,2021-07-29,48.2,47.95,48.3,47.5,64274521.0,0.0031,3083677700.0,211.89,1209291596567.95
600036,2021-07-30,47.75,46.5,47.8,46.11,59195897.0,0.0029,2760620800.0,206.26,1172722820446.5
600036,2021-08-02,46.8,47.71,48.22,45.21,83614684.0,0.0040999999999999995,3925085900.0000005,210.96,1203238833623.71
600036,2021-08-03,47.6,47.59,48.1,46.95,51875828.0,0.0025,2456399200.0,210.49,1200212452151.59
600036,2021-08-04,47.58,47.0,47.95,46.8,51149988.0,0.0025,2410939000.0,208.2,1185332743247.0
600036,2021-08-05,46.68,46.75,47.3,46.09,44230311.0,0.0021,2070051600.0,207.23,1179027781846.75
600036,2021-08-06,46.47,47.59,47.8,46.1,50755757.0,0.0025,2392067800.0,210.49,1200212452151.59
600036,2021-08-09,47.58,49.06,50.0,47.58,73043020.0,0.0034999999999999996,3599567199.9999995,216.2,1237285625185.06
600036,2021-08-10,49.08,50.21,50.53,48.56,66357548.0,0.0032,3291349099.9999995,220.66,1266288447626.21
600036,2021-08-11,50.21,50.9,51.77,50.0,56855459.0,0.0028000000000000004,2905233200.0,223.34,1283690141090.9
600036,2021-08-12,50.7,50.68,51.5,50.41,39718245.0,0.0019,2021030400.0,222.49,1278141775058.68
600036,2021-08-13,50.71,51.18,51.35,50.31,46740470.0,0.0023,2379825400.0,224.43,1290751697859.18
600036,2021-08-16,51.2,50.87,51.24,49.5,74413969.0,0.0036,3770118300.0,223.23,1282933545722.87
600036,2021-08-17,50.87,49.62,51.4,49.52,60323196.0,0.0029,3044300900.0000005,218.37,1251408738721.62
600036,2021-08-18,49.99,53.14,53.57,49.92,123124236.00000001,0.006,6434458400.0,232.04,1340182595237.14
600036,2021-08-19,52.8,51.58,53.1,51.36,67630059.0,0.0033,3515991200.0,225.98,1300839636099.58
600036,2021-08-20,51.74,51.03,52.57,49.9,69376473.0,0.0034000000000000002,3537372100.0,223.85,1286968721019.03
600036,2021-08-23,51.48,51.89,52.87,51.21,53901721.0,0.0026,2806624200.0,227.19,1308657788235.89
600036,2021-08-24,52.02,52.2,52.85,51.01,52827690.0,0.0026,2748379099.9999995,228.39,1316475940372.2
600036,2021-08-25,52.58,51.43,52.71,51.21,40738077.0,0.002,2107816700.0000002,225.4,1297056659259.43
600036,2021-08-26,51.93,49.6,51.93,49.48,76303507.0,0.0037,3825334099.9999995,218.3,1250904341809.6
600036,2021-08-27,49.7,50.35,50.82,49.5,38614176.0,0.0019,1942863599.9999998,221.21,1269819226010.35
600036,2021-08-30,50.35,48.45,50.35,47.61,107968202.0,0.0052,5224229600.0,213.83,1221901519368.45
600036,2021-08-31,48.45,48.96,49.45,47.85,71044024.0,0.0034000000000000002,3451030100.0,215.81,1234763640624.96
600036,2021-09-01,48.88,50.79,50.95,48.6,82605536.0,0.004,4129767800.0000005,222.92,1280915958074.79
600036,2021-09-02,50.69,51.6,51.88,50.3,72620098.0,0.0034999999999999996,3729206200.0,226.06,1301344033011.6
600036,2021-09-03,51.7,52.0,52.33,50.41,64257331.99999999,0.0031,3321589099.9999995,227.62,1311431971252.0
600036,2021-09-06,51.51,51.2,52.75,51.18,54742847.0,0.0027,2830673200.0,224.51,1291256094771.2
600036,2021-09-07,51.29,52.81,53.08,50.45,77232009.0,0.0037,4026086400.0,230.76,1331860046188.81
600036,2021-09-08,52.72,52.41,53.55,52.26,55390668.00000001,0.0027,2921088000.0,229.21,1321772107948.41
600036,2021-09-09,52.1,52.1,52.68,51.68,35780025.0,0.0017000000000000001,1863278500.0,228.0,1313953955812.1
600036,2021-09-10,52.0,54.12,54.52,51.75,107097799.0,0.0052,5766878100.000001,235.85,1364898043926.12
600036,2021-09-13,53.67,53.92,54.5,53.5,59283043.00000001,0.0029,3202583500.0,235.07,1359854074805.92
600036,2021-09-14,54.3,52.1,54.89,51.8,63116568.99999999,0.0031,3336827199.9999995,228.0,1313953955812.1
600036,2021-09-15,52.0,51.4,52.49,50.8,54233793.00000001,0.0026,2799380300.0000005,225.29,1296300063891.4
600036,2021-09-16,51.23,50.7,51.83,50.21,62989614.0,0.0031,3193865200.0,222.57,1278646171970.7
600036,2021-09-17,50.78,51.25,51.54,50.5,42016472.0,0.002,2143690300.0,224.7,1292517087051.25
600036,2021-09-22,48.68,49.41,49.98,48.1,112259622.0,0.0054,5492053800.0,217.56,1246112571145.41
600036,2021-09-23,49.5,48.84,50.53,48.61,86102453.0,0.0042,4246317000.0,215.34,1231737259152.84
600036,2021-09-24,48.45,48.77,49.33,48.4,53203932.99999999,0.0026,2596408400.0,215.07,1229971869960.77
600036,2021-09-27,48.29,49.09,49.8,48.21,66790515.0,0.0032,3265832100.0,216.32,1238042220553.09
600036,2021-09-28,49.1,50.42,50.98,49.09,70992547.0,0.0034000000000000002,3562616300.0,221.48,1271584615202.42
600036,2021-09-29,49.95,51.56,52.17,49.61,90460986.0,0.0044,4619317500.0,225.91,1300335239187.56
600036,2021-09-30,51.4,50.45,51.43,50.1,58611807.99999999,0.0028000000000000004,2960621599.9999995,221.6,1272341210570.45
600036,2021-10-08,50.02,50.93,51.08,50.02,64555292.00000001,0.0031,3266919300.0,223.46,1284446736458.93
600036,2021-10-11,51.44,53.0,54.18,51.44,97177865.0,0.004699999999999999,5171368900.0,231.5,1336651816853.0
600036,2021-10-12,52.7,53.09,53.79,52.3,58937329.0,0.0029,3129716200.0,231.85,1338921602957.09
600036,2021-10-13,52.95,53.03,53.4,52.05,44255673.0,0.0021,2335530400.0,231.61,1337408412221.03
600036,2021-10-14,52.99,52.36,53.25,52.2,28899621.000000004,0.0014000000000000002,1518009800.0,229.01,1320511115668.36
600036,2021-10-15,52.45,53.31,53.44,52.35,42035759.0,0.002,2230147900.0,232.7,1344469968989.31
600036,2021-10-18,53.31,51.86,53.35,51.55,57794539.0,0.0028000000000000004,3008070400.0,227.07,1307901192867.86
600036,2021-10-19,52.25,52.88,53.32,52.0,48169257.0,0.0023,2545616000.0,231.03,1333625435380.88
600036,2021-10-20,53.21,52.4,53.64,52.28,30570959.000000004,0.0015,1612336000.0,229.17,1321519909492.4
600036,2021-10-21,52.85,53.75,54.0,52.6,57658698.0,0.0028000000000000004,3084324300.0,234.41,1355566701053.75
600036,2021-10-22,54.09,54.29,54.8,53.73,54715057.99999999,0.0027,2967094200.0,236.51,1369185417678.29
600036,2021-10-25,53.83,54.59,54.93,53.1,62334126.0,0.003,3376970800.0,237.67,1376751371358.59
600036,2021-10-26,54.59,55.3,56.23,54.3,71542369.0,0.0034999999999999996,3961795000.0,240.43,1394657461735.3
600036,2021-10-27,55.2,54.52,55.2,53.83,42039441.0,0.002,2287323400.0,237.4,1374985982166.52
600036,2021-10-28,54.3,54.22,55.0,53.85,34623228.0,0.0017000000000000001,1883008800.0,236.24,1367420028486.22
600036,2021-10-29,54.22,53.97,54.75,53.7,40543943.0,0.002,2197661100.0,235.26,1361115067085.97
600036,2021-11-01,54.0,54.12,54.9,53.3,42501781.0,0.0021,2300857400.0,235.85,1364898043926.12
600036,2021-11-02,54.35,52.25,54.49,51.67,75220649.0,0.0036,3957181500.0,228.59,1317736932652.25
600036,2021-11-03,52.35,51.7,52.49,51.67,44437241.0,0.0022,2312474200.0,226.45,1303866017571.7
600036,2021-11-04,52.0,51.75,52.1,51.28,48291475.0,0.0023,2492815500.0,226.64,1305127009851.75
600036,2021-11-05,51.72,51.56,52.11,51.42,36197416.0,0.0018,1871325300.0,225.91,1300335239187.56
600036,2021-11-08,51.32,51.3,51.9,50.8,38674906.0,0.0019,1984383400.0,224.9,1293778079331.3
600036,2021-11-09,51.4,51.06,51.7,50.6,38788364.0,0.0019,1979827700.0,223.97,1287725316387.06
600036,2021-11-10,51.06,50.63,51.15,50.04,55807106.00000001,0.0027,2812533100.0,222.3,1276880782778.63
600036,2021-11-11,50.55,52.82,52.87,50.46,84973170.0,0.0040999999999999995,4430680100.0,230.8,1332112244644.82
600036,2021-11-12,52.82,52.4,53.18,52.25,34359656.0,0.0017000000000000001,1807134400.0,229.17,1321519909492.4
600036,2021-11-15,52.79,52.93,53.61,52.37,36695032.0,0.0018,1941710200.0,231.23,1334886427660.93
600036,2021-11-16,52.9,52.5,53.38,52.16,32231509.000000004,0.0016,1699581500.0,229.56,1324041894052.5
600036,2021-11-17,52.22,51.84,52.83,51.81,33938551.0,0.0016,1768981500.0,226.99,1307396795955.84
600036,2021-11-18,51.8,51.41,52.0,51.0,34244267.0,0.0017000000000000001,1762554200.0000002,225.32,1296552262347.41
600036,2021-11-19,51.48,52.33,52.74,51.11,46466797.0,0.0023,2419758600.0,228.9,1319754520300.33
600036,2021-11-22,52.1,51.69,52.34,51.59,37653834.0,0.0018,1952025799.9999998,226.41,1303613819115.69
600036,2021-11-23,51.75,51.75,52.3,51.44,38914891.0,0.0019,2014133000.0,226.64,1305127009851.75
600036,2021-11-24,51.59,51.74,51.9,51.17,31503965.000000004,0.0015,1622099200.0000002,226.61,1304874811395.74
600036,2021-11-25,51.7,51.42,51.7,51.24,21566020.0,0.001,1107928500.0,225.36,1296804460803.42
600036,2021-11-26,51.2,50.1,51.45,49.88,82335731.0,0.004,4141774900.0,220.24,1263514264610.1
600036,2021-11-29,49.78,49.82,50.1,48.82,82724704.0,0.004,4081227199.9999995,219.15,1256452707841.82
600036,2021-11-30,49.48,49.49,49.85,48.91,61004256.00000001,0.003,3008854099.9999995,217.87,1248130158793.49
600036,2021-12-01,49.48,49.99,50.2,49.28,50036103.0,0.0024,2498326200.0,219.81,1260740081593.99
600036,2021-12-02,50.01,50.89,51.0,49.49,55607048.0,0.0027,2814606800.0,223.3,1283437942634.89
600036,2021-12-03,51.07,51.25,51.28,50.47,49407647.0,0.0024,2518566500.0,224.7,1292517087051.25
600036,2021-12-06,51.49,51.82,52.4,51.33,60471643.00000001,0.0029,3140183400.0000005,226.92,1306892399043.82
600036,2021-12-07,52.29,51.84,52.58,51.1,54077371.0,0.0026,2797815000.0,226.99,1307396795955.84
600036,2021-12-08,51.98,52.04,52.28,51.4,49097472.0,0.0024,2543266800.0,227.77,1312440765076.04
600036,2021-12-09,52.25,53.13,53.84,51.8,84055721.0,0.0040999999999999995,4454334000.0,232.0,1339930396781.13
600036,2021-12-10,52.9,53.49,53.49,52.68,56426281.00000001,0.0027,2996780200.0,233.4,1349009541197.49
600036,2021-12-13,53.56,52.42,54.2,52.41,64554566.0,0.0031,3432179800.0,229.25,1322024306404.42
600036,2021-12-14,52.32,51.15,52.5,50.85,81062947.0,0.0039000000000000003,4165403600.0,224.31,1289995102491.15
600036,2021-12-15,51.0,51.0,51.34,50.78,37849327.0,0.0018,1929195600.0,223.73,1286212125651.0
600036,2021-12-16,50.91,51.2,51.3,50.61,38365339.0,0.0019,1957514900.0,224.51,1291256094771.2
600036,2021-12-17,51.09,50.77,51.4,50.66,47644905.0,0.0023,2422698300.0,222.84,1280411561162.77
600036,2021-12-20,50.7,50.69,51.3,50.39,47082627.0,0.0023,2394420800.0,222.53,1278393973514.69
600036,2021-12-21,50.65,50.63,50.99,50.3,35694442.0,0.0017000000000000001,1808288500.0,222.3,1276880782778.63
600036,2021-12-22,50.63,50.01,50.75,49.88,43682819.0,0.0021,2189842100.0,219.89,1261244478506.01
600036,2021-12-23,50.11,50.22,50.26,49.68,42370871.0,0.0021,2115301000.0,220.7,1266540646082.22
600036,2021-12-24,50.22,49.86,50.22,49.84,34465068.0,0.0017000000000000001,1721265900.0,219.31,1257461501665.86
600036,2021-12-27,49.87,49.33,50.06,49.0,73594333.0,0.0036,3634240500.0,217.25,1244094983497.33
600036,2021-12-28,49.33,49.63,49.8,49.2,65322073.0,0.0032,3237655200.0,218.41,1251660937177.63
600036,2021-12-29,49.67,47.62,49.72,47.61,143890268.0,0.006999999999999999,6964711600.0,210.61,1200969047519.62
600036,2021-12-30,47.89,48.5,48.78,47.66,96791651.0,0.004699999999999999,4682208000.0,214.02,1223162511648.5
600036,2021-12-31,48.54,48.71,48.88,48.33,49293501.0,0.0024,2399746900.0,214.84,1228458679224.71
600036,2022-01-04,48.71,48.35,48.71,47.51,71960645.0,0.0034999999999999996,3452352199.9999995,213.44,1219379534808.35
600036,2022-01-05,48.49,49.05,49.68,48.4,83717375.0,0.0040999999999999995,4114524300.0,216.16,1237033426729.05
600036,2022-01-06,48.82,48.15,49.39,48.1,68186664.0,0.0033,3299825700.0,212.67,1214335565688.15
600036,2022-01-07,48.14,49.05,49.14,48.04,66073705.00000001,0.0032,3219523400.0000005,216.16,1237033426729.05
600036,2022-01-10,49.47,49.23,50.0,48.91,57093634.0,0.0028000000000000004,2818145100.0,216.86,1241572998937.23
600036,2022-01-11,49.49,49.85,50.1,48.89,71561748.0,0.0034999999999999996,3558651500.0,219.27,1257209303209.85
600036,2022-01-12,49.87,49.76,50.1,49.19,51841118.0,0.0025,2574764200.0,218.92,1254939517105.76
600036,2022-01-13,49.85,49.34,50.05,49.12,40140754.0,0.0019,1989903400.0,217.29,1244347181953.34
600036,2022-01-14,49.47,48.02,49.47,48.0,66657098.0,0.0032,3218203400.0000005,212.16,1211056985760.02
600036,2022-01-17,48.37,48.58,48.85,47.89,53180761.0,0.0026,2574843000.0,214.34,1225180099296.58
600036,2022-01-18,48.65,49.01,49.34,48.28,57907707.99999999,0.0028000000000000004,2835126300.0,216.0,1236024632905.01
600036,2022-01-19,49.47,49.7,49.98,49.11,62028026.0,0.003,3078947700.0,218.68,1253426326369.7
600036,2022-01-20,49.88,51.37,51.89,49.88,138624871.0,0.0067,7089347700.0,225.17,1295543468523.37
600036,2022-01-21,51.39,51.82,52.0,51.21,85808094.0,0.0042,4439219200.0,226.92,1306892399043.82
600036,2022-01-24,51.95,51.85,52.0,51.03,63815519.99999999,0.0031,3288272300.0,227.03,1307648994411.85
600036,2022-01-25,51.55,50.9,51.79,50.7,58351289.0,0.0028000000000000004,2987207400.0,223.34,1283690141090.9
600036,2022-01-26,51.25,51.0,51.49,50.6,43669628.0,0.0021,2226767100.0,223.73,1286212125651.0
600036,2022-01-27,50.9,50.77,51.18,50.12,52940056.99999999,0.0026,2687973700.0,222.84,1280411561162.77
600036,2022-01-28,51.05,49.21,51.2,49.15,71514411.0,0.0034999999999999996,3576839800.0,216.78,1241068602025.21
600036,2022-02-07,50.3,51.35,51.5,50.13,73234913.0,0.0036,3741572700.0,225.09,1295039071611.35
600036,2022-02-08,51.55,51.71,52.0,50.99,52824176.0,0.0026,2724121500.0,226.49,1304118216027.71
600036,2022-02-09,51.9,51.62,52.34,51.28,51220706.0,0.0025,2651984699.9999995,226.14,1301848429923.62
600036,2022-02-10,51.9,51.71,51.9,51.0,33554246.999999996,0.0016,1725040500.0,226.49,1304118216027.71
600036,2022-02-11,51.82,52.76,53.0,51.65,80993265.0,0.0039000000000000003,4267478100.0,230.57,1330599053908.76
600036,2022-02-14,52.99,51.2,52.99,51.0,59405166.0,0.0029,3060510000.0,224.51,1291256094771.2
600036,2022-02-15,50.95,50.22,51.38,49.95,56617903.0,0.0027,2851170300.0000005,220.7,1266540646082.22
600036,2022-02-16,50.56,51.07,51.36,50.23,40495579.0,0.002,2065162800.0,224.0,1287977514843.07
600036,2022-02-17,51.27,51.46,51.98,50.92,44157043.0,0.0021,2281127800.0,225.52,1297813254627.46
600036,2022-02-18,51.25,52.06,52.11,51.25,35439010.0,0.0017000000000000001,1837821800.0,227.85,1312945161988.06
600036,2022-02-21,51.83,51.76,51.89,51.01,31345076.0,0.0015,1610843100.0,226.68,1305379208307.76
600036,2022-02-22,51.08,51.22,51.35,50.74,36983993.0,0.0018,1887326600.0,224.59,1291760491683.22
600036,2022-02-23,51.46,50.83,51.46,50.65,37499974.0,0.0018,1905978100.0,223.07,1281924751898.83
600036,2022-02-24,50.55,50.02,50.58,49.85,48238083.0,0.0023,2418202000.0,219.93,1261496676962.02
600036,2022-02-25,50.04,49.81,50.5,49.55,45184050.0,0.0022,2256854500.0,219.11,1256200509385.81
600036,2022-02-28,49.59,49.8,49.94,49.31,33528964.0,0.0016,1662895000.0,219.07,1255948310929.8
600036,2022-03-01,50.0,50.24,50.5,49.36,40645436.0,0.002,2027737700.0,220.78,1267045042994.24
600036,2022-03-02,49.8,49.47,50.23,49.44,39707598.0,0.0019,1972076200.0,217.79,1247625761881.47
600036,2022-03-03,49.58,49.73,49.97,49.45,31128967.0,0.0015,1546031500.0,218.8,1254182921737.73
600036,2022-03-04,49.25,48.7,49.39,48.5,57789719.99999999,0.0028000000000000004,2818733900.0,214.8,1228206480768.7
600036,2022-03-07,48.01,46.76,48.26,46.5,101435369.0,0.0049,4773665700.0,207.27,1179279980302.76
600036,2022-03-08,46.56,45.48,46.77,45.2,83466464.0,0.004,3842685600.0,202.3,1146998577933.48
600036,2022-03-09,45.6,44.39,45.73,43.01,90043112.0,0.0044,4012104699.9999995,198.06,1119508946228.39
600036,2022-03-10,45.6,44.7,45.7,44.63,67149583.0,0.0033,3031093300.0,199.27,1127327098364.7
600036,2022-03-11,44.5,44.45,44.79,43.1,74052488.0,0.0036,3252533300.0,198.3,1121022136964.45
600036,2022-03-14,43.5,42.15,43.98,42.1,108046557.0,0.0052,4627178700.0,189.37,1063016492082.15
600036,2022-03-15,41.61,39.45,41.61,39.18,131309249.0,0.0064,5293255400.0,178.88,994922908959.45
600036,2022-03-16,40.06,42.58,42.8,39.91,137744932.0,0.0067,5685452900.0,191.04,1073861025690.58
600036,2022-03-17,44.15,44.51,45.17,43.67,131964759.00000001,0.0064,5873750300.0,198.53,1122535327700.51
600036,2022-03-18,44.6,46.17,46.17,44.02,92358531.0,0.0045000000000000005,4173209900.0,204.98,1164400271398.17
600036,2022-03-21,45.89,44.81,45.89,44.6,79103220.0,0.0038,3566893300.0,199.7,1130101281380.81
600036,2022-03-22,45.04,45.53,45.86,44.82,54903830.00000001,0.0027,2497185100.0,202.49,1148259570213.53
600036,2022-03-23,45.69,45.76,45.97,45.3,46995984.0,0.0023,2148515100.0,203.38,1154060134701.76
600036,2022-03-24,45.6,45.77,46.09,45.36,38033234.0,0.0018,1742027100.0,203.42,1154312333157.77
600036,2022-03-25,45.71,45.18,45.95,45.0,31825936.0,0.0015,1445682000.0,201.13,1139432624253.18
600036,2022-03-28,44.84,45.05,45.5,44.25,38645874.0,0.0019,1736237600.0,200.63,1136154044325.05
600036,2022-03-29,45.15,45.01,45.55,44.91,34962089.0,0.0017000000000000001,1580213200.0,200.47,1135145250501.01
600036,2022-03-30,45.36,46.23,46.3,45.35,52072269.0,0.0025,2389901300.0,205.21,1165913462134.23
600036,2022-03-31,45.99,46.8,47.12,45.82,61588490.0,0.003,2878948600.0,207.42,1180288774126.8
600036,2022-04-01,46.49,47.1,47.47,46.28,47613900.0,0.0023,2233625300.0,208.59,1187854727807.1
600036,2022-04-06,46.4,47.39,47.73,46.38,47826900.0,0.0023,2260412700.0,209.71,1195168483031.39
600036,2022-04-07,47.35,46.86,47.59,46.58,37720100.0,0.0018,1776370400.0,207.66,1181801964862.86
600036,2022-04-08,46.7,47.18,47.18,46.6,36423500.0,0.0018,1711753100.0,208.9,1189872315455.18
600036,2022-04-11,46.71,45.9,46.87,45.59,49261200.0,0.0024,2263984300.0,203.93,1157590913085.9
600036,2022-04-12,46.2,45.7,46.46,45.11,58884000.0,0.0029,2691571000.0,203.15,1152546943965.7
600036,2022-04-13,45.7,45.75,46.1,45.31,44822300.0,0.0022,2054724500.0,203.35,1153807936245.75
600036,2022-04-14,46.01,45.76,46.43,45.75,32661300.0,0.0016,1503135700.0,203.38,1154060134701.76
600036,2022-04-15,45.7,46.83,47.0,45.49,42315900.0,0.0021,1962144200.0000002,207.54,1181045369494.83
600036,2022-04-18,45.96,43.39,45.96,42.78,236677500.0,0.0115,10320718100.0,194.18,1094289100627.39
600036,2022-04-19,42.0,42.1,42.75,41.4,250477000.0,0.0121,10505571100.000002,189.17,1061755499802.1
600036,2022-04-20,41.8,41.1,41.98,40.9,131826900.0,0.0064,5440590500.0,185.29,1036535654201.1
600036,2022-04-21,40.7,41.28,42.1,40.6,114350100.0,0.0055000000000000005,4747988000.0,185.99,1041075226409.28
600036,2022-04-22,40.66,42.5,42.97,40.65,119534000.0,0.0058,5041291300.0,190.73,1071843438042.5
600036,2022-04-25,40.38,38.83,40.95,38.72,236874500.0,0.0115,9367538000.0,176.48,979286604686.83
600036,2022-04-26,38.86,38.41,39.16,37.6,145471900.0,0.0070999999999999995,5605383100.000001,174.84,968694269534.41
600036,2022-04-27,37.83,38.04,38.63,37.61,154620800.0,0.0075,5867256800.000001,173.41,959362926662.04
600036,2022-04-28,38.06,39.62,40.08,37.95,156452300.0,0.0076,6124749800.0,179.54,999210282711.62
600036,2022-04-29,39.1,39.93,40.21,38.72,123692900.0,0.006,4884561400.0,180.75,1007028434847.93
600036,2022-05-05,39.66,39.26,40.18,39.02,94425100.0,0.0046,3712525700.0,178.14,990131138295.26
600036,2022-05-06,38.7,37.91,38.75,37.9,88945500.0,0.0043,3392746100.0,172.9,956084346733.91
600036,2022-05-09,37.8,36.47,37.82,36.15,125240600.0,0.0060999999999999995,4603133900.0,167.31,919767769068.47
600036,2022-05-10,35.98,36.98,37.16,35.26,121763700.0,0.0059,4424738800.0,169.29,932629890324.98
600036,2022-05-11,36.83,37.21,37.56,36.6,87239900.0,0.0042,3245600400.0,170.18,938430454813.21
600036,2022-05-12,36.8,36.61,37.06,36.43,63002300.0,0.0031,2309969900.0,167.85,923298547452.61
600036,2022-05-13,36.98,37.15,37.6,36.9,70130100.0,0.0034000000000000002,2610117500.0,169.95,936917264077.15
600036,2022-05-16,37.13,36.89,37.13,36.44,64474200.0,0.0031,2373534400.0,168.94,930360104220.89
600036,2022-05-17,37.36,38.6,38.63,37.36,118395400.0,0.005699999999999999,4517008500.0,175.58,973486040198.6
600036,2022-05-18,39.0,38.5,39.08,37.9,88775500.0,0.0043,3406772000.0,175.19,970964055638.5
600036,2022-05-19,37.89,38.03,38.25,37.52,54201100.0,0.0026,2054604100.0,173.37,959110728206.03
600036,2022-05-20,38.75,39.96,40.18,38.75,133887200.0,0.006500000000000001,5296502600.0,180.86,1007785030215.96
600036,2022-05-23,39.97,39.49,40.05,39.45,61808800.0,0.003,2449773600.0,179.04,995931702783.49
600036,2022-05-24,39.6,38.9,39.83,38.84,68743000.0,0.0033,2695176599.9999995,176.75,981051993878.9
600036,2022-05-25,38.98,38.78,39.1,38.64,48902500.0,0.0024,1897867100.0,176.28,978025612406.78
600036,2022-05-26,39.0,38.43,39.0,38.08,61543000.0,0.003,2361966500.0,174.92,969198666446.43
600036,2022-05-27,38.9,39.12,39.41,38.73,60839600.0,0.0029,2382330300.0,177.6,986600359911.12
600036,2022-05-30,39.5,39.07,39.5,38.79,47153700.0,0.0023,1841958599.9999998,177.41,985339367631.07
600036,2022-05-31,39.05,39.69,39.75,38.8,64540400.0,0.0031,2550654600.0,179.81,1000975671903.69
600036,2022-06-01,39.7,39.69,39.7,39.27,43383400.0,0.0021,1714345900.0,179.81,1000975671903.69
600036,2022-06-02,39.3,38.92,39.43,38.74,54728100.0,0.0027,2129924500.0,176.82,981556390790.92
600036,2022-06-06,38.85,38.97,39.03,38.1,69870300.0,0.0034000000000000002,2692557400.0,177.02,982817383070.97
600036,2022-06-07,38.96,39.35,39.5,38.67,62272600.0,0.003,2441620700.0,178.49,992400924399.35
600036,2022-06-08,39.36,39.53,39.6,39.02,59693100.0,0.0029,2345955700.0,179.19,996940496607.53
600036,2022-06-09,39.5,40.29,40.6,39.41,90860700.0,0.0044,3656593700.0,182.14,1016107579264.29
600036,2022-06-10,39.91,40.12,40.16,39.5,79539400.0,0.0039000000000000003,3166842600.0,181.48,1011820205512.12
600036,2022-06-13,39.56,38.57,39.56,38.34,97131200.0,0.004699999999999999,3770847500.0,175.47,972729444830.57
600036,2022-06-14,38.2,39.24,39.3,38.11,59836200.0,0.0029,2314895000.0,178.07,989626741383.24
600036,2022-06-15,39.19,40.48,41.1,39.19,139489500.0,0.0068000000000000005,5639026300.0,182.88,1020899349928.48
600036,2022-06-16,40.88,39.96,40.98,39.96,63688300.0,0.0031,2567652100.0,180.86,1007785030215.96
600036,2022-06-17,39.84,39.85,40.17,39.27,55073100.0,0.0027,2188790600.0,180.44,1005010847199.85
600036,2022-06-20,39.89,39.7,40.1,39.4,61420600.0,0.003,2440349600.0,179.85,1001227870359.7
600036,2022-06-21,39.74,40.33,40.65,39.45,58391400.0,0.0028000000000000004,2351462300.0,182.3,1017116373088.33
600036,2022-06-22,40.4,39.31,40.47,39.3,73071200.0,0.0034999999999999996,2896990400.0,178.34,991392130575.31
600036,2022-06-23,39.32,40.14,40.21,39.32,61603000.0,0.003,2459925100.0,181.56,1012324602424.14
600036,2022-06-24,40.27,40.2,40.59,39.66,63995000.0,0.0031,2559336600.0,181.79,1013837793160.2
600036,2022-06-27,40.33,41.25,41.36,40.15,89340800.0,0.0043,3664489400.0,185.87,1040318631041.25
600036,2022-06-28,41.1,41.28,41.42,40.9,49916400.0,0.0024,2054696500.0,185.99,1041075226409.28
600036,2022-06-29,41.27,41.01,41.71,40.99,62280400.0,0.003,2571017800.0,184.94,1034265868097.01
600036,2022-06-30,41.04,42.2,42.7,40.96,83262800.0,0.004,3502837199.9999995,189.56,1064277484362.2
600036,2022-07-01,42.38,41.38,42.38,41.21,69574800.0,0.0034000000000000002,2888674500.0,186.38,1043597210969.38
600036,2022-07-04,41.28,41.05,41.37,40.8,48691800.0,0.0024,2000021800.0,185.1,1035274661921.05
600036,2022-07-05,41.46,40.98,41.67,40.76,53453800.0,0.0026,2198036100.0,184.82,1033509272728.98
600036,2022-07-06,40.96,39.8,41.09,39.6,88526600.0,0.0043,3542584699.9999995,180.24,1003749854919.8
600036,2022-07-07,39.8,39.75,40.17,39.55,50812900.0,0.0025,2024650600.0,180.05,1002488862639.75
600036,2022-07-08,40.2,39.81,40.22,39.63,48036100.0,0.0023,1912947000.0,180.28,1004002053375.81
600036,2022-07-11,39.58,39.44,39.69,39.2,40375500.0,0.002,1589869300.0,178.84,994670710503.44
600036,2022-07-12,39.36,39.3,39.8,39.03,58063000.0,0.0028000000000000004,2285703400.0,178.3,991139932119.3
600036,2022-07-13,39.07,37.9,39.25,37.69,141083100.0,0.0068000000000000005,5383917600.0,172.86,955832148277.9
600036,2022-07-14,37.17,36.48,37.19,35.5,232523400.0,0.0113,8431357300.0,167.35,920019967524.48
600036,2022-07-15,35.1,34.87,35.96,34.86,138245200.0,0.0067,4872775500.0,167.01,879416016106.87
600036,2022-07-18,35.15,35.63,35.84,35.01,90308000.0,0.0044,3202227199.9999995,169.96,898583098763.63
600036,2022-07-19,35.5,35.71,35.85,35.2,53781400.0,0.0026,1910448500.0,170.27,900600686411.71
600036,2022-07-20,35.94,35.85,36.12,35.71,46968900.0,0.0023,1685116900.0,170.81,904131464795.85
600036,2022-07-21,35.54,35.46,35.83,35.37,46624100.0,0.0023,1656137600.0,169.3,894295725011.46
600036,2022-07-22,35.55,35.59,36.05,35.25,51033300.0,0.0025,1817477300.0,169.8,897574304939.59
600036,2022-07-25,35.38,35.85,35.98,35.22,40464900.0,0.002,1447583000.0,170.81,904131464795.85
600036,2022-07-26,35.85,36.33,36.35,35.79,45628500.0,0.0022,1651632400.0,172.68,916236990684.33
600036,2022-07-27,36.23,36.05,36.35,35.91,44247100.0,0.0021,1597140600.0,171.59,909175433916.05
600036,2022-07-28,36.1,35.78,36.35,35.75,57066800.0,0.0028000000000000004,2054633500.0,170.54,902366075603.78
600036,2022-07-29,35.83,35.07,36.18,35.01,64970600.0,0.0031,2299974500.0,167.78,884459985227.07
600036,2022-08-01,34.99,34.52,35.01,34.45,70588300.0,0.0034000000000000002,2445426300.0,165.65,870589070146.52
600036,2022-08-02,34.2,33.91,34.21,33.33,81160800.0,0.0039000000000000003,2741206200.0,163.28,855204964329.91
600036,2022-08-03,33.9,33.06,34.49,32.95,100320600.0,0.0049,3341394300.0,159.98,833768095569.06
600036,2022-08-04,33.33,33.66,33.7,33.23,59307300.0,0.0029,1986094500.0,162.31,848900002929.66
600036,2022-08-05,33.81,34.3,34.34,33.62,48871900.0,0.0024,1660667600.0,164.79,865040704114.3
600036,2022-08-08,34.19,33.91,34.49,33.62,57211200.0,0.0028000000000000004,1942980000.0,163.28,855204964329.91
600036,2022-08-09,33.95,33.6,33.95,33.4,49867100.0,0.0024,1675279900.0,162.08,847386812193.6
600036,2022-08-10,33.56,33.15,33.7,33.03,52960500.0,0.0026,1758806099.9999998,160.33,836037881673.15
600036,2022-08-11,33.46,34.36,34.4,33.18,82668800.0,0.004,2799671300.0,165.03,866553894850.36
600036,2022-08-12,34.16,34.37,34.44,34.03,40200100.0,0.0019,1377797400.0,165.07,866806093306.37
600036,2022-08-15,34.1,33.73,34.33,33.53,45918100.0,0.0022,1554089600.0,162.58,850665392121.73
600036,2022-08-16,33.86,33.91,34.37,33.75,47915500.0,0.0023,1629408700.0,163.28,855204964329.91
600036,2022-08-17,34.0,34.24,34.33,33.54,45395500.0,0.0022,1545822400.0,164.56,863527513378.24
600036,2022-08-18,34.13,33.72,34.17,33.44,50734400.0,0.0025,1709182800.0,162.54,850413193665.72
600036,2022-08-19,33.48,33.85,34.15,33.46,42845000.0,0.0021,1455096400.0000002,163.05,853691773593.85
600036,2022-08-22,33.54,33.62,34.12,33.5,52563500.0,0.0025,1773361300.0,162.15,847891209105.62
600036,2022-08-23,33.59,33.1,33.6,33.02,53965700.0,0.0026,1791825400.0,160.14,834776889393.1
600036,2022-08-24,33.14,32.84,33.44,32.8,58965900.0,0.0029,1950217400.0,159.13,828219729536.84
600036,2022-08-25,32.9,33.69,33.77,32.59,65073900.0,0.0032,2161568400.0,162.43,849656598297.69
600036,2022-08-26,33.7,33.7,34.04,33.33,54968300.0,0.0027,1852196000.0,162.47,849908796753.7
600036,2022-08-29,33.31,33.28,33.82,33.11,38901400.0,0.0019,1293596300.0,160.83,839316461601.28
600036,2022-08-30,33.11,33.79,33.87,33.08,59087700.0,0.0029,1983189100.0,162.81,852178582857.79
600036,2022-08-31,33.54,35.05,35.24,33.47,166545100.0,0.008100000000000001,5773783199.999999,167.71,883955588315.05
600036,2022-09-01,34.86,34.5,35.04,34.49,60742100.0,0.0029,2109230500.0,165.57,870084673234.5
600036,2022-09-02,34.6,34.32,34.9,34.12,47663500.0,0.0023,1638046900.0,164.87,865545101026.32
600036,2022-09-05,34.25,34.23,34.39,33.56,46737200.0,0.0023,1585571200.0,164.52,863275314922.23
600036,2022-09-06,34.32,33.62,34.75,33.5,87756100.0,0.0043,2969378300.0,162.15,847891209105.62
600036,2022-09-07,33.35,33.38,33.48,33.06,62522000.0,0.003,2077539000.0,161.22,841838446161.38
600036,2022-09-08,33.37,33.3,33.53,33.25,41667200.0,0.002,1390770600.0,160.91,839820858513.3
600036,2022-09-09,33.45,34.5,34.76,33.38,135166600.0,0.0066,4636864200.0,165.57,870084673234.5
600036,2022-09-13,34.45,35.35,35.65,34.29,143861100.0,0.006999999999999999,5071277400.0,168.87,891521541995.35
600036,2022-09-14,34.9,34.86,35.3,34.71,56078600.0,0.0027,1960637600.0,166.97,879163817650.86
600036,2022-09-15,35.15,36.01,36.06,35.15,134095000.0,0.006500000000000001,4805992200.0,171.43,908166640092.01
600036,2022-09-16,35.69,34.95,36.0,34.92,86516100.0,0.0042,3050978900.0,167.32,881433603754.95
600036,2022-09-19,34.89,35.09,35.32,34.75,44998100.0,0.0022,1578116300.0,167.86,884964382139.09
600036,2022-09-20,35.1,34.54,35.19,34.35,50434600.0,0.0024,1745868500.0,165.73,871093467058.54
600036,2022-09-21,34.45,34.41,34.88,33.86,53038900.0,0.0026,1821095300.0,165.22,867814887130.41
600036,2022-09-22,34.0,34.17,34.25,33.91,38514600.0,0.0019,1310807200.0,164.29,861762124186.17
600036,2022-09-23,34.0,34.36,34.66,34.0,36643700.0,0.0018,1258753300.0,165.03,866553894850.36
600036,2022-09-26,34.02,33.95,34.52,33.84,52549100.0,0.0025,1789546000.0,163.44,856213758153.95
600036,2022-09-27,33.89,33.9,34.05,33.44,47541400.0,0.0023,1604082600.0,163.24,854952765873.9
600036,2022-09-28,33.79,33.67,34.0,33.42,48729900.0,0.0024,1642543400.0,162.35,849152201385.67
600036,2022-09-29,33.99,33.15,34.32,33.0,61785900.0,0.003,2073148599.9999998,160.33,836037881673.15
600036,2022-09-30,33.26,33.65,33.95,33.12,53971700.0,0.0026,1816711700.0000002,162.27,848647804473.65
600036,2022-10-10,32.99,31.8,33.09,31.25,127799100.0,0.0062,4068516500.0,155.09,801991090111.8
600036,2022-10-11,31.79,31.4,32.07,31.31,61866400.0,0.003,1953843200.0,153.53,791903151871.4
600036,2022-10-12,31.25,30.95,31.3,30.05,117370000.0,0.005699999999999999,3590021700.0,151.79,780554221350.95
600036,2022-10-13,30.47,29.89,30.56,29.7,135038100.0,0.006500000000000001,4045377700.0,147.67,753821185013.89
600036,2022-10-14,30.3,31.08,31.22,30.1,126919700.0,0.0062,3911873400.0000005,152.29,783832801279.08
600036,2022-10-17,30.7,31.02,31.18,30.54,64631000.0,0.0031,1997396400.0000002,152.06,782319610543.02
600036,2022-10-18,31.3,30.8,31.38,30.7,56281400.0,0.0027,1739816000.0,151.2,776771244510.8
600036,2022-10-19,30.72,30.26,31.07,30.21,52827500.0,0.0026,1614469100.0,149.11,763152527886.26
600036,2022-10-20,30.0,30.07,30.45,29.88,55115400.0,0.0027,1657020700.0,148.37,758360757222.07
600036,2022-10-21,30.15,29.58,30.27,29.5,72871100.0,0.0034999999999999996,2171956500.0,146.47,746003032877.58
600036,2022-10-24,29.39,28.02,29.49,28.0,145145800.0,0.006999999999999999,4134436300.0,140.41,706660073740.02
600036,2022-10-25,28.02,28.19,28.47,27.81,86028200.0,0.0042,2418348000.0,141.07,710947447492.19
600036,2022-10-26,27.98,27.93,28.32,27.76,75402200.0,0.0037,2113201200.0,140.06,704390287635.93
600036,2022-10-27,28.2,27.94,28.44,27.9,76286600.0,0.0037,2145320700.0,140.1,704642486091.94
600036,2022-10-28,27.6,27.18,28.0,26.99,94946400.0,0.0046,2601030900.0,137.15,685475403435.18
600036,2022-10-31,26.9,26.82,27.13,26.3,95303300.0,0.0046,2553633500.0,135.75,676396259018.82
600036,2022-11-01,27.1,28.19,28.25,27.01,105901900.0,0.0051,2937217700.0,141.07,710947447492.19
600036,2022-11-02,28.16,28.42,28.7,27.85,72836100.0,0.0034999999999999996,2060238800.0,141.96,716748011980.42
600036,2022-11-03,28.35,28.05,28.38,27.88,50172200.0,0.0024,1410971300.0,140.53,707416669108.05
600036,2022-11-04,28.05,29.08,29.25,27.99,92683000.0,0.0045000000000000005,2676989800.0,144.53,733393110077.08
600036,2022-11-07,28.8,29.16,29.43,28.62,54538000.0,0.0026,1585520900.0,144.84,735410697725.16
600036,2022-11-08,29.2,29.15,29.38,28.94,43978200.0,0.0021,1281125700.0,144.8,735158499269.15
600036,2022-11-09,29.15,29.18,29.55,29.0,46306000.0,0.0022,1353976600.0,144.91,735915094637.18
600036,2022-11-10,29.0,29.19,29.3,28.77,40004600.0,0.0019,1163044400.0,144.95,736167293093.19
600036,2022-11-11,30.1,31.24,31.8,29.71,168871700.0,0.008199999999999999,5192860300.0,152.91,787867976575.24
600036,2022-11-14,32.5,33.14,33.69,32.33,204968500.0,0.009899999999999999,6818027900.0,160.29,835785683217.14
600036,2022-11-15,33.15,33.28,33.83,32.75,91330500.0,0.0044,3043238600.0,160.83,839316461601.28
600036,2022-11-16,33.26,33.38,33.48,32.86,61459400.0,0.003,2043574600.0,161.22,841838446161.38
600036,2022-11-17,33.3,32.31,33.3,32.0,103715200.0,0.005,3358356900.0,157.07,814853211368.31
600036,2022-11-18,32.29,32.07,32.68,31.83,56273200.0,0.0027,1805184100.0,156.14,808800448424.07
600036,2022-11-21,31.6,31.87,31.97,31.05,47910400.0,0.0023,1512009200.0000002,155.36,803756479303.87
600036,2022-11-22,32.07,32.45,32.88,31.8,65416700.0,0.0032,2120960799.9999998,157.61,818383989752.45
600036,2022-11-23,32.33,32.22,32.95,32.15,57764400.0,0.0028000000000000004,1878620100.0,156.72,812583425264.22
600036,2022-11-24,32.6,32.22,32.87,32.08,40630100.0,0.002,1314257000.0,156.72,812583425264.22
600036,2022-11-25,32.21,33.02,33.22,32.18,83012200.0,0.004,2729700900.0000005,159.82,832759301745.02
600036,2022-11-28,32.1,31.96,32.11,31.45,80937700.0,0.0039000000000000003,2566010800.0,155.71,806026265407.96
600036,2022-11-29,32.79,34.86,34.91,32.75,175318700.0,0.0085,5977812000.0,166.97,879163817650.86
600036,2022-11-30,34.33,34.96,35.44,34.2,87332500.0,0.0042,3048012199.9999995,167.36,881685802210.96
600036,2022-12-01,35.9,35.0,36.5,34.85,83139700.0,0.004,2948536900.0,167.51,882694596035.0
600036,2022-12-02,35.0,34.39,35.0,34.16,59846200.0,0.0029,2055897700.0,165.14,867310490218.39
600036,2022-12-05,34.97,36.1,36.1,34.61,105060400.0,0.0051,3735713600.0,171.78,910436426196.1
600036,2022-12-06,35.91,35.85,35.98,35.42,65110400.0,0.0032,2322429400.0,170.81,904131464795.85
600036,2022-12-07,35.8,35.32,35.95,35.3,56460600.0,0.0027,2005014200.0000002,168.76,890764946627.32
600036,2022-12-08,35.25,35.45,35.77,35.16,44355200.0,0.0022,1574334300.0,169.26,894043526555.45
600036,2022-12-09,35.8,36.75,36.93,35.63,95816300.0,0.0046,3491269600.0,174.31,926829325836.75
600036,2022-12-12,36.41,35.79,36.6,35.68,60626200.0,0.0029,2186064400.0,170.58,902618274059.79
600036,2022-12-13,35.73,36.14,36.26,35.61,38290400.0,0.0019,1379130400.0,171.94,911445220020.14
600036,2022-12-14,36.14,36.91,37.04,36.02,64436200.0,0.0031,2361876200.0,174.93,930864501132.91
600036,2022-12-15,36.62,36.33,36.96,36.22,40340300.0,0.002,1470345000.0,172.68,916236990684.33
600036,2022-12-16,36.3,37.09,37.2,36.3,60782000.0,0.0029,2242781200.0,175.63,935404073341.09
600036,2022-12-19,37.1,36.5,37.34,36.25,54784300.0,0.0027,2014825900.0,173.34,920524364436.5
600036,2022-12-20,36.24,35.72,36.55,35.3,70291100.0,0.0034000000000000002,2518741600.0,170.31,900852884867.72
600036,2022-12-21,35.99,35.95,36.23,35.71,33049800.0,0.0016,1188825700.0,171.2,906653449355.95
600036,2022-12-22,36.53,36.5,36.85,36.25,35971500.0,0.0017000000000000001,1312827400.0,173.34,920524364436.5
600036,2022-12-23,36.29,36.37,36.8,36.15,33058400.0,0.0016,1204442500.0,172.83,917245784508.37
600036,2022-12-26,36.35,35.95,36.8,35.89,36047400.0,0.0017000000000000001,1309281800.0,171.2,906653449355.95
600036,2022-12-27,36.45,36.67,36.98,36.33,36790700.0,0.0018,1350814500.0,174.0,924811738188.67
600036,2022-12-28,36.67,37.33,37.52,36.58,52886000.0,0.0026,1970716200.0,176.56,941456836285.33
600036,2022-12-29,36.9,37.23,37.32,36.65,51362900.0,0.0025,1902491099.9999998,176.17,938934851725.23
600036,2022-12-30,37.34,37.26,37.63,37.19,52322800.0,0.0025,1959907400.0,176.29,939691447093.26
600036,2023-01-03,37.08,37.58,37.78,36.53,60626600.0,0.0029,2255334400.0,177.53,947761797685.58
600036,2023-01-04,37.78,38.65,38.83,37.53,83645400.0,0.0040999999999999995,3207024300.0,181.69,974747032478.65
600036,2023-01-05,38.99,38.5,39.27,38.4,61908500.0,0.003,2398823800.0,181.1,970964055638.5
600036,2023-01-06,38.66,38.38,38.93,37.89,59000700.0,0.0029,2255711400.0,180.64,967937674166.38
600036,2023-01-09,38.41,38.8,39.1,38.41,49914900.0,0.0024,1937276800.0,182.27,978530009318.8
600036,2023-01-10,38.78,38.25,38.8,38.16,54197200.0,0.0026,2078031099.9999998,180.13,964659094238.25
600036,2023-01-11,38.38,38.92,39.18,38.14,54170700.0,0.0026,2107076800.0,182.73,981556390790.92
600036,2023-01-12,39.11,39.05,39.15,38.73,30434900.0,0.0015,1185494400.0,183.24,984834970719.05
600036,2023-01-13,39.07,39.66,39.66,38.97,46376700.0,0.0022,1825772700.0,185.61,1000219076535.66
600036,2023-01-16,40.0,40.47,41.14,39.8,88046900.0,0.0043,3569434000.0,188.75,1020647151472.47
600036,2023-01-17,40.45,40.68,40.94,40.28,43204700.0,0.0021,1752751500.0,189.57,1025943319048.68
600036,2023-01-18,40.65,40.38,40.95,40.23,29467500.0,0.0014000000000000002,1191075300.0,188.4,1018377365368.38
600036,2023-01-19,40.2,40.65,40.8,39.92,47249000.0,0.0023,1910434200.0000002,189.45,1025186723680.65
600036,2023-01-20,40.98,41.05,41.1,40.68,41340300.0,0.002,1692997100.0,191.01,1035274661921.05
600036,2023-01-30,42.55,42.03,42.63,41.85,100700700.0,0.0049,4255796700.0,194.81,1059990110610.03
600036,2023-01-31,42.35,41.21,42.35,41.21,64231200.0,0.0031,2677248200.0,191.63,1039309837217.21
600036,2023-02-01,41.64,40.54,41.69,39.95,91679100.0,0.0044,3709964000.0,189.03,1022412540664.54
600036,2023-02-02,40.7,40.03,40.75,39.55,72723300.0,0.0034999999999999996,2898996900.0,187.04,1009550419408.03
600036,2023-02-03,39.79,39.3,39.79,39.01,63816400.0,0.0031,2506324600.0,184.21,991139932119.3
600036,2023-02-06,38.72,38.35,38.74,37.88,73100100.0,0.0034999999999999996,2790029300.0,180.52,967181078798.35
600036,2023-02-07,38.5,38.41,38.94,38.16,42657100.0,0.0021,1643882600.0,180.75,968694269534.41
600036,2023-02-08,38.5,38.49,38.92,38.36,31706500.0,0.0015,1222704100.0,181.06,970711857182.49
600036,2023-02-09,38.42,38.49,38.89,38.32,49817500.0,0.0024,1920854700.0,181.06,970711857182.49
600036,2023-02-10,38.3,38.16,38.39,37.9,41102600.0,0.002,1567982900.0,179.78,962389308134.16
600036,2023-02-13,37.9,37.72,37.98,37.07,82518100.0,0.004,3095654500.0,178.07,951292576069.72
600036,2023-02-14,37.78,38.0,38.06,37.51,48607700.0,0.0024,1836814100.0,179.16,958354132838.0
600036,2023-02-15,38.0,37.17,38.09,37.0,77104800.0,0.0037,2872783000.0,175.94,937421660989.17
600036,2023-02-16,37.2,37.27,37.85,37.02,65415200.0,0.0032,2453427400.0,176.33,939943645549.27
600036,2023-02-17,37.15,36.71,37.38,36.68,57581300.0,0.0028000000000000004,2130963500.0,174.15,925820532012.71
600036,2023-02-20,36.82,38.49,38.51,36.82,108022800.0,0.0052,4089277000.0,181.06,970711857182.49
600036,2023-02-21,38.43,38.69,38.82,38.13,53046500.0,0.0026,2043801400.0000002,181.84,975755826302.69
600036,2023-02-22,38.46,38.16,38.6,38.14,38309100.0,0.0019,1467027300.0,179.78,962389308134.16
600036,2023-02-23,38.16,38.27,38.77,38.16,37063800.0,0.0018,1423075000.0,180.21,965163491150.27
600036,2023-02-24,38.17,37.46,38.25,37.4,53369000.0,0.0026,2011474600.0,177.07,944735416213.46
600036,2023-02-27,37.27,37.16,37.58,37.09,44933400.0,0.0022,1674343200.0,175.9,937169462533.16
600036,2023-02-28,37.17,37.31,37.48,36.85,37822600.0,0.0018,1405386500.0,176.48,940952439373.31
600036,2023-03-01,37.25,38.25,38.34,37.2,57119400.0,0.0028000000000000004,2169732600.0,180.13,964659094238.25
600036,2023-03-02,38.04,38.25,38.5,37.77,34907000.0,0.0017000000000000001,1332878900.0000002,180.13,964659094238.25
600036,2023-03-03,38.5,38.25,38.77,37.9,35711400.0,0.0017000000000000001,1365470200.0,180.13,964659094238.25
600036,2023-03-06,38.02,37.0,38.23,36.91,81051900.0,0.0039000000000000003,3015166400.0,175.28,933134287237.0
600036,2023-03-07,36.89,36.56,37.48,36.41,73741100.0,0.0036,2722185200.0,173.57,922037555172.56
600036,2023-03-08,36.25,36.0,36.32,35.8,61658400.0,0.003,2216886900.0,171.4,907914441636.0
600036,2023-03-09,36.0,35.58,36.08,35.5,53999600.0,0.0026,1928666099.9999998,169.77,897322106483.58
600036,2023-03-10,35.05,35.03,35.66,34.95,55845400.0,0.0027,1963699000.0,167.63,883451191403.03
600036,2023-03-13,34.92,35.05,35.38,34.71,58420500.0,0.0028000000000000004,2046110700.0,167.71,883955588315.05
600036,2023-03-14,34.68,34.58,34.93,34.34,62666800.0,0.003,2168927800.0,165.88,872102260882.58
600036,2023-03-15,35.15,34.88,35.71,34.88,67638400.0,0.0033,2380639300.0,167.05,879668214562.88
600036,2023-03-16,34.5,34.65,35.15,34.21,40389500.0,0.002,1401995799.9999998,166.15,873867650074.65
600036,2023-03-17,35.02,34.36,35.37,34.02,83271600.0,0.004,2893458500.0,165.03,866553894850.36
600036,2023-03-20,34.44,34.12,34.91,34.02,52072500.0,0.0025,1790157200.0,164.1,860501131906.12
600036,2023-03-21,34.21,34.23,34.5,34.01,36747500.0,0.0018,1256872400.0,164.52,863275314922.23
600036,2023-03-22,34.52,34.54,34.73,34.28,45986700.0,0.0022,1587045200.0,165.73,871093467058.54
600036,2023-03-23,34.4,35.2,35.34,34.32,54214600.0,0.0026,1890730100.0,168.29,887738565155.2
600036,2023-03-24,34.98,34.43,34.98,34.23,67871800.0,0.0033,2342135000.0,165.3,868319284042.43
600036,2023-03-27,34.6,34.21,34.6,34.05,44983600.0,0.0022,1538661000.0,164.45,862770918010.21
600036,2023-03-28,34.41,34.4,34.72,34.18,53323400.0,0.0026,1834470900.0,165.18,867562688674.4
600036,2023-03-29,34.61,34.12,34.7,34.1,41863000.0,0.002,1433206700.0000002,164.1,860501131906.12
600036,2023-03-30,34.15,34.35,34.39,33.71,56229000.0,0.0027,1915822300.0,164.99,866301696394.35
600036,2023-03-31,34.36,34.27,34.82,34.14,57779400.0,0.0028000000000000004,1993103500.0,164.68,864284108746.27
600036,2023-04-03,34.31,34.37,34.45,33.98,50467500.0,0.0024,1727952600.0,165.07,866806093306.37
600036,2023-04-04,34.38,34.28,34.42,34.06,48782100.0,0.0024,1668757200.0,164.72,864536307202.28
600036,2023-04-06,34.17,33.8,34.17,33.73,48679600.0,0.0024,1650684300.0,162.85,852430781313.8
600036,2023-04-07,33.85,34.14,34.26,33.75,39414100.0,0.0019,1343439500.0,164.17,861005528818.14
600036,2023-04-10,34.15,34.24,34.3,33.97,33015900.0,0.0016,1128256700.0,164.56,863527513378.24
600036,2023-04-11,34.24,33.73,34.34,33.63,73399200.0,0.0036,2485887900.0,162.58,850665392121.73
600036,2023-04-12,33.89,33.74,33.95,33.66,41612800.0,0.002,1403968700.0,162.62,850917590577.74
600036,2023-04-13,33.65,34.01,34.24,33.25,63430500.0,0.0031,2142100200.0,163.67,857726948890.01
600036,2023-04-14,34.2,34.39,34.79,34.02,69392300.0,0.0034000000000000002,2387857200.0,165.14,867310490218.39
600036,2023-04-17,34.32,35.2,35.2,34.1,89373000.0,0.0043,3107511599.9999995,168.29,887738565155.2
600036,2023-04-18,35.21,35.68,36.35,35.12,94271500.0,0.0046,3375509099.9999995,170.15,899844091043.68
600036,2023-04-19,35.84,35.5,35.84,35.3,51088600.0,0.0025,1815680600.0,169.45,895304518835.5
600036,2023-04-20,35.6,34.99,35.74,34.86,68091500.0,0.0033,2393722800.0,167.47,882442397578.99
600036,2023-04-21,34.99,34.5,35.18,34.43,53159100.0,0.0026,1849378400.0,165.57,870084673234.5
600036,2023-04-24,34.52,33.6,34.69,33.51,72987400.0,0.0034999999999999996,2474101800.0,162.08,847386812193.6
600036,2023-04-25,33.61,34.03,34.14,33.51,51221300.0,0.0025,1731551099.9999998,163.75,858231345802.03
600036,2023-04-26,33.8,33.82,33.96,33.35,49650100.0,0.0024,1673601500.0,162.93,852935178225.82
600036,2023-04-27,32.97,32.63,32.99,32.14,155927900.0,0.0076,5072330700.0,158.31,822923561960.63
600036,2023-04-28,32.46,33.6,33.75,32.41,94021300.0,0.0046,3136764099.9999995,162.08,847386812193.6
600036,2023-05-04,33.29,34.13,34.4,32.83,72543300.0,0.0034999999999999996,2457319000.0,164.13,860753330362.13
600036,2023-05-05,34.18,34.69,35.06,34.15,80089000.0,0.0039000000000000003,2785096500.0,166.31,874876443898.69
600036,2023-05-08,34.86,35.6,35.95,34.64,106426600.0,0.0052,3773892300.0,169.84,897826503395.6
600036,2023-05-09,35.68,34.99,36.1,34.96,98553000.0,0.0048,3503564900.0,167.47,882442397578.99
600036,2023-05-10,34.9,34.4,35.12,34.29,63837400.0,0.0031,2203715600.0,165.18,867562688674.4
600036,2023-05-11,34.6,34.45,35.33,34.4,44580300.0,0.0022,1547837700.0,165.38,868823680954.45
600036,2023-05-12,34.47,34.04,34.55,34.0,45936600.0,0.0022,1569062500.0,163.79,858483544258.04
600036,2023-05-15,34.09,34.7,34.85,33.71,52809500.0,0.0026,1811811300.0,166.35,875128642354.7
600036,2023-05-16,34.95,34.82,35.2,34.57,38524800.0,0.0019,1341479200.0000002,166.81,878155023826.82
600036,2023-05-17,34.81,34.5,35.13,34.43,39637600.0,0.0019,1380094200.0000002,165.57,870084673234.5
600036,2023-05-18,34.73,34.45,34.84,34.21,32901200.0,0.0016,1137523100.0,165.38,868823680954.45
600036,2023-05-19,34.35,33.95,34.45,33.94,39299000.0,0.0019,1339332400.0,163.44,856213758153.95
600036,2023-05-22,33.98,34.2,34.34,33.98,29693400.0,0.0014000000000000002,1014463000.0,164.41,862518719554.2
600036,2023-05-23,34.21,33.6,34.38,33.6,34692100.0,0.0017000000000000001,1177389400.0,162.08,847386812193.6
600036,2023-05-24,33.59,32.93,33.59,32.93,46399900.0,0.0022,1541649300.0,159.48,830489515640.93
600036,2023-05-25,32.76,32.42,32.76,32.16,70605100.0,0.0034000000000000002,2286618200.0,157.49,817627394384.42
600036,2023-05-26,32.44,32.74,32.86,32.22,29462400.0,0.0014000000000000002,958855800.0,158.74,825697744976.74
600036,2023-05-29,32.95,32.69,32.95,32.44,38730100.0,0.0019,1263260000.0,158.54,824436752696.69
600036,2023-05-30,32.69,32.64,32.9,32.36,34007200.0,0.0016,1108840100.0,158.35,823175760416.64
600036,2023-05-31,32.6,32.3,32.8,32.24,52541400.0,0.0025,1704092000.0,157.03,814601012912.3
600036,2023-06-01,32.31,32.06,32.5,32.02,47239900.0,0.0023,1521251000.0,156.1,808548249968.06
600036,2023-06-02,32.22,33.07,33.1,32.2,55885600.0,0.0027,1829053100.0,160.02,834020294025.07
600036,2023-06-05,33.07,33.04,33.27,32.84,31273000.0,0.0015,1033695600.0,159.9,833263698657.04
600036,2023-06-06,33.04,33.07,33.8,32.98,38663400.0,0.0019,1288946300.0,160.02,834020294025.07
600036,2023-06-07,33.25,33.3,33.61,33.16,33890600.0,0.0016,1132209500.0,160.91,839820858513.3
600036,2023-06-08,33.32,34.08,34.22,33.22,54961500.0,0.0027,1859578000.0,163.94,859492338082.08
600036,2023-06-09,34.05,33.74,34.25,33.74,41510900.0,0.002,1408235100.0,162.62,850917590577.74
600036,2023-06-12,33.73,33.73,33.92,33.38,40677400.0,0.002,1370601900.0,162.58,850665392121.73
600036,2023-06-13,33.56,33.73,33.94,33.5,23124600.0,0.0011,779060100.0,162.58,850665392121.73
600036,2023-06-14,33.93,33.39,34.04,33.39,38263300.0,0.0019,1289658700.0,161.26,842090644617.39
600036,2023-06-15,33.5,33.72,33.79,33.31,36953700.0,0.0018,1239411000.0,162.54,850413193665.72
600036,2023-06-16,33.86,33.93,34.04,33.75,42680600.0,0.0021,1448460400.0,163.36,855709361241.93
600036,2023-06-19,33.91,33.58,33.91,33.56,27896100.0,0.0014000000000000002,939884000.0,162.0,846882415281.58
600036,2023-06-20,33.5,33.19,33.56,33.1,30764900.0,0.0015,1024392100.0000001,160.48,837046675497.19
600036,2023-06-21,33.06,33.17,33.64,33.0,42786600.0,0.0021,1426164900.0,160.41,836542278585.17
600036,2023-06-26,32.93,32.61,33.1,32.42,43210300.0,0.0021,1410658200.0,158.23,822419165048.61
600036,2023-06-27,32.63,32.82,33.01,32.44,34571500.0,0.0017000000000000001,1132557900.0,159.05,827715332624.82
600036,2023-06-28,32.81,33.05,33.18,32.72,33381800.0,0.0016,1100128700.0,159.94,833515897113.05
600036,2023-06-29,33.05,32.68,33.18,32.67,25854800.0,0.0013,848217800.0,158.5,824184554240.68
600036,2023-06-30,32.73,32.76,33.0,32.64,29361300.0,0.0014000000000000002,964762600.0,158.81,826202141888.76
600036,2023-07-03,32.9,33.72,33.76,32.8,45366800.0,0.0022,1515242700.0,162.54,850413193665.72
600036,2023-07-04,33.6,33.51,33.6,33.36,22408700.0,0.0011,749827200.0,161.73,845117026089.51
600036,2023-07-05,33.5,33.03,33.5,32.84,41307200.0,0.002,1365494300.0,159.86,833011500201.03
600036,2023-07-06,33.03,32.58,33.12,32.51,40784200.0,0.002,1334753400.0,158.12,821662569680.58
600036,2023-07-07,32.5,32.31,32.58,32.29,47279400.0,0.0023,1530388100.0,157.07,814853211368.31
600036,2023-07-10,32.52,32.45,32.69,32.33,27207700.0,0.0013,883689400.0,157.61,818383989752.45
600036,2023-07-11,32.73,32.71,32.8,32.47,32916700.0,0.0016,1074347800.0,158.62,824941149608.71
600036,2023-07-12,32.72,33.2,33.44,32.72,63204900.0,0.0031,2098753500.0,160.52,837298873953.2
600036,2023-07-13,31.99,31.85,32.0,31.45,56385000.0,0.0027,1791570799.9999998,162.03,803252082391.85
600036,2023-07-14,31.94,31.93,32.19,31.78,34752100.0,0.0017000000000000001,1111472600.0,162.34,805269670039.93
600036,2023-07-17,31.77,31.65,31.78,31.43,26200300.0,0.0013,827190399.9999999,161.25,798208113271.65
600036,2023-07-18,31.65,31.46,31.77,31.39,31638900.0,0.0015,996591500.0,160.52,793416342607.46
600036,2023-07-19,31.29,31.58,31.64,31.26,24029600.0,0.0012,755090300.0,160.98,796442724079.58
600036,2023-07-20,31.77,31.69,32.1,31.6,27239400.0,0.0013,867690900.0,161.41,799216907095.69
600036,2023-07-21,31.8,31.8,31.98,31.61,31566900.0,0.0015,1004431799.9999999,161.84,801991090111.8
600036,2023-07-24,31.46,31.45,31.73,31.4,23912200.0,0.0012,753332500.0,160.48,793164144151.45
600036,2023-07-25,32.0,33.27,33.35,32.0,126162100.0,0.0060999999999999995,4159900800.0,167.54,839064263145.27
600036,2023-07-26,33.27,33.35,33.73,33.07,50175100.0,0.0024,1673625200.0,167.85,841081850793.35
600036,2023-07-27,33.5,33.66,33.82,33.2,54848900.0,0.0027,1845231400.0000002,169.06,848900002929.66
600036,2023-07-28,33.49,35.1,35.29,33.41,125628800.0,0.0060999999999999995,4358344100.0,174.65,885216580595.1
600036,2023-07-31,35.52,35.56,36.04,35.01,116275600.0,0.005600000000000001,4127807300.0,176.44,896817709571.56
600036,2023-08-01,35.53,34.99,35.58,34.77,66009600.0,0.0032,2316910900.0,174.22,882442397578.99
600036,2023-08-02,34.16,34.03,34.82,33.77,91535800.0,0.0044,3124298700.0,170.5,858231345802.03
600036,2023-08-03,34.02,34.68,34.78,33.87,50929400.0,0.0025,1750414800.0,173.02,874624245442.68
600036,2023-08-04,35.08,34.88,35.5,34.72,81264200.0,0.0039000000000000003,2854335200.0,173.8,879668214562.88
600036,2023-08-07,34.75,34.5,34.78,34.28,34467200.0,0.0017000000000000001,1187405600.0,172.32,870084673234.5
600036,2023-08-08,34.33,34.15,34.65,33.81,50228300.0,0.0024,1715919700.0,170.96,861257727274.15
600036,2023-08-09,34.02,34.02,34.31,33.95,38683300.0,0.0019,1318960200.0,170.46,857979147346.02
600036,2023-08-10,33.9,34.14,34.25,33.8,28772500.0,0.0014000000000000002,978706500.0,170.92,861005528818.14
600036,2023-08-11,34.16,33.15,34.47,33.15,60624000.0,0.0029,2032299900.0,167.08,836037881673.15
600036,2023-08-14,32.8,32.46,32.83,32.25,66707300.0,0.0032,2167337300.0,164.4,818636188208.46
600036,2023-08-15,32.46,32.36,32.64,32.15,58295900.0,0.0028000000000000004,1887265000.0,164.01,816114203648.36
600036,2023-08-16,32.15,31.97,32.25,31.88,58015200.0,0.0028000000000000004,1857011400.0000002,162.5,806278463863.97
600036,2023-08-17,31.78,31.79,31.87,31.49,64607600.0,0.0031,2043578700.0,161.8,801738891655.79
600036,2023-08-18,31.75,31.88,32.63,31.75,67459500.0,0.0033,2169641200.0,162.15,804008677759.88
600036,2023-08-21,31.81,31.13,31.84,31.13,80957500.0,0.0039000000000000003,2537398400.0,159.23,785093793559.13
600036,2023-08-22,31.21,31.32,31.47,31.0,60107000.0,0.0029,1877097300.0,159.97,789885564223.32
600036,2023-08-23,31.2,30.85,31.44,30.85,56074400.0,0.0027,1743312700.0,158.15,778032236790.85
600036,2023-08-24,31.0,31.06,31.15,30.8,41225600.0,0.002,1277299300.0,158.96,783328404367.06
600036,2023-08-25,31.0,31.56,31.85,30.9,64747100.0,0.0031,2028793500.0,160.9,795938327167.56
600036,2023-08-28,33.3,32.26,33.93,32.03,140509400.0,0.0068000000000000005,4608776000.0,163.62,813592219088.26
600036,2023-08-29,32.26,32.04,32.44,31.77,72117000.0,0.0034999999999999996,2310485800.0,162.77,808043853056.04
600036,2023-08-30,32.19,31.66,32.19,31.55,63980200.0,0.0031,2031430100.0,161.29,798460311727.66
600036,2023-08-31,31.8,31.55,32.08,31.49,50322000.0,0.0024,1595044500.0,160.87,795686128711.55
600036,2023-09-01,31.95,32.27,32.63,31.88,69752600.0,0.0034000000000000002,2250478400.0,163.66,813844417544.27
600036,2023-09-04,32.58,33.53,33.61,32.47,110429900.0,0.0054,3671655400.0,168.55,845621423001.53
600036,2023-09-05,33.3,33.11,33.44,32.97,44732300.0,0.0022,1483496700.0000002,166.92,835029087849.11
600036,2023-09-06,33.1,33.36,33.46,32.77,54674000.0,0.0027,1812037300.0,167.89,841334049249.36
600036,2023-09-07,33.31,33.14,33.31,33.01,35870200.0,0.0017000000000000001,1188879200.0,167.04,835785683217.14
600036,2023-09-08,33.0,33.17,33.26,32.95,29850100.0,0.0014000000000000002,989879200.0,167.16,836542278585.17
600036,2023-09-11,33.13,32.91,33.29,32.91,63287400.0,0.0031,2091952900.0,166.15,829985118728.91
600036,2023-09-12,32.9,32.88,33.05,32.82,27759100.0,0.0013,914017899.9999999,166.03,829228523360.88
600036,2023-09-13,32.95,32.75,33.08,32.66,29891500.0,0.0014000000000000002,980129600.0000001,165.52,825949943432.75
600036,2023-09-14,32.95,33.07,33.19,32.85,43734400.0,0.0021,1443840300.0,166.77,834020294025.07
600036,2023-09-15,33.3,32.96,33.42,32.8,43960200.0,0.0021,1453249900.0,166.34,831246111008.96
600036,2023-09-18,32.87,33.02,33.05,32.7,36040200.0,0.0017000000000000001,1186454300.0,166.57,832759301745.02
600036,2023-09-19,33.0,32.96,33.0,32.72,38465300.0,0.0019,1263587200.0,166.34,831246111008.96
600036,2023-09-20,32.86,32.73,32.86,32.63,30931800.0,0.0015,1012842200.0,165.45,825445546520.73
600036,2023-09-21,32.75,32.37,32.81,32.37,39031900.0,0.0019,1270724500.0,164.05,816366402104.37
600036,2023-09-22,32.59,33.34,33.37,32.32,71283300.0,0.0034999999999999996,2349131800.0,167.82,840829652337.34
600036,2023-09-25,33.28,33.0,33.28,32.9,45651500.0,0.0022,1506238599.9999998,166.5,832254904833.0
600036,2023-09-26,32.93,32.8,33.08,32.75,32202400.0,0.0016,1058673700.0,165.72,827210935712.8
600036,2023-09-27,32.9,32.82,33.09,32.75,35246700.0,0.0017000000000000001,1159673800.0,165.8,827715332624.82
600036,2023-09-28,33.02,32.97,33.14,32.75,38856500.0,0.0019,1280959200.0,166.38,831498309464.97
600036,2023-10-09,32.7,32.58,32.7,32.38,36134300.0,0.0018,1176010800.0,164.86,821662569680.58
600036,2023-10-10,33.12,32.59,33.13,32.59,34263700.0,0.0017000000000000001,1123856400.0,164.9,821914768136.59
600036,2023-10-11,32.84,32.45,32.85,32.4,37609100.0,0.0018,1226529900.0,164.36,818383989752.45
600036,2023-10-12,32.99,33.07,33.33,32.78,61746000.0,0.003,2041713599.9999998,166.77,834020294025.07
600036,2023-10-13,32.78,32.61,32.88,32.51,41037200.0,0.002,1341527500.0,164.98,822419165048.61
600036,2023-10-16,32.58,32.31,32.66,32.24,28677400.0,0.0014000000000000002,928068000.0,163.82,814853211368.31
600036,2023-10-17,32.39,32.52,32.6,32.22,28622900.0,0.0014000000000000002,928757300.0,164.63,820149378944.52
600036,2023-10-18,32.49,32.49,32.64,32.41,24931700.0,0.0012,810933200.0000001,164.52,819392783576.49
600036,2023-10-19,32.4,31.57,32.4,31.52,60429300.0,0.0029,1922080400.0,160.94,796190525623.57
600036,2023-10-20,31.49,31.65,31.81,31.4,37258900.0,0.0018,1178535500.0,161.25,798208113271.65
600036,2023-10-23,31.59,31.23,31.65,31.0,39380200.0,0.0019,1232365000.0,159.62,787615778119.23
600036,2023-10-24,31.38,31.3,31.41,31.04,36552700.0,0.0018,1142319000.0,159.89,789381167311.3
600036,2023-10-25,31.6,31.42,31.75,31.2,37569300.0,0.0018,1179249700.0,160.36,792407548783.42
600036,2023-10-26,31.36,31.5,31.75,31.26,28703000.0,0.0014000000000000002,904374400.0,160.67,794425136431.5
600036,2023-10-27,31.45,31.53,31.65,31.15,39145300.0,0.0019,1231934000.0,160.79,795181731799.53
600036,2023-10-30,31.01,30.9,31.13,30.55,83850100.0,0.0040999999999999995,2582604700.0,158.34,779293229070.9
600036,2023-10-31,30.74,30.76,30.99,30.61,52801600.0,0.0026,1624462300.0,157.8,775762450686.76
600036,2023-11-01,30.8,30.45,30.88,30.43,52989700.0,0.0026,1617976099.9999998,156.59,767944298550.45
600036,2023-11-02,30.6,30.68,30.81,30.51,36466800.0,0.0018,1118895500.0,157.49,773744863038.68
600036,2023-11-03,30.68,30.99,31.04,30.6,43956900.0,0.0021,1357177300.0,158.69,781563015174.99
600036,2023-11-06,31.15,31.14,31.35,30.96,51982400.0,0.0025,1617714900.0,159.27,785345992015.14
600036,2023-11-07,31.14,30.8,31.14,30.65,51624100.0,0.0025,1589834100.0,157.95,776771244510.8
600036,2023-11-08,30.74,30.6,30.78,30.5,44518300.0,0.0022,1363162000.0,157.18,771727275390.6
600036,2023-11-09,30.55,30.66,30.78,30.52,32765000.0,0.0016,1003833000.0,157.41,773240466126.66
600036,2023-11-10,30.5,30.16,30.56,30.1,51696500.0,0.0025,1561582000.0,155.47,760630543326.16
600036,2023-11-13,30.17,29.82,30.27,29.61,63424300.0,0.0031,1891693800.0,154.15,752055795821.82
600036,2023-11-14,29.87,30.2,30.2,29.86,44834300.0,0.0022,1347710799.9999998,155.62,761639337150.2
600036,2023-11-15,30.45,30.64,30.77,30.39,60194000.0,0.0029,1842096000.0,157.33,772736069214.64
600036,2023-11-16,30.67,30.54,30.77,30.37,31572000.0,0.0015,965161799.9999999,156.94,770214084654.54
600036,2023-11-17,30.46,30.33,30.52,30.1,43245300.0,0.0021,1308022700.0,156.13,764917917078.33
600036,2023-11-20,30.34,30.58,30.59,30.14,36922700.0,0.0018,1123420400.0,157.1,771222878478.58
600036,2023-11-21,30.75,30.43,30.87,30.37,48854500.0,0.0024,1497630799.9999998,156.52,767439901638.43
600036,2023-11-22,30.3,30.16,30.41,30.15,27370500.0,0.0013,828342899.9999999,155.47,760630543326.16
600036,2023-11-23,30.02,30.14,30.21,29.95,29979400.0,0.0015,900540300.0,155.39,760126146414.14
600036,2023-11-24,30.06,30.0,30.1,29.93,29116300.0,0.0014000000000000002,873539200.0,154.85,756595368030.0
600036,2023-11-27,30.0,29.4,30.03,29.29,58102000.0,0.0028000000000000004,1714187000.0,152.52,741463460669.4
600036,2023-11-28,29.41,29.16,29.49,29.04,47516500.0,0.0023,1389229300.0,151.58,735410697725.16
600036,2023-11-29,29.2,28.8,29.24,28.68,62063800.0,0.003,1789462800.0,150.19,726331553308.8
600036,2023-11-30,28.8,28.79,28.98,28.6,55156000.0,0.0027,1585194700.0,150.15,726079354852.79
600036,2023-12-01,28.72,28.26,28.74,28.07,88273600.0,0.0043,2496795800.0,148.09,712712836684.26
600036,2023-12-04,28.27,28.08,28.46,28.02,55787800.0,0.0027,1569603299.9999998,147.39,708173264476.08
600036,2023-12-05,28.06,27.51,28.07,27.5,61890200.0,0.003,1717656500.0,145.18,693797952483.51
600036,2023-12-06,27.56,27.76,27.96,27.45,61125900.0,0.003,1697947800.0,146.15,700102913883.76
600036,2023-12-07,27.77,27.81,27.94,27.29,59496700.0,0.0029,1643064000.0,146.34,701363906163.81
600036,2023-12-08,27.7,27.5,27.95,27.5,53349800.0,0.0026,1479206099.9999998,145.14,693545754027.5
600036,2023-12-11,27.25,27.76,27.85,26.9,75808600.0,0.0037,2067921099.9999998,146.15,700102913883.76
600036,2023-12-12,27.7,28.05,28.07,27.61,50420100.0,0.0024,1409339300.0,147.27,707416669108.05
600036,2023-12-13,27.92,27.22,27.92,27.2,67123900.0,0.0033,1844591000.0,144.05,686484197259.22
600036,2023-12-14,27.44,27.03,27.64,27.03,44526800.0,0.0022,1214879000.0,143.31,681692426595.03
600036,2023-12-15,27.47,27.23,28.05,27.2,98068700.0,0.0048,2697705000.0,144.09,686736395715.23
600036,2023-12-18,27.0,27.28,27.38,26.9,47716400.0,0.0023,1299068300.0,144.28,687997387995.28
600036,2023-12-19,27.2,27.29,27.35,27.02,37657400.0,0.0018,1024185200.0,144.32,688249586451.29
600036,2023-12-20,27.31,27.06,27.41,27.06,53112800.0,0.0026,1446520300.0,143.43,682449021963.06
600036,2023-12-21,26.98,27.71,27.75,26.92,75910500.0,0.0037,2082187800.0,145.95,698841921603.71
600036,2023-12-22,27.78,27.61,27.85,27.41,62364400.0,0.003,1721377200.0,145.57,696319937043.61
600036,2023-12-25,27.6,27.53,27.72,27.42,41903400.0,0.002,1154001400.0,145.26,694302349395.53
600036,2023-12-26,27.49,27.27,27.49,27.16,36525700.0,0.0018,997177600.0,144.25,687745189539.27
600036,2023-12-27,27.33,27.3,27.37,27.05,41063700.0,0.002,1117439200.0,144.36,688501784907.3
600036,2023-12-28,27.25,27.99,28.13,27.25,106106300.0,0.0051,2953200900.0000005,147.04,705903478371.99
600036,2023-12-29,27.9,27.82,28.05,27.77,65577300.0,0.0032,1827818800.0,146.38,701616104619.82
600036,2024-01-02,27.95,27.58,27.96,27.56,54219500.0,0.0026,1500865500.0,145.45,695563341675.58
600036,2024-01-03,27.58,27.77,27.84,27.52,43395600.0,0.0021,1200383600.0,146.19,700355112339.77
600036,2024-01-04,27.76,27.81,27.83,27.36,63710200.0,0.0031,1759101600.0,146.34,701363906163.81
600036,2024-01-05,27.75,28.29,28.78,27.62,119063300.0,0.0058,3376466400.0,148.21,713469432052.29
600036,2024-01-08,28.17,28.13,28.59,27.95,81682100.0,0.004,2305065700.0,147.59,709434256756.13
600036,2024-01-09,28.12,28.17,28.28,27.9,55866300.0,0.0027,1569684200.0000002,147.74,710443050580.17
600036,2024-01-10,28.02,28.05,28.35,28.02,45364000.0,0.0022,1277638900.0,147.27,707416669108.05
600036,2024-01-11,28.0,28.38,28.57,27.85,73531800.0,0.0036,2082611300.0,148.56,715739218156.38
600036,2024-01-12,28.26,28.54,28.78,28.26,57783200.0,0.0028000000000000004,1652242600.0,149.18,719774393452.54
600036,2024-01-15,28.5,28.77,28.94,28.37,48245200.0,0.0023,1383953800.0,150.07,725574957940.77
600036,2024-01-16,28.63,29.13,29.13,28.6,85344000.0,0.0040999999999999995,2469511300.0,151.47,734654102357.13
600036,2024-01-17,29.12,29.19,29.58,29.03,130860100.0,0.0063,3843478800.0,151.7,736167293093.19
600036,2024-01-18,28.94,29.58,29.68,28.6,129512600.0,0.0063,3762050800.0,153.22,746003032877.58
600036,2024-01-19,29.37,29.73,29.9,29.14,96861600.0,0.004699999999999999,2865398400.0000005,153.8,749786009717.73
600036,2024-01-22,29.76,30.25,30.5,29.7,154970300.0,0.0075,4691297100.0,155.82,762900329430.25
600036,2024-01-23,30.01,29.99,30.35,29.8,88605600.0,0.0043,2661547400.0,154.81,756343169573.99
600036,2024-01-24,30.15,30.09,30.29,29.38,97489200.0,0.004699999999999999,2904947600.0,155.2,758865154134.09
600036,2024-01-25,30.31,30.9,31.0,30.18,123450900.0,0.006,3791899900.0,158.34,779293229070.9
600036,2024-01-26,30.92,31.12,31.35,30.66,100991600.0,0.0049,3132788300.0,159.2,784841595103.12
600036,2024-01-29,31.2,31.35,31.6,31.17,83882400.0,0.0040999999999999995,2632393000.0,160.09,790642159591.35
600036,2024-01-30,31.2,31.0,31.5,30.78,74399900.0,0.0036,2316762500.0,158.73,781815213631.0
600036,2024-01-31,30.92,30.71,31.19,30.59,80894900.0,0.0039000000000000003,2494516000.0,157.6,774501458406.71
600036,2024-02-01,30.67,30.42,30.84,30.2,85970000.0,0.0042,2621519200.0,156.48,767187703182.42
600036,2024-02-02,30.45,30.23,30.66,29.64,98729200.0,0.0048,2986530100.0,155.74,762395932518.23
600036,2024-02-05,30.23,30.71,30.95,30.06,106397900.0,0.0052,3246673400.0000005,157.6,774501458406.71
600036,2024-02-06,30.71,31.33,31.35,30.6,106215800.0,0.0051,3296036500.0,160.01,790137762679.33
600036,2024-02-07,31.42,31.31,31.48,30.81,111051100.0,0.0054,3458135300.0000005,159.93,789633365767.31
600036,2024-02-08,31.31,31.4,31.45,31.02,87300400.0,0.0042,2728137500.0,160.28,791903151871.4
600036,2024-02-19,31.99,31.62,31.99,31.41,87549000.0,0.0042,2770406800.0,161.14,797451517903.62
600036,2024-02-20,31.62,31.4,31.62,31.29,60640500.0,0.0029,1907541500.0,160.28,791903151871.4
600036,2024-02-21,31.4,33.0,33.39,31.35,152865600.0,0.0074,5003152600.0,166.5,832254904833.0
600036,2024-02-22,32.81,32.8,32.95,32.39,75276000.0,0.0036,2461009500.0,165.72,827210935712.8
600036,2024-02-23,32.81,32.95,33.4,32.62,63984900.0,0.0031,2118316300.0,166.3,830993912552.95
600036,2024-02-26,32.86,32.25,33.06,32.08,66639000.0,0.0032,2163023100.0,163.58,813340020632.25
600036,2024-02-27,32.24,32.18,32.4,31.99,54349200.0,0.0026,1746108599.9999998,163.31,811574631440.18
600036,2024-02-28,32.29,32.02,32.29,31.6,68370800.0,0.0033,2186677900.0,162.69,807539456144.02
600036,2024-02-29,31.89,32.04,32.2,31.85,49892800.0,0.0024,1595634200.0000002,162.77,808043853056.04
600036,2024-03-01,31.92,31.94,32.08,31.75,42717400.0,0.0021,1361853700.0,162.38,805521868495.94
600036,2024-03-04,31.76,31.52,31.87,31.47,59135000.0,0.0029,1868022500.0,160.75,794929533343.52
600036,2024-03-05,31.42,32.18,32.21,31.31,89402900.0,0.0043,2850224099.9999995,163.31,811574631440.18
600036,2024-03-06,32.14,31.87,32.26,31.87,51610200.0,0.0025,1655425100.0,162.11,803756479303.87
600036,2024-03-07,31.87,32.0,32.13,31.78,51949200.0,0.0025,1659111400.0000002,162.61,807035059232.0
600036,2024-03-08,31.89,31.67,32.01,31.55,44107100.0,0.0021,1399732300.0,161.33,798712510183.67
600036,2024-03-11,31.55,31.48,31.75,31.2,73853800.0,0.0036,2318402200.0,160.59,793920739519.48
600036,2024-03-12,31.42,31.95,32.15,31.28,76925400.0,0.0037,2447163500.0,162.42,805774066951.95
600036,2024-03-13,31.96,31.52,31.99,31.43,46938700.0,0.0023,1482651400.0000002,160.75,794929533343.52
600036,2024-03-14,31.46,31.25,31.72,31.16,50817500.0,0.0025,1595073299.9999998,159.7,788120175031.25
600036,2024-03-15,31.24,31.18,31.42,31.0,52078100.0,0.0025,1621589200.0000002,159.43,786354785839.18
600036,2024-03-18,31.15,31.13,31.34,31.0,46189800.0,0.0022,1436837400.0,159.23,785093793559.13
600036,2024-03-19,31.1,30.8,31.11,30.73,54702500.0,0.0027,1688506900.0,157.95,776771244510.8
600036,2024-03-20,30.8,31.18,31.2,30.66,49827200.0,0.0024,1544956600.0,159.43,786354785839.18
600036,2024-03-21,31.17,31.55,31.76,31.05,64676100.0,0.0031,2040298400.0,160.87,795686128711.55
600036,2024-03-22,31.53,31.2,31.55,30.9,55287900.0,0.0027,1722145200.0,159.51,786859182751.2
600036,2024-03-25,31.11,31.35,31.51,30.92,48375900.0,0.0023,1514858500.0,160.09,790642159591.35
600036,2024-03-26,31.8,32.4,32.66,31.73,124430800.0,0.006,4014510500.0,164.17,817122997472.4
600036,2024-03-27,32.29,32.3,32.65,32.21,78208500.0,0.0038,2539984100.0,163.78,814601012912.3
600036,2024-03-28,32.34,32.18,32.5,32.07,69474500.0,0.0034000000000000002,2242513200.0,163.31,811574631440.18
600036,2024-03-29,32.1,32.2,32.64,32.07,51400100.0,0.0025,1663236800.0,163.39,812079028352.2
600036,2024-04-01,32.18,32.64,32.85,32.18,57015200.0,0.0028000000000000004,1861582300.0,165.1,823175760416.64
600036,2024-04-02,32.7,32.55,32.92,32.44,53661900.0,0.0026,1753251099.9999998,164.75,820905974312.55
600036,2024-04-03,32.54,32.23,32.63,32.23,49808200.0,0.0024,1612691600.0,163.51,812835623720.23
600036,2024-04-08,32.24,32.4,32.56,32.03,47729100.0,0.0023,1544565000.0,164.17,817122997472.4
600036,2024-04-09,32.5,32.31,32.63,32.31,38477200.0,0.0019,1248965200.0,163.82,814853211368.31
600036,2024-04-10,32.19,32.49,32.68,32.19,50401400.0,0.0024,1638691800.0,164.52,819392783576.49
600036,2024-04-11,32.31,32.3,32.42,32.13,44374800.0,0.0022,1432073800.0,163.78,814601012912.3
600036,2024-04-12,32.28,32.12,32.47,32.06,47820400.0,0.0023,1540845200.0,163.08,810061440704.12
600036,2024-04-15,32.1,32.83,33.0,32.09,76464500.0,0.0037,2503221000.0,165.84,827967531080.83
600036,2024-04-16,32.71,32.75,32.97,32.45,74155600.0,0.0036,2429469000.0,165.52,825949943432.75
600036,2024-04-17,32.69,33.3,33.49,32.47,94821200.0,0.0046,3131202100.0,167.66,839820858513.3
600036,2024-04-18,33.26,33.65,34.1,33.19,100657400.0,0.0049,3393695800.0,169.02,848647804473.65
600036,2024-04-19,33.56,33.62,33.84,33.42,54038400.0,0.0026,1818443500.0,168.9,847891209105.62
600036,2024-04-22,33.78,33.34,34.19,33.05,60753500.0,0.0029,2034006600.0,167.82,840829652337.34
600036,2024-04-23,33.3,33.38,33.82,33.23,51245200.0,0.0025,1717681700.0000002,167.97,841838446161.38
600036,2024-04-24,33.38,33.46,33.55,33.1,44338400.0,0.0021,1480785900.0,168.28,843856033809.46
600036,2024-04-25,33.44,34.4,34.4,33.38,91948200.0,0.0045000000000000005,3136628400.0000005,171.93,867562688674.4
600036,2024-04-26,34.4,34.48,34.87,34.22,95489900.0,0.0046,3292052900.0,172.24,869580276322.48
600036,2024-04-29,34.4,34.88,35.16,34.2,81806400.0,0.004,2854804600.0,173.8,879668214562.88
600036,2024-04-30,34.4,34.31,34.58,34.05,86804200.0,0.0042,2982962800.0000005,171.58,865292902570.31
600036,2024-05-06,35.1,34.88,35.36,34.72,100070500.0,0.0049,3501168500.0,173.8,879668214562.88
600036,2024-05-07,34.88,34.87,34.95,34.63,47384900.0,0.0023,1649813200.0,173.76,879416016106.87
600036,2024-05-08,34.82,34.57,34.96,34.55,41286200.0,0.002,1434042900.0,172.59,871850062426.57
600036,2024-05-09,34.6,34.84,34.93,34.6,51239100.0,0.0025,1782846400.0000002,173.64,878659420738.84
600036,2024-05-10,34.84,35.62,35.85,34.8,94036600.0,0.0046,3331360800.0,176.67,898330900307.62
600036,2024-05-13,35.44,35.91,36.07,35.33,74780000.0,0.0036,2674602900.0,177.8,905644655531.91
600036,2024-05-14,35.89,35.34,36.13,35.2,68777900.0,0.0033,2440460300.0,175.58,891269343539.34
600036,2024-05-15,35.33,35.05,35.44,34.69,67494400.0,0.0033,2361226400.0,174.46,883955588315.05
600036,2024-05-16,35.08,36.25,36.45,35.0,129147600.0,0.0063,4659047100.0,179.12,914219403036.25
600036,2024-05-17,36.3,36.85,36.9,36.06,91687900.0,0.0044,3342837199.9999995,181.45,929351310396.85
600036,2024-05-20,36.85,36.38,37.0,36.09,91425000.0,0.0044,3337501100.0,179.62,917497982964.38
600036,2024-05-21,36.36,36.24,36.52,36.13,44599900.0,0.0022,1620630900.0,179.08,913967204580.24
600036,2024-05-22,36.22,36.06,36.38,35.76,66447700.0,0.0032,2398900200.0,178.38,909427632372.06
600036,2024-05-23,35.9,35.5,36.01,35.32,92458500.0,0.0045000000000000005,3284073800.0,176.2,895304518835.5
600036,2024-05-24,35.3,34.74,35.48,34.66,87044000.0,0.0042,3051224800.0,173.25,876137436178.74
600036,2024-05-27,34.85,35.14,35.21,34.75,57093800.0,0.0028000000000000004,1997775700.0,174.81,886225374419.14
600036,2024-05-28,35.1,34.83,35.33,34.72,47619100.0,0.0023,1660811099.9999998,173.6,878407222282.83
600036,2024-05-29,34.75,34.57,35.06,34.46,49104100.0,0.0024,1703567300.0,172.59,871850062426.57
600036,2024-05-30,34.45,34.34,34.9,34.18,55924500.0,0.0027,1928489200.0000002,171.7,866049497938.34
600036,2024-05-31,34.53,34.28,34.6,34.28,50893200.0,0.0025,1752657800.0,171.47,864536307202.28
600036,2024-06-03,34.22,34.15,34.38,33.92,60811100.0,0.0029,2071791200.0,170.96,861257727274.15
600036,2024-06-04,34.15,34.54,34.68,34.1,53378800.0,0.0026,1840296200.0,172.48,871093467058.54
600036,2024-06-05,34.68,33.99,34.7,33.89,69104100.0,0.0033,2359792700.0,170.34,857222551977.99
600036,2024-06-06,34.09,34.0,34.2,33.78,67724100.0,0.0033,2302856600.0,170.38,857474750434.0
600036,2024-06-07,34.05,33.99,34.25,33.65,67826600.0,0.0033,2298090300.0,170.34,857222551977.99
600036,2024-06-11,33.78,33.36,33.97,33.12,69044800.0,0.0033,2309722300.0,167.89,841334049249.36
600036,2024-06-12,33.35,33.09,33.36,32.95,51138100.0,0.0025,1693037700.0,166.85,834524690937.09
600036,2024-06-13,33.2,32.82,33.22,32.72,55018400.0,0.0027,1808252000.0,165.8,827715332624.82
600036,2024-06-14,32.82,33.81,34.02,32.82,99167400.0,0.0048,3324856800.0,169.64,852682979769.81
600036,2024-06-17,33.6,33.73,33.8,33.39,45768200.0,0.0022,1539063200.0,169.33,850665392121.73
600036,2024-06-18,33.86,33.71,34.3,33.62,45367500.0,0.0022,1538144800.0,169.25,850160995209.71
600036,2024-06-19,33.71,34.15,34.4,33.66,58593700.0,0.0028000000000000004,1997678200.0,170.96,861257727274.15
600036,2024-06-20,34.16,34.01,34.23,33.9,39246700.0,0.0019,1336247200.0,170.42,857726948890.01
600036,2024-06-21,33.88,33.7,34.08,33.49,52396300.0,0.0025,1765822400.0,169.21,849908796753.7
600036,2024-06-24,33.79,34.07,34.22,33.49,69259000.0,0.0034000000000000002,2350203500.0,170.65,859240139626.07
600036,2024-06-25,34.07,34.3,34.47,33.97,63816000.0,0.0031,2187945500.0,171.54,865040704114.3
600036,2024-06-26,34.18,34.06,34.36,33.95,45263800.0,0.0022,1545807500.0,170.61,858987941170.06
600036,2024-06-27,33.96,34.26,34.34,33.83,55517300.0,0.0027,1894891400.0000002,171.39,864031910290.26
600036,2024-06-28,34.2,34.19,34.48,34.04,52574900.0,0.0025,1799951900.0,171.12,862266521098.19
600036,2024-07-01,34.19,34.36,34.4,33.95,47223900.0,0.0023,1616131300.0,171.78,866553894850.36
600036,2024-07-02,34.38,35.08,35.25,34.36,86877100.0,0.0042,3041833300.0,174.57,884712183683.08
600036,2024-07-03,35.01,34.46,35.09,34.31,69137300.0,0.0034000000000000002,2388331200.0,172.16,869075879410.46
600036,2024-07-04,34.54,34.71,35.04,34.48,69691900.0,0.0034000000000000002,2424281300.0,173.14,875380840810.71
600036,2024-07-05,34.71,33.88,34.83,33.66,96778300.0,0.004699999999999999,3295568200.0,169.91,854448368961.88
600036,2024-07-08,33.85,33.99,34.23,33.71,54573000.0,0.0026,1855611800.0,170.34,857222551977.99
600036,2024-07-09,33.99,34.47,34.55,33.72,62103700.0,0.003,2124005200.0,172.2,869328077866.47
600036,2024-07-10,34.47,34.68,35.0,34.45,72631400.0,0.0034999999999999996,2524474600.0,173.02,874624245442.68
600036,2024-07-11,33.08,32.9,33.13,32.79,73238900.0,0.0036,2411951400.0,173.76,829732920272.9
600036,2024-07-12,33.01,34.0,34.08,33.01,94490400.0,0.0046,3199683500.0,178.04,857474750434.0
600036,2024-07-15,34.0,33.78,34.05,33.72,47460400.0,0.0023,1605883700.0,177.18,851926384401.78
600036,2024-07-16,33.76,33.79,33.89,33.46,45579300.0,0.0022,1535669000.0,177.22,852178582857.79
600036,2024-07-17,33.7,34.07,34.19,33.65,57795400.0,0.0028000000000000004,1964635300.0,178.31,859240139626.07
600036,2024-07-18,34.07,34.09,34.25,33.76,59862700.0,0.0029,2036474300.0,178.39,859744536538.09
600036,2024-07-19,34.0,34.25,34.3,33.59,81007200.0,0.0039000000000000003,2749172000.0,179.01,863779711834.25
600036,2024-07-22,34.17,33.34,34.17,33.09,80820600.0,0.0039000000000000003,2694242000.0,175.47,840829652337.34
600036,2024-07-23,33.34,33.34,33.71,33.23,53875500.0,0.0026,1803269600.0,175.47,840829652337.34
600036,2024-07-24,33.45,33.18,33.58,33.03,48245300.0,0.0023,1604648700.0,174.85,836794477041.18
600036,2024-07-25,33.22,32.83,33.32,32.37,76207900.0,0.0037,2496804700.0,173.49,827967531080.83
600036,2024-07-26,32.8,32.37,33.04,32.11,60146200.0,0.0029,1952156099.9999998,171.71,816366402104.37
600036,2024-07-29,32.38,32.45,32.65,32.2,41347500.0,0.002,1343740100.0,172.02,818383989752.45
600036,2024-07-30,32.4,32.42,32.59,32.15,39078200.0,0.0019,1264925900.0,171.9,817627394384.42
600036,2024-07-31,32.42,32.73,33.0,32.25,59537000.0,0.0029,1948675400.0,173.1,825445546520.73
600036,2024-08-01,32.73,32.71,32.85,32.27,40913900.0,0.002,1332771500.0,173.03,824941149608.71
600036,2024-08-02,32.42,32.28,32.6,32.23,38613000.0,0.0019,1250037000.0,171.36,814096616000.28
600036,2024-08-05,32.2,32.1,32.52,32.05,58442000.0,0.0028000000000000004,1884940799.9999998,170.66,809557043792.1
600036,2024-08-06,32.36,31.7,32.39,31.51,51438900.0,0.0025,1637765300.0,169.11,799469105551.7
600036,2024-08-07,31.73,31.58,31.9,31.55,39073200.0,0.0019,1238023500.0,168.64,796442724079.58
600036,2024-08-08,31.61,31.93,31.98,31.38,39460000.0,0.0019,1252394800.0,170.0,805269670039.93
600036,2024-08-09,31.97,32.33,32.58,31.81,48274800.0,0.0023,1561254700.0,171.55,815357608280.33
600036,2024-08-12,32.3,32.12,32.34,31.93,31894300.0,0.0015,1023447600.0,170.74,810061440704.12
600036,2024-08-13,32.1,31.94,32.23,31.76,28237800.0,0.0014000000000000002,902009900.0,170.04,805521868495.94
600036,2024-08-14,31.9,31.86,32.14,31.81,28244600.0,0.0014000000000000002,901196900.0,169.73,803504280847.86
600036,2024-08-15,31.85,32.76,32.92,31.65,73979000.0,0.0036,2409557400.0,173.22,826202141888.76
600036,2024-08-16,32.75,33.15,33.25,32.72,41850300.0,0.002,1383877400.0,174.74,836037881673.15
600036,2024-08-19,33.25,33.42,33.5,33.03,42284300.0,0.002,1409948500.0,175.78,842847239985.42
600036,2024-08-20,33.45,33.48,33.6,33.16,42372900.0,0.0021,1415473200.0,176.02,844360430721.48
600036,2024-08-21,33.3,33.24,33.43,32.82,37810100.0,0.0018,1254587400.0,175.09,838307667777.24
600036,2024-08-22,33.28,33.3,33.55,33.18,38286400.0,0.0019,1276718700.0,175.32,839820858513.3
600036,2024-08-23,33.27,33.7,33.85,33.07,46558700.0,0.0023,1561509800.0,176.87,849908796753.7
600036,2024-08-26,33.7,33.77,33.84,33.47,35117500.0,0.0017000000000000001,1182990000.0,177.14,851674185945.77
600036,2024-08-27,33.77,33.7,33.94,33.53,38720900.0,0.0019,1308314400.0,176.87,849908796753.7
600036,2024-08-28,33.83,33.68,33.98,33.44,41523200.0,0.002,1398682400.0,176.79,849404399841.68
600036,2024-08-29,33.59,32.93,33.77,32.9,51638800.0,0.0025,1712021400.0000002,173.88,830489515640.93
600036,2024-08-30,32.8,32.15,33.11,32.12,111223000.0,0.0054,3618077500.0,170.85,810818036072.15
600036,2024-09-02,32.0,31.93,32.38,31.84,55802100.0,0.0027,1787602800.0,170.0,805269670039.93
600036,2024-09-03,32.01,31.62,32.08,31.4,50575200.0,0.0025,1596269800.0,168.79,797451517903.62
600036,2024-09-04,31.53,31.36,31.93,31.35,38052600.0,0.0018,1198859400.0,167.78,790894358047.36
600036,2024-09-05,31.36,31.2,31.44,30.9,54206300.0,0.0026,1687018000.0,167.16,786859182751.2
600036,2024-09-06,31.25,31.25,31.74,31.2,38318200.0,0.0019,1206615800.0,167.36,788120175031.25
600036,2024-09-09,30.98,30.24,30.99,30.04,87107300.0,0.0042,2641195500.0,163.44,762648130974.24
600036,2024-09-10,30.25,30.19,30.43,29.94,47602400.0,0.0023,1435849600.0,163.24,761387138694.19
600036,2024-09-11,30.14,30.08,30.2,29.93,41579400.0,0.002,1249059000.0,162.81,758612955678.08
600036,2024-09-12,30.1,30.23,30.5,29.94,41026700.0,0.002,1242374600.0,163.4,762395932518.23
600036,2024-09-13,30.28,30.6,30.9,30.0,49597400.0,0.0024,1520857900.0,164.83,771727275390.6
600036,2024-09-18,30.61,31.11,31.2,30.61,41854000.0,0.002,1295345100.0,166.81,784589396647.11
600036,2024-09-19,31.2,30.82,31.23,30.63,45119100.0,0.0022,1393040900.0,165.69,777275641422.82
600036,2024-09-20,30.82,30.94,31.11,30.66,48741800.0,0.0024,1505998299.9999998,166.15,780302022894.94
600036,2024-09-23,30.85,31.39,31.49,30.84,34460900.0,0.0017000000000000001,1076332400.0,167.9,791650953415.39
600036,2024-09-24,31.68,33.13,33.14,31.67,136121800.0,0.0066,4427310200.0,174.66,835533484761.13
600036,2024-09-25,33.85,34.15,34.49,33.7,185624300.0,0.009000000000000001,6327661400.0,178.62,861257727274.15
600036,2024-09-26,34.16,35.38,35.38,33.91,174533000.0,0.0085,6068657600.0,183.39,892278137363.38
600036,2024-09-27,36.11,35.63,36.5,34.91,74545800.0,0.0036,2653812700.0,184.37,898583098763.63
600036,2024-09-30,36.35,37.61,38.0,35.92,256101300.0,0.0124,9443438300.0,192.05,948518393053.61
600036,2024-10-08,41.37,40.0,41.37,38.82,297303900.0,0.0144,11999361900.0,201.33,1008793824040.0
600036,2024-10-09,39.7,37.01,39.72,37.01,185593200.0,0.009000000000000001,7113814000.0,189.72,933386485693.01
600036,2024-10-10,37.4,38.73,39.5,37.4,143329800.0,0.0069,5528664100.0,196.4,976764620126.73
600036,2024-10-11,38.73,38.43,39.22,38.03,90347600.0,0.0044,3498241900.0,195.24,969198666446.43
600036,2024-10-14,39.01,39.33,39.8,38.69,129293800.0,0.0063,5076841400.0,198.73,991896527487.33
600036,2024-10-15,39.17,38.5,39.99,38.5,95597700.0,0.0046,3755705900.0000005,195.51,970964055638.5
600036,2024-10-16,38.15,39.5,39.5,38.13,101254800.0,0.0049,3963555300.0000005,199.39,996183901239.5
600036,2024-10-17,39.53,38.49,39.79,38.49,84892200.0,0.0040999999999999995,3315820500.0,195.47,970711857182.49
600036,2024-10-18,38.51,39.05,39.43,38.21,92819400.0,0.0045000000000000005,3603949500.0,197.65,984834970719.05
600036,2024-10-21,39.15,38.85,39.15,38.5,71753900.0,0.0034999999999999996,2780905700.0,196.87,979791001598.85
600036,2024-10-22,38.84,39.17,39.6,38.75,60052600.0,0.0029,2352800200.0,198.11,987861352191.17
600036,2024-10-23,39.06,39.66,39.94,39.02,62710000.0,0.003,2482861300.0,200.01,1000219076535.66
600036,2024-10-24,39.55,39.31,39.68,39.14,33631200.0,0.0016,1323826600.0,198.66,991392130575.31
600036,2024-10-25,39.25,39.1,39.49,39.06,44793100.0,0.0022,1756222700.0,197.84,986095962999.1
600036,2024-10-28,39.01,38.52,39.1,38.28,66464100.0,0.0032,2559210500.0,195.59,971468452550.52
600036,2024-10-29,38.6,38.6,39.1,38.41,51468200.0,0.0025,1990283200.0,195.9,973486040198.6
600036,2024-10-30,38.51,37.88,38.9,37.61,70340800.0,0.0034000000000000002,2680423100.0,193.1,955327751365.88
600036,2024-10-31,37.8,37.36,37.99,36.91,85039300.0,0.0040999999999999995,3173924099.9999995,191.08,942213431653.36
600036,2024-11-01,37.44,38.01,38.3,37.38,70310200.0,0.0034000000000000002,2671523500.0,193.61,958606331294.01
600036,2024-11-04,38.1,38.75,38.75,37.41,64661200.0,0.0031,2466019700.0,196.48,977269017038.75
600036,2024-11-05,38.43,39.08,39.1,38.4,62874500.0,0.003,2445317900.0,197.76,985591566087.08
600036,2024-11-06,39.0,38.56,39.08,38.15,64833600.0,0.0031,2501077800.0,195.74,972477246374.56
600036,2024-11-07,38.42,39.57,39.58,38.38,74347200.0,0.0036,2904874000.0,199.66,997949290431.57
600036,2024-11-08,39.68,38.8,39.85,38.75,74536800.0,0.0036,2920926000.0,196.67,978530009318.8
600036,2024-11-11,38.3,38.33,38.7,37.89,70314600.0,0.0034000000000000002,2682610300.0000005,194.85,966676681886.33
600036,2024-11-12,38.19,37.59,38.84,37.51,89328900.0,0.0043,3399364200.0,191.98,948013996141.59
600036,2024-11-13,37.59,37.82,37.98,37.51,48530400.0,0.0024,1833809100.0,192.87,953814560629.82
600036,2024-11-14,37.66,38.06,38.48,37.53,67644000.0,0.0033,2585688500.0,193.8,959867323574.06
600036,2024-11-15,38.08,37.82,38.57,37.81,69927700.0,0.0034000000000000002,2671344600.0,192.87,953814560629.82
600036,2024-11-18,38.05,37.9,38.66,37.8,76344800.0,0.0037,2918992400.0,193.18,955832148277.9
600036,2024-11-19,37.91,37.72,38.18,37.45,52124900.0,0.0025,1967719200.0000002,192.48,951292576069.72
600036,2024-11-20,37.8,37.48,37.85,37.4,45129100.0,0.0022,1693331500.0,191.55,945239813125.48
600036,2024-11-21,37.48,37.43,37.66,37.27,35033600.0,0.0017000000000000001,1309684400.0,191.36,943978820845.43
600036,2024-11-22,37.43,36.45,37.55,36.36,69049100.0,0.0033,2544524400.0,187.55,919263372156.45
600036,2024-11-25,36.7,36.22,36.86,36.12,53409500.0,0.0026,1945383400.0,186.66,913462807668.22
600036,2024-11-26,36.03,36.39,36.58,35.84,45942100.0,0.0022,1666651800.0,187.32,917750181420.39
600036,2024-11-27,36.39,36.6,36.68,36.11,39207700.0,0.0019,1429782900.0,188.13,923046348996.6
600036,2024-11-28,36.6,36.47,36.85,36.18,45193900.0,0.0022,1647865700.0,187.63,919767769068.47
600036,2024-11-29,36.59,36.34,37.0,36.31,66438000.0,0.0032,2437776800.0,187.12,916489189140.34
600036,2024-12-02,36.45,36.51,36.68,36.2,42465200.0,0.0021,1548959400.0,187.78,920776562892.51
600036,2024-12-03,36.65,37.12,37.22,36.38,72198600.0,0.0034999999999999996,2658919800.0,190.15,936160668709.12
600036,2024-12-04,37.09,36.81,37.09,36.53,62051100.0,0.003,2285383500.0,188.95,928342516572.81
600036,2024-12-05,36.66,36.91,37.36,36.61,56894900.0,0.0028000000000000004,2108115300.0,189.34,930864501132.91
600036,2024-12-06,37.01,37.7,37.82,37.01,87723600.0,0.0043,3296793000.0,192.4,950788179157.7
600036,2024-12-09,37.59,37.7,37.99,37.35,49299500.0,0.0024,1859542300.0,192.4,950788179157.7
600036,2024-12-10,38.8,38.6,38.99,38.4,103895300.0,0.005,4022695500.0,195.9,973486040198.6
600036,2024-12-11,38.54,38.3,38.79,38.23,51770900.0,0.0025,1988896000.0,194.73,965920086518.3
600036,2024-12-12,38.29,38.8,38.83,38.21,58688900.0,0.0028000000000000004,2267252600.0,196.67,978530009318.8
600036,2024-12-13,38.45,37.3,38.6,37.28,111798300.0,0.0054,4213095000.0,190.85,940700240917.3
600036,2024-12-16,37.35,37.74,37.78,37.32,64031600.0,0.0031,2409087000.0,192.56,951796972981.74
600036,2024-12-17,37.54,37.85,38.16,37.54,60310400.0,0.0029,2287237500.0,192.99,954571155997.85
600036,2024-12-18,38.02,38.52,38.66,37.86,80585500.0,0.0039000000000000003,3101732000.0,195.59,971468452550.52
600036,2024-12-19,38.38,38.02,38.53,38.0,61119600.0,0.003,2336249900.0,193.65,958858529750.02
600036,2024-12-20,38.05,37.91,38.28,37.86,54215000.0,0.0026,2060744600.0,193.22,956084346733.91
600036,2024-12-23,37.99,38.35,38.7,37.98,90269200.0,0.0044,3473126200.0,194.93,967181078798.35
600036,2024-12-24,38.35,39.22,39.29,38.32,99342800.0,0.0048,3875223400.0000005,198.31,989122344471.22
600036,2024-12-25,39.23,39.4,39.56,38.99,75591300.0,0.0037,2972981800.0,199.0,993661916679.4
600036,2024-12-26,39.4,39.48,39.54,39.01,53925200.0,0.0026,2125139400.0,199.32,995679504327.48
600036,2024-12-27,39.48,39.34,39.64,38.78,70032000.0,0.0034000000000000002,2742768800.0,198.77,992148725943.34
600036,2024-12-30,39.34,39.62,39.8,39.25,67884500.0,0.0033,2690314699.9999995,199.86,999210282711.62
600036,2024-12-31,39.56,39.3,39.9,39.3,64371700.0,0.0031,2549055500.0,198.62,991139932119.3
600036,2025-01-02,39.35,38.51,39.5,38.34,64200100.0,0.0031,2493694700.0,195.55,971216254094.51
600036,2025-01-03,38.6,38.66,39.04,38.54,68258300.0,0.0033,2646967300.0,196.13,974999230934.66
600036,2025-01-06,38.9,39.05,39.1,38.13,61715900.0,0.003,2394244400.0,197.65,984834970719.05
600036,2025-01-07,38.97,38.9,39.15,38.61,49275200.0,0.0024,1917344800.0,197.06,981051993878.9
600036,2025-01-08,38.83,39.28,39.55,38.82,75148100.0,0.0036,2952943900.0,198.54,990635535207.28
600036,2025-01-09,39.4,39.0,39.43,38.83,44708300.0,0.0022,1748399300.0,197.45,983573978439.0
600036,2025-01-10,39.34,38.98,39.45,38.81,48142500.0,0.0023,1881660500.0,197.37,983069581526.98
600036,2025-01-13,38.93,39.07,39.15,38.54,60632300.0,0.0029,2360608400.0,197.72,985339367631.07
600036,2025-01-14,39.09,39.85,39.97,38.9,70801200.0,0.0034000000000000002,2802857600.0,200.75,1005010847199.85
600036,2025-01-15,39.99,40.64,41.0,39.89,79670100.0,0.0039000000000000003,3234242900.0,203.82,1024934525224.64
600036,2025-01-16,40.65,40.99,41.15,40.53,59259400.0,0.0029,2423118500.0,205.18,1033761471184.99
600036,2025-01-17,40.96,40.71,41.16,40.13,47590100.0,0.0023,1936832000.0,204.09,1026699914416.71
600036,2025-01-20,40.98,40.12,41.07,40.11,54257500.0,0.0026,2195966500.0,201.8,1011820205512.12
600036,2025-01-21,40.32,40.14,40.51,40.01,40068500.0,0.0019,1613495400.0,201.88,1012324602424.14
600036,2025-01-22,40.14,39.45,40.16,39.32,58891200.0,0.0029,2327377000.0,199.2,994922908959.45
600036,2025-01-23,39.67,39.83,40.23,39.52,60661800.0,0.0029,2417576600.0,200.67,1004506450287.83
600036,2025-01-24,39.66,40.26,40.55,39.46,57465200.0,0.0028000000000000004,2312073700.0,202.34,1015350983896.26
600036,2025-01-27,40.58,40.65,40.97,40.55,52606000.0,0.0026,2144848700.0,203.86,1025186723680.65
600036,2025-02-05,40.85,40.0,40.9,39.9,50478900.0,0.0024,2030411800.0,201.33,1008793824040.0
600036,2025-02-06,40.0,40.2,40.38,39.73,46608800.0,0.0023,1866867500.0,202.11,1013837793160.2
600036,2025-02-07,40.1,40.2,40.4,39.96,52106600.0,0.0025,2092855400.0,202.11,1013837793160.2
600036,2025-02-10,40.2,40.6,40.92,39.96,58180600.0,0.0028000000000000004,2357787000.0,203.66,1023925731400.6
600036,2025-02-11,40.75,40.98,41.04,40.64,45777100.0,0.0022,1872296600.0,205.14,1033509272728.98
600036,2025-02-12,40.96,41.62,41.66,40.56,60359100.0,0.0029,2484722100.0,207.63,1049649973913.62
600036,2025-02-13,41.65,41.71,41.95,41.34,46220700.0,0.0022,1927409800.0,207.97,1051919760017.71
600036,2025-02-14,41.69,42.03,42.03,41.52,49873700.0,0.0024,2086301700.0000002,209.22,1059990110610.03
600036,2025-02-17,41.99,41.72,41.99,41.36,53612600.0,0.0026,2228540300.0,208.01,1052171958473.72
600036,2025-02-18,41.51,42.05,42.48,41.51,54666500.0,0.0026,2301403300.0,209.29,1060494507522.05
600036,2025-02-19,42.0,41.98,42.15,41.76,37470200.0,0.0018,1572476700.0000002,209.02,1058729118329.98
600036,2025-02-20,42.0,41.85,42.09,41.68,40767500.0,0.002,1705724700.0,208.52,1055450538401.85
600036,2025-02-21,41.96,41.4,41.99,41.22,59525600.0,0.0029,2467492900.0,206.77,1044101607881.4
600036,2025-02-24,41.39,41.27,41.75,41.1,57110700.0,0.0028000000000000004,2361716200.0,206.27,1040823027953.27
600036,2025-02-25,41.15,41.03,41.44,40.91,50732100.0,0.0025,2088784200.0000002,205.33,1034770265009.03
600036,2025-02-26,41.13,41.48,41.7,41.05,47644700.0,0.0023,1974231800.0,207.08,1046119195529.48
600036,2025-02-27,41.6,42.38,42.4,41.28,62259700.0,0.003,2611617500.0,210.58,1068817056570.38
600036,2025-02-28,42.38,42.05,42.66,42.05,70542400.0,0.0034000000000000002,2985755500.0,209.29,1060494507522.05
600036,2025-03-03,42.12,42.05,42.62,41.95,47014900.0,0.0023,1983165700.0,209.29,1060494507522.05
600036,2025-03-04,41.91,41.8,42.1,41.77,31724500.0,0.0015,1329037800.0,208.32,1054189546121.8
600036,2025-03-05,41.96,42.89,42.91,41.75,63203700.0,0.0031,2689749900.0,212.56,1081679177826.89
600036,2025-03-06,42.89,42.96,43.1,42.45,57205300.0,0.0028000000000000004,2450800600.0,212.83,1083444567018.96
600036,2025-03-07,42.9,43.57,43.8,42.85,60541300.0,0.0029,2626484600.0,215.2,1098828672835.57
600036,2025-03-10,43.49,43.07,43.58,42.82,50875000.0,0.0025,2191791900.0,213.26,1086218750035.07
600036,2025-03-11,42.77,43.51,43.64,42.71,56574100.0,0.0027,2447134300.0,214.96,1097315482099.51
600036,2025-03-12,43.5,43.54,43.86,43.25,41825800.0,0.002,1822497400.0,215.08,1098072077467.54
600036,2025-03-13,43.6,43.84,44.38,43.5,58553900.0,0.0028000000000000004,2575079600.0,216.25,1105638031147.84
600036,2025-03-14,44.0,45.16,45.47,43.94,91127500.0,0.0044,4095818300.0,221.37,1138928227341.16
600036,2025-03-17,45.32,45.04,45.5,44.98,65421000.0,0.0032,2957486200.0,220.91,1135901845869.04
600036,2025-03-18,45.29,45.14,45.38,44.82,42822000.0,0.0021,1933102800.0,221.29,1138423830429.14
600036,2025-03-19,45.28,46.02,46.1,45.1,67070600.0,0.0033,3061182000.0,224.71,1160617294558.02
600036,2025-03-20,45.92,45.24,45.92,44.78,67865600.0,0.0033,3067327000.0,221.68,1140945814989.24
600036,2025-03-21,45.12,44.7,45.34,44.52,67541200.0,0.0033,3030118200.0,219.58,1127327098364.7
600036,2025-03-24,44.55,45.05,45.19,44.55,44957600.0,0.0022,2018232300.0,220.94,1136154044325.05
600036,2025-03-25,45.0,45.09,45.5,44.95,35687200.0,0.0017000000000000001,1610425400.0,221.1,1137162838149.09
600036,2025-03-26,44.5,42.66,44.59,42.61,157832600.0,0.0077,6817699600.0,211.66,1075878613338.66
600036,2025-03-27,42.75,43.26,43.74,42.74,82795100.0,0.004,3583722300.0,213.99,1091010520699.26
600036,2025-03-28,43.3,43.22,43.45,43.06,38618400.0,0.0019,1671063299.9999998,213.84,1090001726875.22
600036,2025-03-31,43.21,43.29,43.78,42.61,53956900.0,0.0026,2334387200.0,214.11,1091767116067.29
600036,2025-04-01,43.28,42.87,43.29,42.75,38936000.0,0.0019,1671945700.0,212.48,1081174780914.87
600036,2025-04-02,42.87,42.73,43.15,42.68,33120200.0,0.0016,1420244300.0,211.94,1077644002530.73
600036,2025-04-03,42.02,42.65,42.85,42.02,46416600.0,0.0023,1977833100.0,211.62,1075626414882.65
600036,2025-04-07,40.94,40.83,42.0,39.39,181563300.0,0.0088,7360169700.0,204.56,1029726295888.83
600036,2025-04-08,40.78,41.15,41.2,40.44,161047700.0,0.0078000000000000005,6562173300.0,205.8,1037796646481.15
600036,2025-04-09,40.6,40.46,41.02,40.3,97396900.0,0.004699999999999999,3956703900.0,203.12,1020394953016.46
600036,2025-04-10,40.99,41.1,41.45,40.55,74378900.0,0.0036,3057795200.0,205.61,1036535654201.1
600036,2025-04-11,41.11,41.51,41.69,40.81,58305700.0,0.0028000000000000004,2404586600.0,207.2,1046875790897.51
600036,2025-04-14,41.68,41.48,41.91,41.41,48216000.0,0.0023,2006762100.0,207.08,1046119195529.48
600036,2025-04-15,41.49,42.1,42.29,41.45,61456400.0,0.003,2578602400.0,209.49,1061755499802.1
600036,2025-04-16,41.98,42.25,42.58,41.82,57629400.0,0.0028000000000000004,2425842600.0,210.07,1065538476642.25
600036,2025-04-17,42.12,42.12,42.36,41.85,40579300.0,0.002,1711632500.0,209.57,1062259896714.12
600036,2025-04-18,42.13,42.75,42.79,42.05,43500100.0,0.0021,1849158599.9999998,212.01,1078148399442.75
600036,2025-04-21,42.66,42.28,43.08,42.28,41646600.0,0.002,1774479100.0,210.19,1066295072010.28
600036,2025-04-22,42.31,42.01,42.54,42.01,43378800.0,0.0021,1831804300.0,209.14,1059485713698.01
600036,2025-04-23,42.3,41.99,42.3,41.77,46774400.0,0.0023,1965588299.9999998,209.06,1058981316785.99
600036,2025-04-24,42.0,42.21,42.38,41.95,41365200.0,0.002,1747384600.0,209.92,1064529682818.21
600036,2025-04-25,42.29,42.08,42.55,42.04,42435000.0,0.0021,1792844900.0,209.41,1061251102890.08
600036,2025-04-28,42.15,42.35,42.56,42.03,38697300.0,0.0019,1639160799.9999998,210.46,1068060461202.35
600036,2025-04-29,42.35,42.0,42.65,42.0,45769900.0,0.0022,1933096300.0,209.1,1059233515242.0
600036,2025-04-30,41.64,40.74,41.64,40.51,117268200.0,0.005699999999999999,4782474900.0,204.21,1027456509784.74
600036,2025-05-06,40.9,41.37,41.41,40.51,66641000.0,0.0032,2734586599.9999995,206.65,1043345012513.37
600036,2025-05-07,41.79,42.02,42.23,41.31,71291400.0,0.0034999999999999996,2985699300.0,209.18,1059737912154.02
600036,2025-05-08,42.01,42.8,43.42,42.0,83381000.0,0.004,3581050500.0,212.21,1079409391722.8
600036,2025-05-09,42.8,43.48,43.6,42.8,66815500.0,0.0032,2897563000.0,214.85,1096558886731.48
600036,2025-05-12,43.45,43.8,44.4,43.11,84897400.0,0.0040999999999999995,3724155000.0,216.09,1104629237323.8
600036,2025-05-13,44.09,44.56,44.65,43.85,69912400.0,0.0034000000000000002,3099990400.0,219.04,1123796319980.56
600036,2025-05-14,44.55,44.81,45.3,44.32,71279000.0,0.0034999999999999996,3194543700.0,220.01,1130101281380.81
600036,2025-05-15,44.83,44.92,45.38,44.65,68460000.0,0.0033,3080577600.0,220.44,1132875464396.92
600036,2025-05-16,44.75,44.27,44.98,44.03,61965500.0,0.003,2743751000.0,217.92,1116482564756.27
600036,2025-05-19,44.2,43.84,44.46,43.75,50281700.0,0.0024,2213557300.0,216.25,1105638031147.84
600036,2025-05-20,44.03,43.9,44.61,43.87,50053500.0,0.0024,2210731600.0,216.48,1107151221883.9
600036,2025-05-21,43.95,43.9,44.37,43.84,49920000.0,0.0024,2199193600.0,216.48,1107151221883.9
600036,2025-05-22,43.9,44.51,44.56,43.75,56565600.0,0.0027,2503244600.0,218.85,1122535327700.51
600036,2025-05-23,44.51,44.05,44.68,43.9,54146000.0,0.0026,2395482600.0,217.06,1110934198724.05
600036,2025-05-26,43.89,43.8,44.17,43.63,45610000.0,0.0022,2000069000.0,216.09,1104629237323.8
600036,2025-05-27,43.8,43.74,44.15,43.67,36375000.0,0.0018,1594752100.0,215.86,1103116046587.74
600036,2025-05-28,43.78,43.68,44.05,43.6,30035500.0,0.0015,1313730600.0,215.62,1101602855851.68
600036,2025-05-29,43.7,43.47,43.95,43.45,49299000.0,0.0024,2152530700.0,214.81,1096306688275.47
600036,2025-05-30,43.55,43.43,43.88,43.35,57139100.0,0.0028000000000000004,2491890500.0,214.65,1095297894451.43
600036,2025-06-03,43.5,43.97,44.43,43.5,50368500.0,0.0024,2216746100.0,216.75,1108916611075.97
600036,2025-06-04,44.05,44.06,44.27,43.9,37341700.0,0.0018,1644649600.0,217.1,1111186397180.06
600036,2025-06-05,44.06,44.37,44.42,44.0,42131700.0,0.002,1865235700.0,218.3,1119004549316.37
600036,2025-06-06,44.45,44.47,44.71,44.3,37349900.0,0.0018,1660462800.0,218.69,1121526533876.47
600036,2025-06-09,44.6,44.6,44.68,44.21,47477400.0,0.0023,2111750100.0,219.2,1124805113804.6
600036,2025-06-10,44.57,44.67,45.05,44.45,52834900.0,0.0026,2364300600.0,219.47,1126570502996.67
600036,2025-06-11,44.72,45.31,45.68,44.72,77676100.0,0.0038,3518360400.0,221.95,1142711204181.31
600036,2025-06-12,45.4,45.23,45.65,45.1,45239100.0,0.0022,2050510500.0,221.64,1140693616533.23
600036,2025-06-13,45.24,45.18,45.35,44.95,47408100.0,0.0023,2141145200.0,221.45,1139432624253.18
600036,2025-06-16,45.08,45.78,45.81,44.95,41447400.0,0.002,1885267700.0,223.78,1154564531613.78
600036,2025-06-17,45.88,45.98,46.05,45.71,47420900.0,0.0023,2177741300.0,224.56,1159608500733.98
600036,2025-06-18,45.92,45.85,46.07,45.65,42642900.0,0.0021,1957406400.0000002,224.05,1156329920805.85
600036,2025-06-19,45.84,45.63,46.06,45.37,51345400.0,0.0025,2342843200.0,223.2,1150781554773.63
600036,2025-06-20,45.73,45.99,46.18,45.55,44815700.0,0.0022,2059058900.0000002,224.59,1159860699189.99
600036,2025-06-23,45.9,46.25,46.34,45.43,53893100.0,0.0026,2475802500.0,225.6,1166417859046.25
600036,2025-06-24,46.31,46.75,47.0,46.18,65581500.0,0.0032,3058493500.0,227.55,1179027781846.75
600036,2025-06-25,46.75,47.5,47.5,46.59,60768000.0,0.0029,2862914099.9999995,230.46,1197942666047.5
600036,2025-06-26,47.49,47.88,47.88,47.05,59020100.0,0.0029,2807185800.0,231.93,1207526207375.88
600036,2025-06-27,47.85,46.22,47.87,46.04,95414300.0,0.0046,4461309900.0,225.49,1165661263678.22
600036,2025-06-30,46.13,45.95,46.29,45.77,62461400.0,0.003,2870068000.0,224.44,1158851905365.95
600036,2025-07-01,45.96,46.45,46.67,45.92,45061300.0,0.0022,2089060900.0,226.38,1171461828166.45
600036,2025-07-02,46.7,46.9,47.16,46.45,51856300.0,0.0025,2429269800.0,228.13,1182810758686.9
600036,2025-07-03,46.9,46.61,46.95,46.34,55622600.0,0.0027,2595710500.0,227.0,1175497003462.61
600036,2025-07-04,46.6,47.07,47.5,46.4,67894800.0,0.0033,3190053500.0,228.79,1187098132439.07
600036,2025-07-07,47.07,47.2,47.3,46.7,56742700.0,0.0028000000000000004,2672021300.0,229.29,1190376712367.2
600036,2025-07-08,47.28,47.62,47.67,47.1,63742100.0,0.0031,3025850400.0,230.92,1200969047519.62
600036,2025-07-09,47.5,47.13,47.77,47.13,61456600.0,0.003,2912999800.0,229.02,1188611323175.13
600036,2025-07-10,47.1,48.24,48.55,47.1,121978400.0,0.0059,5860161600.0,233.33,1216605351792.24
600036,2025-07-11,46.28,45.64,46.5,45.62,118444300.0,0.005699999999999999,5446393700.0,231.0,1151033753229.64
600036,2025-07-14,45.65,45.57,46.09,45.44,64848400.0,0.0031,2969040100.0,230.73,1149268364037.57
600036,2025-07-15,45.77,45.22,45.92,44.8,66620600.0,0.0032,3018332300.0,229.37,1140441418077.22
600036,2025-07-16,45.26,45.11,45.54,44.88,46818600.0,0.0023,2112241700.0000002,228.94,1137667235061.11
600036,2025-07-17,45.1,45.0,45.33,44.91,41689500.0,0.002,1877218800.0,228.52,1134893052045.0
600036,2025-07-18,45.05,45.05,45.16,44.74,54343100.0,0.0026,2445283600.0,228.71,1136154044325.05
600036,2025-07-21,45.05,44.85,45.23,44.83,56641200.0,0.0027,2546034200.0,227.93,1131110075204.85
600036,2025-07-22,44.85,44.94,44.98,44.21,92231900.0,0.0045000000000000005,4111116900.0,228.28,1133379861308.94
600036,2025-07-23,44.97,45.12,45.7,44.96,85324900.0,0.0040999999999999995,3864679800.0,228.98,1137919433517.12
600036,2025-07-24,45.21,44.88,45.36,44.8,82662000.0,0.004,3724435800.0,228.05,1131866670572.88
600036,2025-07-25,44.84,44.83,45.17,44.75,69626400.0,0.0034000000000000002,3129427600.0,227.86,1130605678292.83
600036,2025-07-28,44.8,44.44,45.16,44.41,63512700.0,0.0031,2838575500.0,226.34,1120769938508.44
600036,2025-07-29,44.44,44.14,44.8,44.14,78581300.0,0.0038,3487013400.0000005,225.18,1113203984828.14
600036,2025-07-30,44.17,44.42,44.75,43.93,72546100.0,0.0034999999999999996,3222441800.0,226.26,1120265541596.42
600036,2025-07-31,44.4,44.48,44.56,43.85,73319500.0,0.0036,3247588200.0,226.5,1121778732332.48
600036,2025-08-01,44.5,44.42,44.97,44.35,59462100.0,0.0029,2651723300.0,226.26,1120265541596.42
600036,2025-08-04,44.31,44.9,44.97,44.31,49800800.0,0.0024,2231447800.0,228.13,1132371067484.9
600036,2025-08-05,44.78,45.25,45.4,44.64,55525800.0,0.0027,2502004000.0,229.49,1141198013445.25
600036,2025-08-06,45.29,45.12,45.73,45.11,43029600.0,0.0021,1951697800.0,228.98,1137919433517.12
600036,2025-08-07,45.12,45.15,45.6,44.96,44064300.0,0.0021,1995029900.0,229.1,1138676028885.15
600036,2025-08-08,45.2,44.53,45.28,44.53,45642200.0,0.0022,2044145500.0,226.69,1123039724612.53
600036,2025-08-11,44.53,44.1,44.63,44.1,53672400.0,0.0026,2375089400.0,225.02,1112195191004.1
600036,2025-08-12,44.13,44.0,44.48,44.0,56225200.0,0.0027,2482688800.0,224.63,1109673206444.0
600036,2025-08-13,44.14,43.54,44.25,43.49,87673700.0,0.0043,3837405900.0000005,222.85,1098072077467.54
600036,2025-08-14,43.55,43.78,43.94,43.5,67635200.0,0.0033,2959763600.0,223.78,1104124840411.78
600036,2025-08-15,43.66,43.3,43.74,43.3,93295700.0,0.0045000000000000005,4051326300.0,221.91,1092019314523.3
600036,2025-08-18,43.1,43.51,43.67,42.89,92639700.0,0.0045000000000000005,4005819000.0,222.73,1097315482099.51
600036,2025-08-19,43.45,43.4,43.7,43.29,57411900.0,0.0028000000000000004,2493609500.0,222.3,1094541299083.4
600036,2025-08-20,43.3,43.45,43.63,43.15,54724000.0,0.0027,2374776300.0,222.5,1095802291363.45
600036,2025-08-21,43.5,43.47,43.59,43.23,57854000.0,0.0028000000000000004,2512170000.0,222.57,1096306688275.47
600036,2025-08-22,43.47,43.26,43.48,43.04,79449600.0,0.0039000000000000003,3432029300.0,221.76,1091010520699.26
600036,2025-08-25,43.32,43.87,43.87,43.11,90739000.0,0.0044,3956212600.0,224.13,1106394626515.87
600036,2025-08-26,43.89,43.52,44.02,43.42,75572200.0,0.0037,3296532100.0,222.77,1097567680555.52
600036,2025-08-27,43.5,43.0,43.66,43.0,75814100.0,0.0037,3280973400.0000005,220.75,1084453360843.0
600036,2025-08-28,43.02,42.98,43.3,42.6,82242600.0,0.004,3530397300.0,220.67,1083948963930.98
600036,2025-08-29,42.98,42.89,43.99,42.89,136087900.0,0.0066,5896873900.0,220.32,1081679177826.89
600036,2025-09-01,42.62,41.98,42.64,41.88,127633300.0,0.0062,5381676500.0,216.79,1058729118329.98
600036,2025-09-02,41.86,43.44,43.5,41.86,145214100.0,0.006999999999999999,6232062100.0,222.46,1095550092907.44
600036,2025-09-03,43.44,42.9,43.57,42.7,81840600.0,0.004,3528703400.0000005,220.36,1081931376282.9
600036,2025-09-04,42.81,43.05,43.32,42.14,93536300.0,0.0045000000000000005,3997574900.0,220.94,1085714353123.05
600036,2025-09-05,43.0,42.76,43.02,42.53,57232800.0,0.0028000000000000004,2449941000.0,219.82,1078400597898.76
600036,2025-09-08,42.7,42.43,43.1,42.37,85168200.0,0.0040999999999999995,3635065700.0,218.54,1070078048850.43
600036,2025-09-09,42.42,42.83,42.88,42.4,58952700.0,0.0029,2515896800.0,220.09,1080165987090.83
600036,2025-09-10,42.8,43.0,43.15,42.56,47138700.0,0.0023,2022413200.0,220.75,1084453360843.0
600036,2025-09-11,43.13,43.3,43.33,42.78,65073100.0,0.0032,2804175700.0,221.91,1092019314523.3
600036,2025-09-12,43.38,42.54,43.47,42.42,82314000.0,0.004,3521647800.0000005,218.96,1072852231866.54
600036,2025-09-15,42.48,42.22,42.79,42.11,69949100.0,0.0034000000000000002,2964121200.0,217.72,1064781881274.22
600036,2025-09-16,42.32,41.75,42.43,41.66,85905100.0,0.0042,3600259600.0,215.9,1052928553841.75
600036,2025-09-17,41.76,41.76,42.19,41.7,57236300.0,0.0028000000000000004,2392440800.0,215.93,1053180752297.76
600036,2025-09-18,41.78,40.83,41.84,40.8,100352200.0,0.0049,4131887400.0,212.32,1029726295888.83
600036,2025-09-19,40.8,41.0,41.53,40.55,83656300.0,0.0040999999999999995,3440376800.0,212.98,1034013669641.0
600036,2025-09-22,41.15,40.92,41.37,40.8,65611000.0,0.0032,2688228100.0,212.67,1031996081992.92
600036,2025-09-23,40.98,41.55,41.75,40.63,93885100.0,0.0046,3891395800.0,215.12,1047884584721.55
600036,2025-09-24,41.5,41.32,41.89,41.29,64390000.0,0.0031,2672303400.0000005,214.23,1042084020233.32
600036,2025-09-25,41.32,40.82,41.36,40.81,66694900.0,0.0032,2730478500.0,212.28,1029474097432.82
600036,2025-09-26,40.81,40.8,41.0,40.3,68276700.0,0.0033,2773964900.0,212.21,1028969700520.8
600036,2025-09-29,40.77,40.68,41.29,40.36,83555100.0,0.0040999999999999995,3407163100.0,211.74,1025943319048.68
600036,2025-09-30,40.65,40.41,40.79,40.41,70002500.0,0.0034000000000000002,2836889500.0,210.69,1019133960736.41
600036,2025-10-09,40.21,40.33,40.44,39.82,97232000.0,0.004699999999999999,3900217900.0,210.38,1017116373088.33
600036,2025-10-10,40.3,40.18,40.65,40.13,95505000.0,0.0046,3852817600.0,209.8,1013333396248.18
600036,2025-10-13,39.76,40.11,40.3,39.7,106593600.0,0.0052,4266014500.0,209.53,1011568007056.11
600036,2025-10-14,40.09,41.26,41.49,39.83,173382700.0,0.0084,7102543600.0,213.99,1040570829497.26
600036,2025-10-15,41.25,41.5,41.57,41.01,106276700.0,0.0052,4392820700.0,214.93,1046623592441.5
600036,2025-10-16,41.5,41.93,41.99,41.13,106248800.0,0.0052,4427156800.0,216.59,1057468126049.93
600036,2025-10-17,41.88,41.59,42.22,41.38,82982700.0,0.004,3470670300.0000005,215.27,1048893378545.59
600036,2025-10-20,41.61,41.42,41.79,41.1,64947700.0,0.0031,2694843400.0000005,214.61,1044606004793.42
600036,2025-10-21,41.49,41.98,42.1,41.49,75993100.0,0.0037,3184239200.0,216.79,1058729118329.98
600036,2025-10-22,41.98,41.95,42.2,41.73,55133400.0,0.0027,2311324900.0,216.67,1057972522961.95
600036,2025-10-23,41.95,42.24,42.49,41.78,71317400.0,0.0034999999999999996,3004975800.0,217.8,1065286278186.24
600036,2025-10-24,42.35,41.95,42.45,41.85,69883200.0,0.0034000000000000002,2938870300.0000005,216.67,1057972522961.95
600036,2025-10-27,41.9,41.59,41.97,41.42,98894900.0,0.0048,4120096200.0,215.27,1048893378545.59
600036,2025-10-28,41.62,41.6,41.72,41.23,70595100.0,0.0034000000000000002,2928533800.0,215.31,1049145577001.6
600036,2025-10-29,41.53,40.77,41.53,40.69,91098800.0,0.0044,3735043000.0,212.09,1028213105152.77
600036,2025-10-30,40.8,41.2,41.36,40.73,113153800.0,0.0055000000000000005,4648170400.0,213.76,1039057638761.2
600036,2025-10-31,41.26,40.89,41.3,40.84,70260700.0,0.0034000000000000002,2881797800.0000005,212.56,1031239486624.89
600036,2025-11-03,41.14,41.79,41.97,41.06,92198100.0,0.0045000000000000005,3837027100.0,216.05,1053937347665.79
600036,2025-11-04,41.84,43.01,43.11,41.81,134003600.0,0.006500000000000001,5731414399.999999,220.79,1084705559299.01
600036,2025-11-05,43.1,42.8,43.47,42.75,73171400.0,0.0034999999999999996,3142006300.0,219.97,1079409391722.8
600036,2025-11-06,42.65,42.34,42.89,42.31,87197300.0,0.0042,3704094200.0,218.19,1067808262746.34
600036,2025-11-07,42.4,42.51,42.72,42.28,59319100.0,0.0029,2521251000.0,218.85,1072095636498.51
600036,2025-11-10,42.45,42.72,42.88,42.28,53236900.0,0.0026,2272065500.0,219.66,1077391804074.72
600036,2025-11-11,42.69,42.96,43.04,42.52,54467100.0,0.0026,2335614900.0,220.59,1083444567018.96
600036,2025-11-12,43.12,42.93,43.36,42.93,58792900.0,0.0029,2538488000.0,220.48,1082687971650.93
600036,2025-11-13,42.97,43.21,43.3,42.74,58798000.0,0.0029,2531083400.0,221.57,1089749528419.21
600036,2025-11-14,43.24,43.25,43.59,43.18,51821000.0,0.0025,2251121700.0,221.72,1090758322243.25
600036,2025-11-17,43.1,42.65,43.2,42.5,61067400.0,0.003,2605355100.0,219.39,1075626414882.65
600036,2025-11-18,42.56,42.88,42.91,42.44,51743900.0,0.0025,2210394700.0,220.28,1081426979370.88
600036,2025-11-19,42.88,43.22,43.5,42.8,51169600.0,0.0025,2211527900.0,221.6,1090001726875.22
600036,2025-11-20,43.22,43.23,43.79,43.05,58585200.0,0.0028000000000000004,2545450500.0,221.64,1090253925331.23
600036,2025-11-21,43.24,43.0,43.55,42.76,79126400.0,0.0038,3414438900.0,220.75,1084453360843.0
600036,2025-11-24,43.1,42.63,43.21,42.51,67854900.0,0.0033,2903502500.0,219.31,1075122017970.63
600036,2025-11-25,42.66,43.25,43.3,42.44,66640900.0,0.0032,2860711000.0,221.72,1090758322243.25
600036,2025-11-26,43.34,43.25,43.63,42.97,45107200.0,0.0022,1950643299.9999998,221.72,1090758322243.25
600036,2025-11-27,43.18,43.19,43.39,42.6,62143400.0,0.003,2671439099.9999995,221.49,1089245131507.19
600036,2025-11-28,43.1,42.95,43.12,42.82,49465800.0,0.0024,2126261800.0,220.56,1083192368562.95
600036,2025-12-01,43.08,43.44,43.47,42.93,56791900.0,0.0028000000000000004,2454940600.0,222.46,1095550092907.44
600036,2025-12-02,43.44,43.38,43.65,43.22,40673500.0,0.002,1765681300.0,222.23,1094036902171.38
600036,2025-12-03,43.27,43.01,43.58,43.0,46896000.0,0.0023,2029264500.0,220.79,1084705559299.01
600036,2025-12-04,43.05,43.22,43.42,43.01,36120700.0,0.0018,1560898900.0000002,221.6,1090001726875.22
600036,2025-12-05,43.25,43.45,43.55,42.91,54890600.0,0.0027,2372985300.0,222.5,1095802291363.45
600036,2025-12-08,43.44,43.18,43.64,43.07,58003900.0,0.0028000000000000004,2512101200.0,221.45,1088992933051.18
600036,2025-12-09,43.18,43.04,43.3,42.83,46593900.0,0.0023,2007147200.0,220.91,1085462154667.04
600036,2025-12-10,43.08,41.7,43.08,41.55,108315700.0,0.0053,4546989700.0,215.7,1051667561561.7
600036,2025-12-11,41.86,41.68,42.05,41.41,84623100.0,0.0040999999999999995,3525927199.9999995,215.62,1051163164649.68
600036,2025-12-12,41.75,41.74,41.83,41.48,71762500.0,0.0034999999999999996,2991877700.0,215.86,1052676355385.74
600036,2025-12-15,41.74,41.8,42.28,41.63,56266600.0,0.0027,2361987000.0,216.09,1054189546121.8
600036,2025-12-16,41.78,41.7,42.13,41.43,56617600.0,0.0027,2359935000.0,215.7,1051667561561.7
600036,2025-12-17,41.6,41.52,41.85,41.23,63126700.0,0.0031,2619154100.0,215.0,1047127989353.52
600036,2025-12-18,41.54,42.37,42.42,41.4,76811900.0,0.0037,3224732000.0,218.3,1068564858114.37
600036,2025-12-19,42.37,41.99,42.48,41.91,57382300.0,0.0028000000000000004,2421818100.0,216.83,1058981316785.99
600036,2025-12-22,42.08,41.77,42.13,41.71,52474000.0,0.0025,2197149700.0,215.97,1053432950753.77
600036,2025-12-23,41.74,41.91,42.04,41.66,60651000.0,0.0029,2539576600.0,216.52,1056963729137.91
600036,2025-12-24,41.93,41.83,41.99,41.55,53630500.0,0.0026,2241620100.0,216.21,1054946141489.83
600036,2025-12-25,41.93,41.78,42.08,41.7,49921400.0,0.0024,2090265100.0,216.01,1053685149209.78
600036,2025-12-26,41.79,41.7,41.88,41.62,50881000.0,0.0025,2123779700.0,215.7,1051667561561.7
600036,2025-12-29,41.66,41.87,41.93,41.42,68255100.0,0.0033,2848984800.0,216.36,1055954935313.87
600036,2025-12-30,41.9,42.28,42.48,41.78,83478300.0,0.004,3522122500.0,217.95,1066295072010.28
600036,2025-12-31,42.24,42.1,42.33,41.92,55414200.0,0.0027,2335536700.0,217.26,1061755499802.1
600036,2026-01-05,42.48,42.35,42.8,42.27,84083000.0,0.0040999999999999995,3571507100.0,218.23,1068060461202.35
600036,2026-01-06,42.45,42.73,42.79,42.09,92371500.0,0.0045000000000000005,3918152800.0000005,219.7,1077644002530.73
600036,2026-01-07,42.75,42.15,43.02,42.14,88056000.0,0.0043,3735889200.0,217.45,1063016492082.15
600036,2026-01-08,42.2,41.58,42.25,41.3,111572700.0,0.0054,4642639900.0,215.24,1048641180089.58
600036,2026-01-09,41.54,41.3,41.76,41.12,98547100.0,0.0048,4069939099.9999995,214.15,1041579623321.3
600036,2026-01-12,41.3,41.12,41.43,41.0,118664100.0,0.0058,4887859900.0,213.45,1037040051113.12
600036,2026-01-13,41.2,41.13,41.38,41.03,115936500.0,0.005600000000000001,4772124900.0,213.49,1037292249569.13
600036,2026-01-14,41.13,40.07,41.17,40.06,191774400.0,0.009300000000000001,7803195400.0,209.37,1010559213232.07
600036,2026-01-15,40.11,40.11,40.42,40.0,121727100.0,0.0059,4886718500.0,209.53,1011568007056.11
600036,2026-01-16,39.49,38.72,39.5,38.65,152524500.0,0.0074,5941062900.0,208.06,976512421670.72
600036,2026-01-19,38.73,38.55,38.92,38.5,98870300.0,0.0048,3825610900.0000005,207.4,972225047918.55
600036,2026-01-20,38.57,38.73,39.13,38.51,111387300.0,0.0054,4327688200.0,208.1,976764620126.73
600036,2026-01-21,38.92,38.24,38.94,38.18,121500000.0,0.0059,4683716100.0,206.2,964406895782.24
600036,2026-01-22,38.27,37.85,38.58,37.8,187754600.0,0.0091,7138121600.0,204.69,954571155997.85
600036,2026-01-23,37.85,37.5,38.17,37.38,189211300.0,0.0092,7135111000.0,203.33,945744210037.5
600036,2026-01-26,37.5,38.02,38.3,37.31,216679400.0,0.0105,8225997400.0,205.35,958858529750.02
600036,2026-01-27,38.06,38.1,38.51,37.87,157240600.0,0.0076,6017368300.0,205.66,960876117398.1
600036,2026-01-28,38.12,37.8,38.44,37.7,204166700.0,0.009899999999999999,7757392700.0,204.49,953310163717.8
600036,2026-01-29,37.88,38.53,38.65,37.55,199998200.0,0.0097,7627788300.0,207.33,971720651006.53
600036,2026-01-30,38.53,38.67,39.17,38.53,166084300.0,0.008100000000000001,6450474700.0,207.87,975251429390.67
600036,2026-02-02,38.88,38.45,39.3,38.41,138497900.0,0.0067,5374972300.0,207.02,969703063358.45
600036,2026-02-03,38.67,38.3,38.67,38.14,84279200.0,0.0040999999999999995,3228439099.9999995,206.43,965920086518.3
600036,2026-02-04,38.3,39.01,39.02,38.26,102131600.0,0.005,3961153600.0,209.19,983826176895.01
600036,2026-02-05,38.94,39.71,39.92,38.91,121889500.0,0.0059,4810048800.0,211.91,1001480068815.71
600036,2026-02-06,39.7,39.6,39.95,39.31,80298000.0,0.0039000000000000003,3178037600.0,211.48,998705885799.6
600036,2026-02-09,39.6,39.48,39.74,39.33,65894900.0,0.0032,2601539100.0,211.02,995679504327.48
600036,2026-02-10,39.49,39.34,39.56,39.31,49596500.0,0.0024,1953983700.0,210.47,992148725943.34
600036,2026-02-11,39.36,39.4,39.45,39.2,52881700.0,0.0026,2080370300.0,210.7,993661916679.4
600036,2026-02-12,39.4,38.99,39.42,38.73,77752600.0,0.0038,3028037800.0000005,209.11,983321779982.99
600036,2026-02-13,38.95,38.71,39.09,38.63,70537000.0,0.0034000000000000002,2738390000.0,208.03,976260223214.71
600036,2026-02-24,39.2,38.94,39.41,38.82,75467400.0,0.0037,2950567000.0,208.92,982060787702.94
600036,2026-02-25,38.9,38.78,39.15,38.72,72397100.0,0.0034999999999999996,2817141599.9999995,208.3,978025612406.78
600036,2026-02-26,38.8,38.7,39.02,38.5,59332500.0,0.0029,2297277100.0,207.99,976008024758.7
600036,2026-02-27,38.75,38.75,38.95,38.64,63703500.0,0.0031,2472164600.0,208.18,977269017038.75
600036,2026-03-02,38.6,38.67,38.87,38.42,68547300.0,0.0033,2649577400.0,207.87,975251429390.67
600036,2026-03-03,38.66,39.18,39.55,38.56,138465600.0,0.0067,5423934800.0,209.85,988113550647.18
600036,2026-03-04,39.01,38.6,39.03,38.01,115193900.0,0.005600000000000001,4442287600.0,207.6,973486040198.6
600036,2026-03-05,38.66,39.15,39.24,38.63,78337000.0,0.0038,3058463900.0,209.73,987356955279.15
600036,2026-03-06,39.1,39.2,39.32,38.95,46595700.0,0.0023,1822138700.0,209.93,988617947559.2
600036,2026-03-09,38.9,38.79,39.18,38.75,76677500.0,0.0037,2983734000.0,208.34,978277810862.79
600036,2026-03-10,38.94,39.22,39.24,38.8,61371700.0,0.003,2399803900.0,210.01,989122344471.22
600036,2026-03-11,39.3,39.5,39.5,38.95,68940700.0,0.0033,2710371100.0,211.09,996183901239.5
600036,2026-03-12,39.45,39.5,39.58,39.33,52772300.0,0.0026,2081987100.0,211.09,996183901239.5
600036,2026-03-13,39.46,39.76,40.05,39.35,76527700.0,0.0037,3041555900.0000005,212.1,1002741061095.76
600036,2026-03-16,39.77,39.91,40.04,39.64,61094500.0,0.003,2435208900.0,212.68,1006524037935.91
600036,2026-03-17,39.89,40.12,40.36,39.83,65622900.0,0.0032,2637804800.0,213.5,1011820205512.12
600036,2026-03-18,40.13,39.92,40.32,39.79,70583100.0,0.0034000000000000002,2822439800.0,212.72,1006776236391.92
600036,2026-03-19,39.88,39.77,40.04,39.7,65024700.0,0.0032,2591832100.0,212.14,1002993259551.77
600036,2026-03-20,39.85,39.75,40.08,39.66,61580300.0,0.003,2453063200.0,212.06,1002488862639.75
600036,2026-03-23,39.58,38.68,39.7,38.55,95773800.0,0.0046,3730145400.0,207.91,975503627846.68
600036,2026-03-24,38.8,39.25,39.32,38.73,61633600.0,0.003,2408674600.0,210.12,989878939839.25
600036,2026-03-25,39.33,39.26,39.4,38.94,65381700.0,0.0032,2556622000.0,210.16,990131138295.26
600036,2026-03-26,39.15,39.56,39.69,39.14,61679000.0,0.003,2437289700.0,211.33,997697091975.56
600036,2026-03-27,39.5,39.44,39.7,39.25,46800700.0,0.0023,1846336000.0,210.86,994670710503.44
600036,2026-03-30,39.24,39.48,39.57,39.13,64605400.0,0.0031,2544968900.0,211.02,995679504327.48
600036,2026-03-31,39.54,39.32,39.73,39.28,66309700.0,0.0032,2617257400.0,210.39,991644329031.32
600036,2026-04-01,39.56,39.82,40.04,39.42,88152600.0,0.0043,3510509300.0,212.34,1004254251831.82
600036,2026-04-02,39.86,39.76,39.92,39.58,53463000.0,0.0026,2124222800.0,212.1,1002741061095.76
600036,2026-04-03,39.76,39.4,39.82,39.36,46448500.0,0.0023,1835962100.0,210.7,993661916679.4
600036,2026-04-07,39.39,38.99,39.6,38.96,52836700.0,0.0026,2071766600.0,209.11,983321779982.99
600036,2026-04-08,39.5,39.62,39.64,39.19,66949800.0,0.0032,2643490400.0,211.56,999210282711.62
600036,2026-04-09,39.48,39.26,39.52,39.12,53585400.0,0.0026,2104306000.0,210.16,990131138295.26
600036,2026-04-10,39.32,39.21,39.38,39.13,54320200.0,0.0026,2130641500.0,209.97,988870146015.21
600036,2026-04-13,39.13,38.98,39.16,38.92,52514500.0,0.0025,2047706900.0,209.07,983069581526.98
600036,2026-04-14,39.0,39.13,39.18,38.95,50399900.0,0.0024,1967829500.0,209.66,986852558367.13
600036,2026-04-15,39.25,39.9,39.92,39.22,105210400.0,0.0051,4177253300.0,212.65,1006271839479.9
600036,2026-04-16,39.9,39.91,40.15,39.75,61725800.0,0.003,2467044500.0,212.68,1006524037935.91
600036,2026-04-17,39.85,39.52,39.9,39.5,58792500.0,0.0029,2331744900.0,211.17,996688298151.52
600036,2026-04-20,39.5,39.87,39.9,39.33,58877600.0,0.0029,2337084800.0,212.53,1005515244111.87
600036,2026-04-21,39.91,39.87,40.15,39.86,54594900.0,0.0026,2182431200.0,212.53,1005515244111.87
600036,2026-04-22,39.87,39.74,40.03,39.62,50759500.0,0.0025,2017733900.0000002,212.02,1002236664183.74
600036,2026-04-23,39.72,39.81,39.86,39.52,56948900.0,0.0028000000000000004,2260647900.0,212.3,1004002053375.81
600036,2026-04-24,39.74,39.38,39.8,39.36,62941400.0,0.0031,2485978700.0,210.63,993157519767.38
600036,2026-04-27,39.52,39.38,39.99,39.32,92616800.0,0.0045000000000000005,3669782199.9999995,210.63,993157519767.38
600036,2026-04-28,39.38,39.6,39.63,39.26,66930500.0,0.0032,2637104800.0,211.48,998705885799.6
600036,2026-04-29,38.91,38.5,39.02,38.34,253311700.0,0.0123,9780526600.0,207.21,970964055638.5
600036,2026-04-30,38.4,38.27,38.51,38.12,116957400.0,0.005699999999999999,4477499800.0,206.32,965163491150.27
600036,2026-05-06,38.29,38.0,38.35,37.82,143177100.0,0.0069,5437169100.0,205.27,958354132838.0
600036,2026-05-07,38.05,37.95,38.16,37.94,79009000.0,0.0038,3001814200.0,205.07,957093140557.95
600036,2026-05-08,38.03,37.94,38.18,37.9,86953900.0,0.0042,3303687199.9999995,205.04,956840942101.94
600036,2026-05-11,37.95,37.97,37.98,37.7,92548900.0,0.0045000000000000005,3502977199.9999995,205.15,957597537469.97
600036,2026-05-12,37.98,37.9,38.14,37.86,96729900.0,0.004699999999999999,3673345200.0,204.88,955832148277.9
600036,2026-05-13,37.96,37.88,38.09,37.85,71830400.0,0.0034999999999999996,2723485900.0000005,204.8,955327751365.88
600036,2026-05-14,37.81,37.81,38.02,37.73,86786800.0,0.0042,3286217900.0,204.53,953562362173.81
600036,2026-05-15,37.81,37.65,37.97,37.61,82173800.0,0.004,3101358400.0000005,203.91,949527186877.65
600036,2026-05-18,37.65,37.47,37.66,37.35,70768400.0,0.0034000000000000002,2651016900.0,203.21,944987614669.47
600036,2026-05-19,37.48,37.37,37.74,37.34,71991000.0,0.0034999999999999996,2698787199.9999995,202.82,942465630109.37
600036,2026-05-20,37.37,37.17,37.44,37.17,69318400.0,0.0034000000000000002,2582329900.0,202.05,937421660989.17
600036,2026-05-21,37.18,37.15,37.34,37.11,72520000.0,0.0034999999999999996,2698141500.0,201.97,936917264077.15
600036,2026-05-22,37.1,37.02,37.33,36.97,79761700.0,0.0039000000000000003,2961273400.0000005,201.46,933638684149.02
600036,2026-05-25,37.01,36.94,37.26,36.9,71066800.0,0.0034000000000000002,2631256800.0,201.15,931621096500.94
600036,2026-05-26,36.94,37.0,37.29,36.9,70620300.0,0.0034000000000000002,2617323700.0,201.39,933134287237.0
600036,2026-05-27,37.01,37.0,37.19,36.78,84514600.0,0.0040999999999999995,3125360300.0000005,201.39,933134287237.0
600036,2026-05-28,37.05,37.12,37.43,36.97,99579100.0,0.0048,3701402000.0,201.85,936160668709.12
600036,2026-05-29,37.1,38.01,38.04,36.93,153138400.0,0.0074,5769643100.000001,205.31,958606331294.01
600036,2026-06-01,38.0,38.2,38.2,37.8,96137900.0,0.004699999999999999,3656722100.0,206.04,963398101958.2
600036,2026-06-02,38.16,38.8,38.88,38.05,125697000.0,0.0060999999999999995,4860567500.0,208.37,978530009318.8
600036,2026-06-03,38.81,38.5,38.81,38.25,88127500.0,0.0043,3392945700.0,207.21,970964055638.5
600036,2026-06-04,38.4,38.1,38.65,37.99,73884100.0,0.0036,2826182700.0,205.66,960876117398.1
600036,2026-06-05,38.18,38.58,38.7,38.11,77870900.0,0.0038,3000501500.0,207.52,972981643286.58
600036,2026-06-08,38.4,38.5,38.76,38.36,76947800.0,0.0037,2965291900.0,207.21,970964055638.5
600036,2026-06-09,38.5,38.49,38.64,38.4,66450000.0,0.0032,2559005900.0,207.17,970711857182.49
600036,2026-06-10,38.45,38.9,39.08,38.38,93586100.0,0.0045000000000000005,3632762800.0000005,208.76,981051993878.9
600036,2026-06-11,38.93,38.73,39.09,38.57,59445400.0,0.0029,2304178600.0,208.1,976764620126.73
600036,2026-06-12,38.59,39.34,39.35,38.34,111983400.0,0.0054,4373132400.0,210.47,992148725943.34
600036,2026-06-15,39.21,38.95,39.37,38.73,97740400.0,0.004699999999999999,3811793400.0000005,208.96,982312986158.95
600036,2026-06-16,38.81,38.57,38.89,38.41,78966900.0,0.0038,3048039099.9999995,207.48,972729444830.57
600036,2026-06-17,38.68,38.23,38.85,38.14,66045200.0,0.0032,2530773400.0,206.16,964154697326.23
600036,2026-06-18,38.15,37.26,38.2,37.26,100346100.0,0.0049,3765522199.9999995,202.39,939691447093.26
600036,2026-06-22,37.01,37.65,37.9,36.95,110076800.0,0.0053,4112247300.0,203.91,949527186877.65
600036,2026-06-23,37.65,37.4,38.19,37.35,100800700.0,0.0049,3804117400.0,202.94,943222225477.4
600036,2026-06-24,37.49,36.76,37.58,36.75,123616600.0,0.006,4570750900.0,200.45,927081524292.76
600036,2026-06-25,36.73,36.23,36.99,36.2,118116200.0,0.005699999999999999,4308980700.0,198.4,913715006124.23
600036,2026-06-26,36.38,36.0,36.47,35.88,105541000.0,0.0051,3804353000.0,197.5,907914441636.0
600036,2026-06-29,35.9,36.42,36.72,35.4,108073500.0,0.0052,3911537700.0,199.13,918506776788.42
600036,2026-06-30,36.37,35.5,36.39,35.35,109903800.0,0.0053,3919806200.0,195.56,895304518835.5
600036,2026-07-01,35.52,35.91,36.12,35.28,89122100.0,0.0043,3183805700.0,197.15,905644655531.91
600036,2026-07-02,36.28,36.6,36.8,36.13,94461400.0,0.0046,3442082800.0000005,199.83,923046348996.6
600036,2026-07-03,36.67,36.83,37.06,36.35,85312400.0,0.0040999999999999995,3133647700.0,200.72,928846913484.83
600036,2026-07-06,36.7,37.73,37.76,36.52,97154400.0,0.004699999999999999,3625395500.0,204.22,951544774525.73
600036,2026-07-07,37.72,37.55,37.86,37.3,65258700.0,0.0032,2448739000.0,203.52,947005202317.55
600036,2026-07-08,37.36,37.94,37.97,37.15,76713500.0,0.0037,2899053600.0,205.04,956840942101.94
600036,2026-07-09,37.7,37.55,37.81,37.37,76564600.0,0.0037,2875450200.0,203.52,947005202317.55
600036,2026-07-10,36.61,36.88,36.92,36.33,79377200.0,0.0038,2911440800.0,204.81,930107905764.88
600036,2026-07-13,36.81,37.25,37.4,36.71,93308500.0,0.0045000000000000005,3469591900.0,206.25,939439248637.25
600036,2026-07-14,37.1,37.18,37.24,36.82,80415400.0,0.0039000000000000003,2979123000.0,205.98,937673859445.18
600036,2026-07-15,37.0,37.76,37.96,36.75,115462600.0,0.005600000000000001,4337619100.0,208.23,952301369893.76
600036,2026-07-16,37.7,37.67,38.12,37.5,76689900.0,0.0037,2894610300.0000005,207.88,950031583789.67
600036,2026-07-17,37.76,38.02,38.2,37.68,115858400.0,0.005600000000000001,4404072200.0,209.24,958858529750.02
600036,2026-07-20,37.95,38.91,38.91,37.89,143361000.0,0.0069,5534176000.0,212.7,981304192334.91
600036,2026-07-21,39.18,37.99,39.4,37.9,156012700.0,0.0076,6018519200.0,209.12,958101934381.99
600036,2026-07-22,37.85,38.71,38.71,37.63,108454600.0,0.0053,4146124500.0,211.92,976260223214.71
600036,2026-07-23,38.68,38.91,38.99,38.45,79493800.0,0.0039000000000000003,3087846400.0,212.7,981304192334.91
600036,2026-07-24,39.18,39.2,39.25,38.9,98296000.0,0.0048,3846185700.0,213.82,988617947559.2
600036,2026-07-27,39.12,39.0,39.24,38.69,71584600.0,0.0034999999999999996,2791660600.0,213.05,983573978439.0
600036,2026-07-28,39.17,39.59,39.59,38.95,105018700.0,0.0051,4136021700.0,215.34,998453687343.59
600036,2026-07-29,39.98,39.66,40.07,39.49,114871200.0,0.005600000000000001,4563588900.0,215.61,1000219076535.66
600036,2026-07-30,39.66,40.55,40.55,39.55,137458000.0,0.0067,5517774500.0,219.06,1022664739120.55
600036,2026-07-31,39.85,39.62,40.17,39.04,149155000.0,0.0072,5898212000.0,215.45,999210282711.62
600036,2026-08-03,39.88,40.36,40.42,39.8,121749300.0,0.0059,4892987900.0,218.33,1017872968456.36
600036,2026-08-04,40.16,39.28,40.16,39.21,110499900.0,0.0054,4364079600.0,214.13,990635535207.28
600036,2026-08-05,39.18,38.94,39.48,38.72,96045400.0,0.004699999999999999,3741156000.0,212.81,982060787702.94
600036,2026-08-06,39.0,38.97,39.15,38.47,85375500.0,0.0040999999999999995,3312252500.0,212.93,982817383070.97
600036,2026-08-07,38.9,38.8,39.1,38.48,77964700.0,0.0038,3022675800.0,212.27,978530009318.8
600036,2026-08-10,38.79,38.91,39.27,38.7,65175800.0,0.0032,2544401500.0,212.7,981304192334.91
600036,2026-08-11,39.0,38.95,39.2,38.77,50077000.0,0.0024,1949602600.0,212.85,982312986158.95
600036,2026-08-12,38.95,38.7,38.97,38.56,55748900.0,0.0027,2158507000.0,211.88,976008024758.7
600036,2026-08-13,38.59,38.77,38.81,38.5,50198500.0,0.0024,1940835900.0,212.15,977773413950.77
600036,2026-08-14,38.65,38.46,38.75,38.46,48680200.0,0.0024,1877959600.0,210.95,969955261814.46
600036,2026-08-17,38.35,38.2,38.46,38.06,65674400.0,0.0032,2510463600.0,209.94,963398101958.2
600036,2026-08-18,38.15,38.29,38.36,38.03,60136100.0,0.0029,2297763200.0,210.29,965667888062.29
600036,2026-08-19,38.55,39.15,39.15,38.4,124893900.0,0.0060999999999999995,4850666000.0,213.63,987356955279.15
600036,2026-08-20,38.8,38.86,39.07,38.47,74785700.0,0.0036,2899498600.0,212.5,980043200054.86
600036,2026-08-21,38.8,38.9,39.1,38.76,51421900.0,0.0025,2002588299.9999998,212.66,981051993878.9
600036,2026-08-24,38.87,39.58,39.7,38.77,104578300.0,0.0051,4125329800.0,215.3,998201488887.58
600036,2026-08-25,39.7,39.5,39.92,39.42,63418300.0,0.0031,2512181900.0,214.99,996183901239.5
600036,2026-08-26,39.41,39.8,39.98,39.38,64645500.0,0.0031,2574006900.0,216.15,1003749854919.8
600036,2026-08-27,39.63,39.58,39.94,39.32,61459200.0,0.003,2429800400.0,215.3,998201488887.58
600036,2026-08-28,39.46,39.35,39.55,39.23,48103300.0,0.0023,1893074600.0,214.4,992400924399.35
600036,2026-08-31,39.51,40.12,40.28,39.5,113625100.0,0.0055000000000000005,4545240500.0,217.39,1011820205512.12
600036,2026-09-01,40.04,40.86,40.88,39.9,114766100.0,0.005600000000000001,4659959200.0,220.27,1030482891256.86
600036,2026-09-02,40.9,40.87,41.0,40.63,64861100.0,0.0031,2647880900.0000005,220.31,1030735089712.87
600036,2026-09-03,40.76,41.07,41.36,40.52,76871600.0,0.0037,3160615600.0,221.08,1035779058833.07
600036,2026-09-04,41.05,41.69,41.78,40.95,84522900.0,0.0040999999999999995,3516541900.0,223.49,1051415363105.69
600036,2026-09-07,41.65,41.07,41.76,41.03,73868300.0,0.0036,3048587000.0,221.08,1035779058833.07
600036,2026-09-08,41.01,40.9,41.38,40.81,49310200.0,0.0024,2021762700.0,220.42,1031491685080.9
600036,2026-09-09,40.85,41.0,41.22,40.75,43207400.0,0.0021,1773818800.0,220.81,1034013669641.0
600036,2026-09-10,41.0,41.57,41.67,40.8,66000300.0,0.0032,2733649699.9999995,223.03,1048388981633.57
600036,2026-09-11,41.75,41.35,41.75,41.05,73798300.0,0.0036,3051269300.0,222.17,1042840615601.35
600036,2026-09-14,41.34,41.83,41.83,41.16,74606700.0,0.0036,3103375100.0,224.03,1054946141489.83
600036,2026-09-15,41.78,41.1,41.78,41.01,56779400.0,0.0028000000000000004,2340692500.0,221.2,1036535654201.1
600036,2026-09-16,41.15,40.92,41.41,40.52,53801900.0,0.0026,2195191400.0,220.5,1031996081992.92
