code,date,open,close,high,low,volume,turnover,amount,close_hfq,market_cap_yuan
600104,2020-12-01,26.09,26.5,26.79,25.42,90242896.0,0.0077,2354968500.0,214.37,309611726172.5
600104,2020-12-02,26.3,25.71,26.32,25.58,70123983.0,0.006,1809640300.0,209.86,300381791694.15
600104,2020-12-03,25.95,25.62,26.04,25.45,44347986.0,0.0038,1141550200.0,209.35,299330280171.3
600104,2020-12-04,25.45,25.24,25.66,25.02,48426951.0,0.0040999999999999995,1223062800.0,207.18,294890564852.6
600104,2020-12-07,24.73,24.34,24.74,23.9,73205670.0,0.0063,1778533599.9999998,202.05,284375449624.1
600104,2020-12-08,24.48,24.36,24.75,24.17,51545014.0,0.0044,1261323200.0,202.16,284609118851.4
600104,2020-12-09,24.36,23.68,24.69,23.66,61652667.00000001,0.0053,1489451300.0,198.28,276664365123.2
600104,2020-12-10,23.67,23.76,23.85,23.26,44004806.0,0.0038,1038855600.0,198.74,277599042032.4
600104,2020-12-11,23.93,23.8,24.16,23.19,58260702.0,0.005,1377967600.0,198.97,278066380487.0
600104,2020-12-14,23.76,24.37,24.66,23.21,82228606.0,0.006999999999999999,1981100200.0,202.22,284725953465.05
600104,2020-12-15,24.49,24.3,24.75,24.06,59615168.99999999,0.0051,1451161099.9999998,201.82,283908111169.5
600104,2020-12-16,24.49,23.83,24.49,23.82,43408523.0,0.0037,1042546200.0,199.14,278416884327.95
600104,2020-12-17,23.84,24.36,24.42,23.67,45915961.0,0.0039000000000000003,1110755600.0,202.16,284609118851.4
600104,2020-12-18,24.33,24.67,25.04,24.21,67186611.0,0.0058,1663141400.0000002,203.93,288230991874.55
600104,2020-12-21,24.69,24.77,24.9,23.87,91757156.0,0.0079,2235554400.0,204.5,289399338011.05
600104,2020-12-22,24.38,23.23,24.38,23.2,101207985.0,0.0087,2409101600.0,195.71,271406807508.95
600104,2020-12-23,23.23,24.35,24.65,23.1,100738755.0,0.0086,2415073200.0,202.1,284492284237.75
600104,2020-12-24,24.52,23.92,24.54,23.81,38619692.0,0.0033,927855500.0,199.65,279468395850.8
600104,2020-12-25,23.82,23.4,24.08,23.33,47526612.0,0.0040999999999999995,1124362400.0,196.68,273392995941.0
600104,2020-12-28,23.53,25.74,25.74,23.39,142811960.0,0.012199999999999999,3586060700.0,210.04,300732295535.1
600104,2020-12-29,26.03,23.82,26.25,23.8,152302220.0,0.013000000000000001,3794832199.9999995,199.08,278300049714.3
600104,2020-12-30,23.85,24.41,24.93,23.64,93730875.0,0.008,2285920800.0,202.45,285193291919.65
600104,2020-12-31,24.53,24.44,24.88,24.1,81460429.0,0.006999999999999999,1988926500.0,202.62,285543795760.6
600104,2021-01-04,24.0,23.55,24.0,23.39,118844998.0,0.0102,2808084200.0,197.54,275145515145.75
600104,2021-01-05,23.67,22.71,23.77,22.5,113611935.00000001,0.0097,2596909500.0,192.74,265331407599.15
600104,2021-01-06,22.85,22.97,23.28,22.67,64718817.00000001,0.0055000000000000005,1482836800.0,194.23,268369107554.05
600104,2021-01-07,23.05,23.23,23.27,22.71,67740364.0,0.0058,1561964400.0,195.71,271406807508.95
600104,2021-01-08,23.67,25.55,25.55,23.5,184646960.0,0.0158,4578791900.0,208.95,298512437875.75
600104,2021-01-11,26.0,26.43,27.17,25.6,162986345.0,0.013999999999999999,4308240600.0,213.97,308793883876.95
600104,2021-01-12,25.7,26.16,26.4,25.12,111877009.00000001,0.0096,2879289800.0,212.43,305639349308.4
600104,2021-01-13,26.7,25.05,27.32,24.94,141103246.0,0.0121,3666763500.0,206.1,292670707193.25
600104,2021-01-14,25.05,25.12,26.25,24.77,114149692.0,0.0098,2904780900.0000005,206.5,293488549488.8
600104,2021-01-15,25.3,25.7,25.97,24.5,115162890.99999999,0.009899999999999999,2911954600.0,209.81,300264957080.5
600104,2021-01-18,25.45,24.77,25.45,24.7,98930465.0,0.0085,2460139800.0,204.5,289399338011.05
600104,2021-01-19,24.56,23.69,24.63,23.33,117022660.00000001,0.01,2784578200.0,198.34,276781199736.85
600104,2021-01-20,23.71,23.45,24.0,23.3,71431407.0,0.0060999999999999995,1687406300.0,196.97,273977169009.25
600104,2021-01-21,23.47,23.73,23.83,23.13,84090660.0,0.0072,1974813200.0,198.57,277248538191.45
600104,2021-01-22,23.5,23.57,23.76,23.15,62527441.0,0.0054,1464317800.0,197.65,275379184373.05
600104,2021-01-25,23.33,23.05,23.38,22.63,76424354.0,0.006500000000000001,1753462000.0,194.68,269303784463.25
600104,2021-01-26,23.02,22.7,23.17,22.66,41914225.0,0.0036,957188000.0,192.69,265214572985.5
600104,2021-01-27,22.94,23.37,23.48,22.74,60575521.0,0.0052,1400943599.9999998,196.51,273042492100.05
600104,2021-01-28,23.0,22.7,23.22,22.6,54539191.0,0.004699999999999999,1246948400.0,192.69,265214572985.5
600104,2021-01-29,22.81,21.94,22.93,21.7,62787718.99999999,0.0054,1396407900.0,188.35,256335142348.1
600104,2021-02-01,21.74,21.68,21.84,21.35,50382448.0,0.0043,1086784800.0,186.87,253297442393.2
600104,2021-02-02,21.92,22.65,22.65,21.88,59769281.00000001,0.0051,1339224700.0,192.4,264630399917.25
600104,2021-02-03,22.41,22.15,22.47,21.9,48225915.0,0.0040999999999999995,1068885800.0,189.55,258788669234.75
600104,2021-02-04,22.0,21.66,22.02,21.43,44729181.0,0.0038,969620800.0,186.75,253063773165.9
600104,2021-02-05,21.66,21.57,21.98,21.5,28602053.000000004,0.0024,620548400.0,186.24,252012261643.05
600104,2021-02-08,21.8,21.72,21.94,21.42,32285817.0,0.0028000000000000004,699131100.0,187.09,253764780847.8
600104,2021-02-09,21.3,21.27,21.52,20.68,77472752.0,0.0066,1631682400.0,184.53,248507223233.55
600104,2021-02-10,21.36,21.93,22.18,21.27,59655916.0,0.0051,1295602000.0,188.29,256218307734.45
600104,2021-02-18,22.2,21.99,22.23,21.81,53307896.0,0.0046,1173313100.0,188.64,256919315416.35
600104,2021-02-19,21.98,22.3,22.35,21.73,45167288.0,0.0039000000000000003,998336300.0,190.4,260541188439.5
600104,2021-02-22,22.36,22.3,22.97,21.83,75593333.0,0.006500000000000001,1688565300.0,190.4,260541188439.5
600104,2021-02-23,22.07,21.87,22.2,21.68,45230431.0,0.0039000000000000003,992780000.0,187.95,255517300052.55
600104,2021-02-24,21.88,21.31,22.1,21.21,52491218.99999999,0.0045000000000000005,1135045700.0,184.76,248974561688.15
600104,2021-02-25,21.58,21.65,21.65,21.21,39634125.0,0.0034000000000000002,850202100.0000001,186.7,252946938552.25
600104,2021-02-26,21.28,21.25,21.61,21.2,40686739.0,0.0034999999999999996,869165800.0,184.41,248273554006.25
600104,2021-03-01,21.29,21.22,21.38,21.05,29325396.999999996,0.0025,621622000.0,184.24,247923050165.3
600104,2021-03-02,21.25,20.89,21.3,20.78,43026435.0,0.0037,901774299.9999999,182.36,244067507914.85
600104,2021-03-03,20.77,21.17,21.28,20.75,36946716.0,0.0032,779626300.0,183.96,247338877097.05
600104,2021-03-04,21.0,20.72,21.08,20.71,36025855.0,0.0031,750203700.0,181.39,242081319482.8
600104,2021-03-05,20.58,20.84,21.0,20.42,39333541.0,0.0034000000000000002,817610900.0,182.07,243483334846.6
600104,2021-03-08,20.99,20.45,21.13,20.42,38201115.0,0.0033,792907600.0,179.85,238926784914.25
600104,2021-03-09,20.49,20.46,20.88,19.73,45293756.0,0.0039000000000000003,923086100.0,179.9,239043619527.9
600104,2021-03-10,20.6,19.98,20.78,19.97,38152779.0,0.0033,772660700.0000001,177.17,233435558072.7
600104,2021-03-11,19.9,20.07,20.18,19.73,34637155.0,0.003,691723100.0,177.68,234487069595.55
600104,2021-03-12,20.14,20.34,20.37,19.79,39595639.0,0.0034000000000000002,794100399.9999999,179.22,237641604164.1
600104,2021-03-15,20.22,20.08,20.33,19.96,23362219.0,0.002,469979800.00000006,177.74,234603904209.2
600104,2021-03-16,20.02,20.31,20.44,20.0,30928143.0,0.0026,627757000.0,179.05,237291100323.15
600104,2021-03-17,20.33,20.52,20.68,20.22,26388026.0,0.0023,541011200.0,180.25,239744627209.8
600104,2021-03-18,20.69,20.42,20.88,20.38,27372124.0,0.0023,562673500.0,179.68,238576281073.3
600104,2021-03-19,20.31,20.04,20.31,20.01,24983313.0,0.0021,502371500.0,177.51,234136565754.6
600104,2021-03-22,20.04,20.51,20.56,19.98,23223817.0,0.002,470929600.0,180.19,239627792596.15
600104,2021-03-23,20.59,20.35,20.59,20.15,21257859.0,0.0018,431992100.0,179.28,237758438777.75
600104,2021-03-24,20.22,20.18,20.5,20.17,18643560.0,0.0016,377976800.0,178.31,235772250345.7
600104,2021-03-25,20.18,19.95,20.2,19.89,26909550.0,0.0023,537524300.0,176.99,233085054231.75
600104,2021-03-26,19.98,20.1,20.29,19.91,32063819.0,0.0027,644876900.0,177.85,234837573436.5
600104,2021-03-29,20.02,19.88,20.06,19.73,28138345.0,0.0024,558570000.0,176.59,232267211936.2
600104,2021-03-30,19.89,19.79,19.92,19.73,22053988.0,0.0019,436460400.0,176.08,231215700413.35
600104,2021-03-31,19.84,19.67,19.9,19.62,25442362.0,0.0022,501899600.0,175.4,229813685049.55
600104,2021-04-01,19.7,19.8,19.87,19.69,17954268.0,0.0015,355230100.0,176.14,231332535027.0
600104,2021-04-02,19.85,19.9,19.96,19.76,22768416.0,0.0019,452522900.0,176.71,232500881163.5
600104,2021-04-06,20.0,20.07,20.1,19.9,20664356.0,0.0018,413490199.99999994,177.68,234487069595.55
600104,2021-04-07,20.0,20.11,20.11,19.84,24944492.0,0.0021,498050800.0,177.91,234954408050.15
600104,2021-04-08,20.09,20.33,20.48,19.93,34428278.0,0.0029,698421300.0,179.16,237524769550.45
600104,2021-04-09,20.3,20.03,20.3,20.01,26753208.0,0.0023,536834000.0,177.45,234019731140.95
600104,2021-04-12,20.15,20.03,20.23,19.96,21507915.0,0.0018,432085300.0,177.45,234019731140.95
600104,2021-04-13,20.05,19.84,20.12,19.8,18303021.0,0.0016,363743300.0,176.37,231799873481.6
600104,2021-04-14,19.84,19.95,20.05,19.84,14735154.0,0.0013,293992700.0,176.99,233085054231.75
600104,2021-04-15,19.9,19.78,19.99,19.63,19017098.0,0.0016,375062900.0,176.02,231098865799.7
600104,2021-04-16,19.78,20.48,20.56,19.75,55891050.0,0.0048,1134089200.0,180.02,239277288755.2
600104,2021-04-19,20.78,21.35,21.48,20.38,85089445.0,0.0073,1793332900.0,184.98,249441900142.75
600104,2021-04-20,21.25,20.56,21.25,20.55,54580472.0,0.004699999999999999,1132286400.0,180.48,240211965664.4
600104,2021-04-21,20.34,20.08,20.36,20.04,38473265.0,0.0033,774216799.9999999,177.74,234603904209.2
600104,2021-04-22,20.08,20.1,20.16,19.96,21573197.0,0.0018,432656300.0,177.85,234837573436.5
600104,2021-04-23,20.0,19.94,20.1,19.86,24279204.0,0.0021,484730199.99999994,176.94,232968219618.1
600104,2021-04-26,19.94,19.83,19.99,19.75,25226302.0,0.0022,500289900.0,176.31,231683038867.95
600104,2021-04-27,19.77,19.59,19.82,19.58,22098760.0,0.0019,434204800.00000006,174.94,228879008140.35
600104,2021-04-28,19.6,19.43,19.63,19.34,25278986.0,0.0022,490724100.00000006,174.03,227009654321.95
600104,2021-04-29,19.45,19.75,19.8,19.37,22225171.0,0.0019,436641300.0,175.85,230748361958.75
600104,2021-04-30,20.04,20.06,20.43,19.95,41025740.0,0.0034999999999999996,826650600.0,177.62,234370234981.9
600104,2021-05-06,20.06,20.27,20.51,20.0,38502287.0,0.0033,782063900.0,178.82,236823761868.55
600104,2021-05-07,20.3,19.94,20.37,19.92,25103759.0,0.0021,503622500.0,176.94,232968219618.1
600104,2021-05-10,19.99,20.28,20.48,19.88,32519300.0,0.0028000000000000004,657156900.0,178.88,236940596482.2
600104,2021-05-11,20.11,20.1,20.34,19.82,29979851.0,0.0026,601917600.0,177.85,234837573436.5
600104,2021-05-12,20.0,20.64,20.75,19.95,53520138.0,0.0046,1098964100.0,180.93,241146642573.6
600104,2021-05-13,20.4,20.13,20.49,20.06,34458861.0,0.0029,696074299.9999999,178.02,235188077277.45
600104,2021-05-14,20.13,20.37,20.43,19.97,34867957.0,0.003,705542000.0,179.39,237992108005.05
600104,2021-05-17,20.37,20.58,20.77,20.18,41186736.0,0.0034999999999999996,846376500.0,180.59,240445634891.7
600104,2021-05-18,20.53,20.4,20.72,20.27,27407346.000000004,0.0023,559358400.0,179.56,238342611846.0
600104,2021-05-19,20.34,20.67,20.92,20.2,49998288.0,0.0043,1032049900.0,181.1,241497146414.55
600104,2021-05-20,20.57,20.44,20.66,20.3,35444314.0,0.003,724395100.0,179.79,238809950300.6
600104,2021-05-21,20.5,20.19,20.58,20.14,33732368.0,0.0029,683830000.0,178.36,235889084959.35
600104,2021-05-24,20.19,19.98,20.19,19.95,27508384.999999996,0.0024,549874800.0,177.17,233435558072.7
600104,2021-05-25,20.0,20.23,20.25,19.89,33981016.0,0.0029,683247100.0000001,178.59,236356423413.95
600104,2021-05-26,20.22,20.32,20.65,20.19,32585078.000000004,0.0028000000000000004,665685200.0,179.11,237407934936.8
600104,2021-05-27,20.23,20.3,20.5,20.17,27811156.0,0.0024,565529700.0,178.99,237174265709.5
600104,2021-05-28,20.43,20.38,20.64,20.3,35564762.0,0.003,727629100.0,179.45,238108942618.7
600104,2021-05-31,20.39,20.28,20.42,20.08,27657098.0,0.0024,558882900.0,178.88,236940596482.2
600104,2021-06-01,20.27,20.34,20.36,20.07,28449003.000000004,0.0024,575346500.0,179.22,237641604164.1
600104,2021-06-02,20.35,20.4,20.52,20.22,35523841.0,0.003,723668900.0,179.56,238342611846.0
600104,2021-06-03,20.32,20.23,20.51,20.14,34944594.0,0.003,709280300.0,178.59,236356423413.95
600104,2021-06-04,20.19,20.13,20.33,20.06,27308343.0,0.0023,550122700.0,178.02,235188077277.45
600104,2021-06-07,20.1,20.06,20.15,19.97,21845851.0,0.0019,437450300.0,177.62,234370234981.9
600104,2021-06-08,20.02,20.12,20.23,19.98,21294306.0,0.0018,427981700.0,177.96,235071242663.8
600104,2021-06-09,20.1,20.02,20.21,20.0,20697719.0,0.0018,415453200.0,177.39,233902896527.3
600104,2021-06-10,20.0,19.95,20.15,19.95,32886834.999999996,0.0028000000000000004,659012200.0,176.99,233085054231.75
600104,2021-06-11,19.95,19.91,19.99,19.62,39595021.0,0.0034000000000000002,783194100.0,176.77,232617715777.15
600104,2021-06-15,20.1,21.1,21.31,20.1,136187587.0,0.011699999999999999,2826843600.0,183.56,246521034801.5
600104,2021-06-16,20.83,20.48,20.92,20.42,66662730.00000001,0.005699999999999999,1373399400.0,180.02,239277288755.2
600104,2021-06-17,20.42,20.27,20.67,20.09,47220200.0,0.004,959138600.0,178.82,236823761868.55
600104,2021-06-18,20.22,21.7,22.0,20.13,139310697.0,0.011899999999999999,2998689500.0,186.98,253531111620.5
600104,2021-06-21,21.6,21.26,21.6,21.04,76695657.0,0.0066,1631179600.0,184.47,248390388619.9
600104,2021-06-22,21.34,22.1,22.55,21.1,109057328.0,0.009300000000000001,2405637200.0,189.26,258204496166.5
600104,2021-06-23,22.11,22.05,22.54,21.83,81505616.0,0.006999999999999999,1809949800.0,188.98,257620323098.25
600104,2021-06-24,22.16,21.99,22.55,21.75,61206621.0,0.0052,1353754600.0,188.64,256919315416.35
600104,2021-06-25,22.05,22.57,22.95,21.95,85730832.0,0.0073,1934602000.0,191.95,263695723008.05
600104,2021-06-28,22.59,22.41,23.17,22.2,71167568.0,0.0060999999999999995,1604340799.9999998,191.03,261826369189.65
600104,2021-06-29,22.5,21.75,22.58,21.6,62682762.0,0.0054,1370039100.0,187.27,254115284688.75
600104,2021-06-30,21.77,21.97,22.08,21.46,39418439.0,0.0034000000000000002,858837000.0,188.52,256685646189.05
600104,2021-07-01,22.03,21.56,22.03,21.38,40178998.0,0.0034000000000000002,869465900.0,186.18,251895427029.4
600104,2021-07-02,21.21,21.04,21.5,21.03,47232229.0,0.004,1000783600.0,183.21,245820027119.6
600104,2021-07-05,20.88,21.08,21.24,20.75,35674105.0,0.0031,748714000.0,183.44,246287365574.2
600104,2021-07-06,20.95,21.05,21.11,20.66,36414543.0,0.0031,761172000.0,183.27,245936861733.25
600104,2021-07-07,20.9,21.46,21.7,20.77,54662293.00000001,0.004699999999999999,1169476300.0,185.61,250727080892.9
600104,2021-07-08,21.47,21.29,21.6,21.24,33978045.0,0.0029,726134500.0,184.64,248740892460.85
600104,2021-07-09,21.18,21.93,22.11,21.02,66814713.0,0.005699999999999999,1449739600.0,188.29,256218307734.45
600104,2021-07-12,22.04,21.8,22.25,21.63,64659652.0,0.0055000000000000005,1417541400.0000002,187.55,254699457757.0
600104,2021-07-13,21.73,21.68,22.11,21.61,41130942.0,0.0034999999999999996,895725300.0,186.87,253297442393.2
600104,2021-07-14,21.66,20.8,21.66,20.76,59640571.0,0.0051,1249823400.0,181.84,243015996392.0
600104,2021-07-15,20.75,20.52,20.78,20.21,39887806.0,0.0034000000000000002,816690300.0,180.25,239744627209.8
600104,2021-07-16,20.65,20.79,20.84,20.53,29153621.999999996,0.0025,603567100.0,181.79,242899161778.35
600104,2021-07-19,20.5,20.65,20.74,20.19,33430693.0,0.0029,683461000.0,180.99,241263477187.25
600104,2021-07-20,20.48,20.41,20.71,20.26,25538058.0,0.0022,521719000.0,179.62,238459446459.65
600104,2021-07-21,20.41,20.48,20.8,20.4,36415547.0,0.0031,748932600.0,180.02,239277288755.2
600104,2021-07-22,20.52,20.38,20.67,20.35,33539746.999999996,0.0029,686273600.0,179.45,238108942618.7
600104,2021-07-23,20.47,20.7,20.97,20.41,42952853.0,0.0037,888692899.9999999,181.27,241847650255.5
600104,2021-07-26,20.7,19.92,20.7,19.88,58405043.99999999,0.005,1172123500.0,176.82,232734550390.8
600104,2021-07-27,19.94,19.83,20.19,19.81,33368001.0,0.0029,667542200.0,176.31,231683038867.95
600104,2021-07-28,19.78,19.04,20.0,18.85,63080432.99999999,0.0054,1213204100.0,171.8,222453104389.6
600104,2021-07-29,19.18,19.09,19.22,18.9,44205521.0,0.0038,840841100.0,172.09,223037277457.85
600104,2021-07-30,18.46,18.34,18.68,18.03,39334185.0,0.0034000000000000002,719220500.0,171.29,214274681434.1
600104,2021-08-02,18.34,18.91,19.14,18.34,52942044.99999999,0.0045000000000000005,993472899.9999999,174.54,220934254412.15
600104,2021-08-03,18.82,18.75,18.85,18.5,42341637.0,0.0036,790825100.0,173.63,219064900593.75
600104,2021-08-04,18.73,18.97,19.27,18.64,41729143.0,0.0036,794102600.0,174.88,221635262094.05
600104,2021-08-05,18.98,19.05,19.16,18.64,33571369.0,0.0029,636363600.0,175.34,222569939003.25
600104,2021-08-06,19.06,19.16,19.45,18.9,36950713.0,0.0032,707340200.0,175.97,223855119753.4
600104,2021-08-09,18.95,19.09,19.15,18.78,33033248.0,0.0028000000000000004,626305100.0,175.57,223037277457.85
600104,2021-08-10,19.12,19.12,19.18,18.93,30289094.0,0.0026,577289100.0,175.74,223387781298.8
600104,2021-08-11,19.12,19.11,19.31,19.03,29554768.0,0.0025,565047800.0,175.68,223270946685.15
600104,2021-08-12,19.01,19.7,19.99,18.97,81488050.0,0.006999999999999999,1594367500.0,179.05,230164188890.5
600104,2021-08-13,19.5,19.27,19.52,19.12,41475002.0,0.0036,800515100.0,176.59,225140300503.55
600104,2021-08-16,19.1,19.17,19.39,19.09,27548853.000000004,0.0024,530086600.00000006,176.02,223971954367.05
600104,2021-08-17,19.16,18.71,19.37,18.68,40895396.0,0.0034999999999999996,776525399.9999999,173.4,218597562139.15
600104,2021-08-18,18.65,18.82,18.86,18.53,28919346.999999996,0.0025,540365000.0,174.03,219882742889.3
600104,2021-08-19,18.68,18.75,19.0,18.63,44479112.0,0.0038,836865900.0,173.63,219064900593.75
600104,2021-08-20,18.64,18.38,18.64,18.18,52673130.00000001,0.0045000000000000005,965341799.9999999,171.52,214742019888.7
600104,2021-08-23,18.38,18.41,18.54,18.28,26923845.0,0.0023,495620700.0,171.69,215092523729.65
600104,2021-08-24,18.49,18.59,18.72,18.46,30321070.0,0.0026,563901000.0,172.71,217195546775.35
600104,2021-08-25,18.66,18.56,18.66,18.41,24611840.0,0.0021,456206200.0,172.54,216845042934.4
600104,2021-08-26,18.56,18.37,18.57,18.36,26257337.0,0.0022,483439700.0,171.46,214625185275.05
600104,2021-08-27,18.66,18.89,19.17,18.65,73283227.0,0.0063,1388636900.0,174.43,220700585184.85
600104,2021-08-30,19.0,19.38,19.58,18.66,78822618.0,0.0067,1508905799.9999998,177.22,226425481253.7
600104,2021-08-31,19.3,19.32,19.58,19.03,47849636.0,0.0040999999999999995,919628000.0,176.88,225724473571.8
600104,2021-09-01,19.18,19.66,19.75,19.18,65952581.00000001,0.005600000000000001,1287928300.0,178.82,229696850435.9
600104,2021-09-02,19.66,19.87,19.94,19.46,54257725.0,0.0046,1068359000.0,180.02,232150377322.55
600104,2021-09-03,19.75,19.44,19.94,19.41,50760930.0,0.0043,996333100.0,177.56,227126488935.6
600104,2021-09-06,19.5,19.95,20.15,19.5,66139121.0,0.005699999999999999,1315958100.0,180.48,233085054231.75
600104,2021-09-07,20.45,20.94,21.4,20.35,115409660.00000001,0.009899999999999999,2413848200.0,186.12,244651680983.1
600104,2021-09-08,20.72,20.85,21.1,20.65,59633876.0,0.0051,1242453200.0,185.61,243600169460.25
600104,2021-09-09,20.94,20.96,21.47,20.65,58023034.0,0.005,1218013400.0,186.24,244885350210.4
600104,2021-09-10,21.6,21.0,21.8,20.97,74348496.0,0.0064,1582415300.0,186.47,245352688665.0
600104,2021-09-13,20.85,20.67,20.94,20.4,57702463.0,0.0049,1190561800.0,184.58,241497146414.55
600104,2021-09-14,20.78,20.43,21.09,20.36,53754304.0,0.0046,1112486700.0,183.21,238693115686.95
600104,2021-09-15,20.38,20.21,20.48,20.13,35709925.0,0.0031,723303200.0000001,181.96,236122754186.65
600104,2021-09-16,20.24,20.01,20.37,20.01,38957420.0,0.0033,785058700.0,180.82,233786061913.65
600104,2021-09-17,20.1,20.11,20.22,19.92,28265073.0,0.0024,566673300.0,181.39,234954408050.15
600104,2021-09-22,19.88,19.95,20.05,19.7,25915205.0,0.0022,514731200.0,180.48,233085054231.75
600104,2021-09-23,19.95,20.02,20.27,19.94,30195752.0,0.0026,605701200.0,180.87,233902896527.3
600104,2021-09-24,20.02,19.68,20.1,19.65,30864315.999999996,0.0026,613744500.0,178.93,229930519663.2
600104,2021-09-27,19.76,19.73,19.94,19.4,35815683.0,0.0031,703753500.0,179.22,230514692731.45
600104,2021-09-28,19.7,19.53,19.74,19.46,24064305.0,0.0021,471209000.0,178.08,228178000458.45
600104,2021-09-29,19.4,19.2,19.41,19.03,36153149.0,0.0031,693032899.9999999,176.19,224322458208.0
600104,2021-09-30,19.2,19.08,19.37,19.03,26037162.0,0.0022,498333000.0,175.51,222920442844.2
600104,2021-10-08,19.2,19.55,19.61,19.2,29928655.0,0.0026,581280900.0,178.19,228411669685.75
600104,2021-10-11,19.5,19.76,19.9,19.42,27787631.0,0.0024,548302500.0,179.39,230865196572.4
600104,2021-10-12,19.75,19.55,19.94,19.42,28588159.999999996,0.0024,562878000.0,178.19,228411669685.75
600104,2021-10-13,19.52,20.25,20.25,19.44,56374722.0,0.0048,1125166700.0,182.19,236590092641.25
600104,2021-10-14,20.3,20.55,20.58,20.13,51403591.0,0.0044,1049073300.0,183.9,240095131050.75
600104,2021-10-15,20.45,20.82,20.91,20.41,50987826.0,0.0044,1056252600.0,185.44,243249665619.3
600104,2021-10-18,20.72,21.01,21.19,20.57,53739439.0,0.0046,1129099400.0,186.52,245469523278.65
600104,2021-10-19,20.9,20.96,21.29,20.86,46253589.0,0.004,973135000.0,186.24,244885350210.4
600104,2021-10-20,20.93,20.98,21.27,20.87,44440990.0,0.0038,935892800.0,186.35,245119019437.7
600104,2021-10-21,20.97,20.98,21.18,20.8,41805237.0,0.0036,876639900.0,186.35,245119019437.7
600104,2021-10-22,21.07,20.96,21.2,20.87,34754978.0,0.003,730010000.0,186.24,244885350210.4
600104,2021-10-25,20.86,20.97,21.14,20.5,42446432.0,0.0036,886364500.0,186.3,245002184824.05
600104,2021-10-26,21.26,20.73,21.33,20.59,45700159.0,0.0039000000000000003,954780600.0,184.93,242198154096.45
600104,2021-10-27,20.65,20.38,20.86,20.25,41806407.0,0.0036,854383500.0,182.93,238108942618.7
600104,2021-10-28,20.32,19.84,20.38,19.77,47337836.0,0.0040999999999999995,944933100.0,179.85,231799873481.6
600104,2021-10-29,19.97,20.28,20.36,19.9,40930671.0,0.0034999999999999996,825133100.0,182.36,236940596482.2
600104,2021-11-01,20.38,19.97,20.43,19.87,39246991.0,0.0034000000000000002,787307200.0,180.59,233318723459.05
600104,2021-11-02,20.01,20.22,20.74,20.0,57593099.0,0.0049,1171568200.0,182.02,236239588800.3
600104,2021-11-03,20.23,20.19,20.41,20.02,28000275.0,0.0024,565361800.0,181.84,235889084959.35
600104,2021-11-04,20.35,20.66,20.8,20.3,39299825.0,0.0034000000000000002,809522500.0,184.53,241380311800.9
600104,2021-11-05,20.74,22.73,22.73,20.71,170185428.0,0.0146,3816097900.0,196.34,265565076826.45
600104,2021-11-08,22.73,23.01,23.45,22.57,171533545.0,0.0147,3943954900.0,197.94,268836446008.65
600104,2021-11-09,23.0,22.16,23.1,22.11,93392707.0,0.008,2100255500.0,193.09,258905503848.4
600104,2021-11-10,22.0,21.42,22.15,21.18,87072494.0,0.0075,1871365900.0,188.86,250259742438.3
600104,2021-11-11,21.31,21.32,21.65,21.22,71644051.0,0.0060999999999999995,1534272200.0,188.29,249091396301.8
600104,2021-11-12,21.39,21.38,21.55,21.11,62363338.0,0.0053,1331309400.0,188.64,249792403983.7
600104,2021-11-15,21.46,21.14,21.63,20.77,62184578.0,0.0053,1312382800.0,187.27,246988373256.1
600104,2021-11-16,21.0,20.62,21.16,20.58,51011319.0,0.0044,1064463800.0,184.3,240912973346.3
600104,2021-11-17,20.79,20.76,21.05,20.66,55125234.0,0.004699999999999999,1149514400.0,185.1,242548657937.4
600104,2021-11-18,20.65,20.64,20.9,20.42,42309519.0,0.0036,873334600.0000001,184.41,241146642573.6
600104,2021-11-19,20.55,20.68,20.82,20.3,51402328.0,0.0044,1058161400.0,184.64,241613981028.2
600104,2021-11-22,20.7,20.88,20.95,20.54,60975811.0,0.0052,1268237600.0,185.78,243950673301.2
600104,2021-11-23,20.78,21.04,21.08,20.63,61000818.99999999,0.0052,1273215500.0,186.7,245820027119.6
600104,2021-11-24,21.0,20.6,21.0,20.5,54204619.99999999,0.0046,1119457800.0,184.18,240679304119.0
600104,2021-11-25,20.5,20.56,20.65,20.33,35102523.0,0.003,718582700.0,183.96,240211965664.4
600104,2021-11-26,20.75,20.16,20.8,20.16,48412240.0,0.0040999999999999995,987158700.0,181.67,235538581118.4
600104,2021-11-29,19.89,20.09,20.13,19.78,33193327.0,0.0028000000000000004,663159700.0,181.27,234720738822.85
600104,2021-11-30,20.26,19.95,20.38,19.91,36874251.0,0.0032,741498900.0,180.48,233085054231.75
600104,2021-12-01,20.07,20.19,20.19,19.95,27041971.000000004,0.0023,543404300.0,181.84,235889084959.35
600104,2021-12-02,20.2,20.59,20.63,20.08,49397552.0,0.0042,1009618700.0,184.13,240562469505.35
600104,2021-12-03,20.6,20.52,20.61,20.11,43173558.0,0.0037,878560000.0,183.73,239744627209.8
600104,2021-12-06,20.34,20.25,20.53,20.19,34394427.0,0.0029,699059200.0,182.19,236590092641.25
600104,2021-12-07,20.33,20.86,20.96,20.25,65949501.0,0.005600000000000001,1365040100.0,185.67,243717004073.9
600104,2021-12-08,21.03,20.93,21.09,20.54,55347706.99999999,0.004699999999999999,1149778400.0,186.07,244534846369.45
600104,2021-12-09,20.86,21.79,22.14,20.77,109707696.0,0.009399999999999999,2366151900.0,190.98,254582623143.35
600104,2021-12-10,21.55,21.83,21.85,21.49,61872277.0,0.0053,1344190200.0,191.2,255049961597.95
600104,2021-12-13,21.97,21.73,22.06,21.64,45219707.0,0.0039000000000000003,986725000.0,190.63,253881615461.45
600104,2021-12-14,21.53,21.27,21.61,21.16,48662992.0,0.0042,1037992600.0,188.01,248507223233.55
600104,2021-12-15,21.17,21.13,21.34,21.08,25945167.0,0.0022,550204100.0,187.21,246871538642.45
600104,2021-12-16,21.2,21.31,21.43,21.12,31420717.0,0.0027,668823800.0,188.24,248974561688.15
600104,2021-12-17,21.25,20.95,21.4,20.94,32708400.0,0.0028000000000000004,689403200.0000001,186.18,244768515596.75
600104,2021-12-20,20.85,20.59,21.05,20.54,34782913.0,0.003,720623900.0,184.13,240562469505.35
600104,2021-12-21,20.57,20.87,21.0,20.55,28285625.0,0.0024,589713200.0,185.73,243833838687.55
600104,2021-12-22,20.98,20.65,21.13,20.56,34885000.0,0.003,724359800.0,184.47,241263477187.25
600104,2021-12-23,20.73,20.82,20.86,20.61,23285311.0,0.002,483537500.0,185.44,243249665619.3
600104,2021-12-24,20.83,20.59,20.85,20.56,21158095.0,0.0018,436607100.0,184.13,240562469505.35
600104,2021-12-27,20.6,20.81,20.83,20.58,19154963.0,0.0016,397692100.0,185.38,243132831005.65
600104,2021-12-28,20.84,20.84,21.01,20.67,26570963.0,0.0023,552626400.0,185.55,243483334846.6
600104,2021-12-29,20.83,20.59,20.84,20.42,27501358.0,0.0024,565047400.0,184.13,240562469505.35
600104,2021-12-30,20.55,20.53,20.74,20.49,21760816.0,0.0019,448240000.0,183.78,239861461823.45
600104,2021-12-31,20.56,20.63,20.7,20.54,16818578.0,0.0014000000000000002,346762500.0,184.36,241029807959.95
600104,2022-01-04,20.78,20.69,20.83,20.41,34116690.0,0.0029,701830399.9999999,184.7,241730815641.85
600104,2022-01-05,20.59,20.95,21.06,20.57,50837766.0,0.0044,1061880000.0,186.18,244768515596.75
600104,2022-01-06,20.8,20.61,20.88,20.52,38639239.0,0.0033,796658700.0,184.24,240796138732.65
600104,2022-01-07,20.66,20.66,20.88,20.61,34040953.0,0.0029,705943600.0,184.53,241380311800.9
600104,2022-01-10,20.84,20.75,20.85,20.6,28113453.000000004,0.0024,581957500.0,185.04,242431823323.75
600104,2022-01-11,20.7,20.31,20.72,20.28,47246591.0,0.004,968072300.0,182.53,237291100323.15
600104,2022-01-12,20.4,20.37,20.48,20.09,47645026.0,0.0040999999999999995,965854200.0,182.87,237992108005.05
600104,2022-01-13,20.31,20.12,20.52,20.07,37716077.0,0.0032,765816000.0,181.45,235071242663.8
600104,2022-01-14,20.03,19.82,20.05,19.74,46785095.0,0.004,929957000.0,179.73,231566204254.3
600104,2022-01-17,19.85,19.99,20.07,19.83,31192117.0,0.0027,622607900.0,180.7,233552392686.35
600104,2022-01-18,19.99,20.13,20.22,19.91,29836236.0,0.0026,599538700.0,181.5,235188077277.45
600104,2022-01-19,20.09,20.04,20.19,19.85,36670716.0,0.0031,733457500.0,180.99,234136565754.6
600104,2022-01-20,19.98,20.07,20.2,19.92,31656121.999999996,0.0027,635180400.0,181.16,234487069595.55
600104,2022-01-21,20.05,19.75,20.07,19.71,35979256.0,0.0031,712210200.0,179.33,230748361958.75
600104,2022-01-24,19.6,19.52,19.67,19.43,27195232.0,0.0023,531291100.0,178.02,228061165844.8
600104,2022-01-25,19.45,19.06,19.55,19.03,36233232.0,0.0031,698431600.0,175.4,222686773616.9
600104,2022-01-26,19.08,19.14,19.28,19.07,21255318.0,0.0018,407259000.0,175.85,223621450526.1
600104,2022-01-27,19.06,18.83,19.13,18.81,31912784.000000004,0.0027,604966300.0,174.08,219999577502.95
600104,2022-01-28,18.88,18.66,18.99,18.6,30901876.0,0.0026,580291400.0,173.11,218013389070.9
600104,2022-02-07,18.95,18.93,19.11,18.78,29912157.0,0.0026,566712600.0,174.65,221167923639.45
600104,2022-02-08,19.0,19.1,19.1,18.88,25018117.0,0.0021,475230000.0,175.62,223154112071.5
600104,2022-02-09,19.11,19.2,19.26,19.06,31405540.000000004,0.0027,602097700.0,176.19,224322458208.0
600104,2022-02-10,19.18,19.12,19.19,18.98,36036152.0,0.0031,687539800.0,175.74,223387781298.8
600104,2022-02-11,19.1,19.08,19.19,19.01,33766649.0,0.0029,645492600.0,175.51,222920442844.2
600104,2022-02-14,19.12,18.8,19.12,18.69,35116734.0,0.003,661025800.0,173.91,219649073662.0
600104,2022-02-15,18.79,18.8,18.85,18.67,26644614.0,0.0023,500161000.0,173.91,219649073662.0
600104,2022-02-16,18.87,18.98,19.23,18.85,30424805.0,0.0026,578936200.0,174.94,221752096707.7
600104,2022-02-17,19.05,18.87,19.05,18.76,24646864.0,0.0021,464365500.0,174.31,220466915957.55
600104,2022-02-18,18.75,18.9,18.94,18.68,28717502.0,0.0025,539456300.0,174.48,220817419798.5
600104,2022-02-21,18.8,18.83,18.85,18.73,25402594.0,0.0022,477223200.0,174.08,219999577502.95
600104,2022-02-22,18.7,18.46,18.71,18.37,47246946.0,0.004,875620500.0,171.97,215676696797.9
600104,2022-02-23,18.52,18.74,18.76,18.48,39423797.0,0.0034000000000000002,733973800.0,173.57,218948065980.1
600104,2022-02-24,18.65,18.33,18.76,18.2,43263297.0,0.0037,798540200.0,171.23,214157846820.45
600104,2022-02-25,18.4,18.37,18.5,18.31,34338117.0,0.0029,631801500.0,171.46,214625185275.05
600104,2022-02-28,18.29,18.11,18.3,18.01,33321418.0,0.0029,603075800.0,169.97,211587485320.15
600104,2022-03-01,18.21,18.4,18.6,18.2,33401634.000000004,0.0029,613625000.0,171.63,214975689116.0
600104,2022-03-02,18.25,18.4,18.49,18.16,22828301.0,0.002,419269200.0,171.63,214975689116.0
600104,2022-03-03,18.43,18.51,18.61,18.35,29910226.0,0.0026,552757200.0,172.26,216260869866.15
600104,2022-03-04,18.35,18.65,18.76,18.1,51030429.0,0.0044,940804600.0000001,173.06,217896554457.25
600104,2022-03-07,18.45,18.32,18.57,18.28,35666521.0,0.0031,656991200.0,171.17,214041012206.8
600104,2022-03-08,18.26,17.78,18.4,17.6,51355458.0,0.0044,923286000.0,168.09,207731943069.7
600104,2022-03-09,17.78,17.79,17.9,16.9,50259898.0,0.0043,881441100.0,168.15,207848777683.35
600104,2022-03-10,18.02,18.11,18.26,17.7,42578539.0,0.0036,765794500.0,169.97,211587485320.15
600104,2022-03-11,17.86,17.95,18.02,17.58,33675954.0,0.0029,599558300.0,169.06,209718131501.75
600104,2022-03-14,17.73,17.8,18.04,17.68,22555621.0,0.0019,402675500.0,168.21,207965612297.0
600104,2022-03-15,17.6,16.98,17.63,16.98,40260740.0,0.0034000000000000002,694824600.0000001,163.53,198385173977.7
600104,2022-03-16,17.06,17.26,17.34,16.5,47643012.0,0.0040999999999999995,809511000.0,165.12,201656543159.9
600104,2022-03-17,17.48,17.39,17.68,17.28,36214123.0,0.0031,633567900.0,165.87,203175393137.35
600104,2022-03-18,17.33,17.47,17.63,17.25,32113563.0,0.0027,562013400.0,166.32,204110070046.55
600104,2022-03-21,17.6,17.19,17.65,17.11,31040486.0,0.0027,537949600.0,164.72,200838700864.35
600104,2022-03-22,17.15,17.31,17.37,17.09,19542360.0,0.0017000000000000001,337159300.0,165.41,202240716228.15
600104,2022-03-23,17.31,17.21,17.41,17.13,20834748.0,0.0018,359196800.0,164.84,201072370091.65
600104,2022-03-24,17.11,17.12,17.22,17.06,15245113.0,0.0013,261063700.0,164.32,200020858568.8
600104,2022-03-25,17.14,16.98,17.21,16.91,21972116.0,0.0019,374741500.0,163.53,198385173977.7
600104,2022-03-28,16.71,16.97,17.03,16.5,31543182.0,0.0027,528484800.00000006,163.47,198268339364.05
600104,2022-03-29,16.98,16.75,17.01,16.71,15176162.0,0.0013,255479100.0,162.21,195697977863.75
600104,2022-03-30,16.81,16.95,16.95,16.72,28128475.0,0.0024,473932699.99999994,163.35,198034670136.75
600104,2022-03-31,16.85,17.0,17.05,16.81,24082560.0,0.0021,408006100.0,163.64,198618843205.0
600104,2022-04-01,16.9,17.05,17.07,16.74,27080500.0,0.0023,458674500.0,163.93,199203016273.25
600104,2022-04-06,16.81,17.05,17.05,16.81,26907000.0,0.0023,455243000.0,163.93,199203016273.25
600104,2022-04-07,16.99,16.92,17.18,16.91,25811400.0,0.0022,439747600.0,163.18,197684166295.8
600104,2022-04-08,16.92,16.94,16.97,16.62,27874300.0,0.0024,468435000.0,163.3,197917835523.1
600104,2022-04-11,16.85,16.38,16.86,16.3,41013400.0,0.0034999999999999996,678133400.0,160.1,191375097158.7
600104,2022-04-12,16.36,16.53,16.57,16.18,24071800.0,0.0021,394702000.0,160.96,193127616363.45
600104,2022-04-13,16.46,16.31,16.53,16.31,18067900.0,0.0015,296876900.0,159.7,190557254863.15
600104,2022-04-14,16.46,16.5,16.7,16.46,22634600.0,0.0019,375871100.0,160.79,192777112522.5
600104,2022-04-15,16.4,16.85,17.06,16.39,39493400.0,0.0034000000000000002,661052200.0,162.78,196866324000.25
600104,2022-04-18,16.9,16.95,17.23,16.74,32905800.0,0.0028000000000000004,558793900.0,163.35,198034670136.75
600104,2022-04-19,16.85,16.73,17.1,16.63,28138100.0,0.0024,472694100.00000006,162.1,195464308636.45
600104,2022-04-20,16.71,16.51,16.83,16.5,20841200.0,0.0018,347037800.0,160.84,192893947136.15
600104,2022-04-21,16.42,16.2,16.55,16.15,26345500.0,0.0023,430053600.0,159.07,189272074113.0
600104,2022-04-22,16.14,16.21,16.35,16.04,19042400.0,0.0016,308172400.0,159.13,189388908726.65
600104,2022-04-25,16.04,15.51,16.13,15.48,34611200.0,0.003,548599200.0,155.14,181210485771.15
600104,2022-04-26,15.5,15.06,15.6,15.04,28247400.0,0.0024,433226900.0,152.57,175952928156.9
600104,2022-04-27,14.88,15.14,15.19,14.63,32330400.0,0.0028000000000000004,482653399.99999994,153.03,176887605066.1
600104,2022-04-28,15.11,15.43,15.45,15.01,30271800.0,0.0026,460352400.0,154.68,180275808861.95
600104,2022-04-29,15.43,15.95,16.13,15.42,37079600.0,0.0032,587164700.0,157.65,186351208771.75
600104,2022-05-05,16.18,16.59,16.59,16.09,61895300.0,0.0053,1009287700.0,161.3,193828624045.35
600104,2022-05-06,16.3,16.34,16.4,16.16,34602500.0,0.003,562988400.0,159.87,190907758704.1
600104,2022-05-09,16.17,15.96,16.17,15.81,24283300.0,0.0021,388116800.0,157.7,186468043385.4
600104,2022-05-10,15.69,15.88,15.96,15.31,39076100.0,0.0033,610938600.0,157.25,185533366476.2
600104,2022-05-11,15.75,15.99,16.47,15.72,41818100.0,0.0036,672924600.0000001,157.88,186818547226.35
600104,2022-05-12,15.7,15.8,15.87,15.6,28879100.0,0.0025,454588600.0,156.79,184598689567.0
600104,2022-05-13,15.84,16.6,16.63,15.83,66259100.0,0.005699999999999999,1080592200.0,161.36,193945458659.0
600104,2022-05-16,16.66,16.18,16.67,16.02,55194500.0,0.004699999999999999,893740900.0,158.96,189038404885.7
600104,2022-05-17,16.16,16.5,16.74,16.09,59468900.0,0.0051,980276700.0,160.79,192777112522.5
600104,2022-05-18,16.55,16.48,16.76,16.25,52100700.0,0.0045000000000000005,860618100.0,160.67,192543443295.2
600104,2022-05-19,16.18,16.53,16.55,16.08,38459800.0,0.0033,629805800.0,160.96,193127616363.45
600104,2022-05-20,16.53,16.8,16.91,16.46,46125800.0,0.0039000000000000003,772625900.0,162.5,196282150932.0
600104,2022-05-23,16.9,17.14,17.18,16.65,48911400.0,0.0042,829943900.0,164.44,200254527796.1
600104,2022-05-24,17.68,17.21,18.0,17.21,98972500.0,0.0085,1748376700.0000002,164.84,201072370091.65
600104,2022-05-25,17.19,17.34,17.58,17.0,44047800.0,0.0038,760678700.0,165.58,202591220069.1
600104,2022-05-26,17.39,17.22,17.42,17.0,30344900.0,0.0026,521368000.0,164.9,201189204705.3
600104,2022-05-27,17.3,17.13,17.48,17.01,28633100.0,0.0025,493392699.99999994,164.38,200137693182.45
600104,2022-05-30,17.35,17.3,17.5,17.19,32375600.0,0.0028000000000000004,561208300.0,165.35,202123881614.5
600104,2022-05-31,17.31,17.19,17.46,17.17,28460600.0,0.0024,491048000.0,164.72,200838700864.35
600104,2022-06-01,17.47,17.66,17.93,17.47,63524600.0,0.0054,1126678800.0,167.41,206329927705.9
600104,2022-06-02,17.56,17.75,17.97,17.55,48013600.0,0.0040999999999999995,854944200.0,167.92,207381439228.75
600104,2022-06-06,17.63,17.65,17.79,17.32,47003500.0,0.004,824279500.0,167.35,206213093092.25
600104,2022-06-07,17.55,17.23,17.57,17.08,47389600.0,0.0040999999999999995,818650800.0,164.95,201306039318.95
600104,2022-06-08,17.45,17.43,17.54,17.22,34636200.0,0.003,602614000.0,166.09,203642731591.95
600104,2022-06-09,17.3,17.11,17.52,17.03,32538200.0,0.0028000000000000004,560644900.0,164.27,199904023955.15
600104,2022-06-10,17.05,17.55,17.58,17.03,41498500.0,0.0036,722334299.9999999,166.78,205044746955.75
600104,2022-06-13,17.38,17.63,17.75,17.35,44047200.0,0.0038,776174200.0,167.24,205979423864.95
600104,2022-06-14,17.45,18.28,18.36,17.3,70199200.0,0.006,1255026800.0,170.94,213573673752.2
600104,2022-06-15,18.26,18.25,18.85,18.19,80651500.0,0.0069,1494282800.0,170.77,213223169911.25
600104,2022-06-16,18.25,17.87,18.45,17.86,43071900.0,0.0037,778403500.0,168.6,208783454592.55
600104,2022-06-17,17.78,17.89,18.05,17.59,39364200.0,0.0034000000000000002,702510399.9999999,168.72,209017123819.85
600104,2022-06-20,18.0,17.93,18.15,17.75,26147200.0,0.0022,468683500.0,168.95,209484462274.45
600104,2022-06-21,17.88,17.8,17.98,17.65,24755600.0,0.0021,439878399.99999994,168.21,207965612297.0
600104,2022-06-22,17.85,17.56,18.11,17.54,33322200.0,0.0029,593859900.0,166.84,205161581569.4
600104,2022-06-23,17.64,18.36,18.38,17.64,73537100.0,0.0063,1335176900.0,171.4,214508350661.4
600104,2022-06-24,18.43,18.19,18.45,18.05,42599900.0,0.0036,775222899.9999999,170.43,212522162229.35
600104,2022-06-27,18.34,18.41,18.68,18.15,49682600.0,0.0043,913685399.9999999,171.69,215092523729.65
600104,2022-06-28,18.34,18.74,19.01,18.19,63005400.0,0.0054,1172892400.0,173.57,218948065980.1
600104,2022-06-29,18.62,17.92,18.68,17.9,66610500.0,0.005699999999999999,1210562200.0,168.89,209367627660.8
600104,2022-06-30,17.88,17.81,18.05,17.8,31511100.0,0.0027,564140200.0,168.26,208082446910.65
600104,2022-07-01,17.8,17.46,17.8,17.21,45814800.0,0.0039000000000000003,798738700.0,166.27,203993235432.9
600104,2022-07-04,17.47,17.22,17.47,17.03,44995700.0,0.0039000000000000003,772755200.0,164.9,201189204705.3
600104,2022-07-05,17.23,17.31,17.46,17.03,44560100.0,0.0038,768066100.0,165.41,202240716228.15
600104,2022-07-06,17.2,17.15,17.3,17.08,27221700.0,0.0023,467166300.0,164.5,200371362409.75
600104,2022-07-07,17.16,17.57,17.62,17.13,51826600.0,0.0044,903651600.0,166.89,205278416183.05
600104,2022-07-08,17.8,18.56,19.29,17.66,150166000.0,0.0129,2795438500.0,172.54,216845042934.4
600104,2022-07-11,18.47,17.43,18.47,17.4,102799800.0,0.0088,1820318000.0,166.09,203642731591.95
600104,2022-07-12,17.42,17.25,17.56,17.19,42431700.0,0.0036,735955000.0,165.07,201539708546.25
600104,2022-07-13,17.25,17.25,17.33,17.07,33805100.0,0.0029,581870500.0,165.07,201539708546.25
600104,2022-07-14,17.23,17.06,17.23,17.0,40687800.0,0.0034999999999999996,694628400.0,163.98,199319850886.9
600104,2022-07-15,16.51,16.13,16.77,16.1,45908100.0,0.0039000000000000003,757786600.0,162.51,188454231817.45
600104,2022-07-18,16.24,16.77,16.93,16.18,38979100.0,0.0033,647309800.0,166.16,195931647091.05
600104,2022-07-19,16.78,16.66,16.93,16.52,28366300.0,0.0024,473822000.0,165.53,194646466340.9
600104,2022-07-20,16.75,16.44,16.79,16.35,35967500.0,0.0031,591831700.0,164.28,192076104840.6
600104,2022-07-21,16.35,16.2,16.37,16.18,26542400.0,0.0023,431445400.0,162.91,189272074113.0
600104,2022-07-22,16.21,16.32,16.43,16.21,21420200.0,0.0018,349801800.0,163.59,190674089476.8
600104,2022-07-25,16.25,16.0,16.3,15.92,26568100.0,0.0023,426474300.0,161.77,186935381840.0
600104,2022-07-26,16.01,16.07,16.17,16.01,19167100.0,0.0016,308317100.0,162.17,187753224135.55
600104,2022-07-27,16.01,16.0,16.12,15.96,17068900.0,0.0015,273562400.0,161.77,186935381840.0
600104,2022-07-28,16.05,16.08,16.26,16.01,22658900.0,0.0019,365477600.0,162.22,187870058749.2
600104,2022-07-29,16.08,16.19,16.3,16.07,26833700.0,0.0023,434172400.0,162.85,189155239499.35
600104,2022-08-01,16.18,16.38,16.47,16.06,30953100.0,0.0026,504087900.0,163.93,191375097158.7
600104,2022-08-02,16.15,15.87,16.2,15.56,42038800.0,0.0036,666317700.0,161.02,185416531862.55
600104,2022-08-03,15.8,15.89,16.35,15.8,35774000.0,0.0031,575046600.0,161.14,185650201089.85
600104,2022-08-04,16.06,15.92,16.1,15.75,21479000.0,0.0018,340597400.0,161.31,186000704930.8
600104,2022-08-05,15.99,16.08,16.1,15.83,20221000.0,0.0017000000000000001,322855900.0,162.22,187870058749.2
600104,2022-08-08,16.28,16.2,16.41,16.08,23170600.0,0.002,375598200.0,162.91,189272074113.0
600104,2022-08-09,16.17,16.16,16.3,16.11,14990300.0,0.0013,242808400.0,162.68,188804735658.4
600104,2022-08-10,16.12,16.16,16.34,16.04,19507200.0,0.0017000000000000001,315561200.0,162.68,188804735658.4
600104,2022-08-11,16.19,16.36,16.39,16.06,29146200.0,0.0025,474444700.0,163.82,191141427931.4
600104,2022-08-12,16.37,16.39,16.43,16.33,15740000.0,0.0013,257886600.0,163.99,191491931772.35
600104,2022-08-15,16.38,16.34,16.54,16.29,16749700.0,0.0014000000000000002,274785300.0,163.71,190907758704.1
600104,2022-08-16,16.33,16.38,16.58,16.31,19692400.0,0.0017000000000000001,323990800.0,163.93,191375097158.7
600104,2022-08-17,16.42,16.56,16.62,16.26,25223100.0,0.0022,415450100.0,164.96,193478120204.4
600104,2022-08-18,16.5,16.36,16.62,16.33,17169900.0,0.0015,282110600.0,163.82,191141427931.4
600104,2022-08-19,16.33,16.27,16.45,16.26,15723900.0,0.0013,256824000.0,163.31,190089916408.55
600104,2022-08-22,16.26,16.47,16.59,16.2,27478500.0,0.0024,452211500.0,164.45,192426608681.55
600104,2022-08-23,16.4,16.29,16.47,16.2,20999100.0,0.0018,342111900.0,163.42,190323585635.85
600104,2022-08-24,16.3,15.97,16.37,15.97,22711100.0,0.0019,366699900.0,161.59,186584877999.05
600104,2022-08-25,16.05,16.18,16.2,15.83,16427000.0,0.0014000000000000002,263628400.0,162.79,189038404885.7
600104,2022-08-26,15.89,15.88,15.98,15.47,49815100.0,0.0043,780587700.0,161.08,185533366476.2
600104,2022-08-29,15.6,15.5,15.7,15.43,33675600.0,0.0029,522686600.00000006,158.91,181093651157.5
600104,2022-08-30,15.5,15.48,15.6,15.36,20894400.0,0.0018,322864100.0,158.8,180859981930.2
600104,2022-08-31,15.38,15.47,15.5,15.21,27916200.0,0.0024,428813000.0,158.74,180743147316.55
600104,2022-09-01,15.45,15.3,15.46,15.23,18675900.0,0.0016,286250400.0,157.77,178756958884.5
600104,2022-09-02,15.3,15.26,15.37,15.21,13682200.0,0.0012,209145400.0,157.54,178289620429.9
600104,2022-09-05,15.18,15.21,15.25,15.08,15736300.0,0.0013,238231200.0,157.26,177705447361.65
600104,2022-09-06,15.31,15.42,15.46,15.29,20930600.0,0.0018,322447200.0,158.46,180158974248.3
600104,2022-09-07,15.38,15.4,15.45,15.31,15346000.0,0.0013,235745700.0,158.34,179925305021.0
600104,2022-09-08,15.41,15.35,15.47,15.34,11702800.0,0.001,180244199.99999997,158.06,179341131952.75
600104,2022-09-09,15.41,15.48,15.56,15.33,17835300.0,0.0015,276152000.0,158.8,180859981930.2
600104,2022-09-13,15.5,15.65,15.72,15.5,18117900.0,0.0016,283145600.0,159.77,182846170362.25
600104,2022-09-14,15.48,15.44,15.54,15.33,18702000.0,0.0016,288597100.0,158.57,180392643475.6
600104,2022-09-15,15.42,15.34,15.5,15.3,16272600.0,0.0014000000000000002,250433100.0,158.0,179224297339.1
600104,2022-09-16,15.3,15.02,15.37,15.02,23014000.0,0.002,349412300.00000006,156.17,175485589702.3
600104,2022-09-19,15.01,15.01,15.2,15.0,13846400.0,0.0012,208787900.0,156.12,175368755088.65
600104,2022-09-20,15.08,14.89,15.17,14.85,18518000.0,0.0016,277591200.0,155.43,173966739724.85
600104,2022-09-21,14.83,14.92,15.02,14.67,15072600.0,0.0013,223765300.0,155.6,174317243565.8
600104,2022-09-22,14.82,14.81,14.88,14.74,8861700.0,0.0008,131218400.0,154.97,173032062815.65
600104,2022-09-23,14.83,14.77,14.9,14.69,11899200.0,0.001,175860600.0,154.75,172564724361.05
600104,2022-09-26,14.76,14.55,14.83,14.53,13713000.0,0.0012,201464100.0,153.49,169994362860.75
600104,2022-09-27,14.6,14.65,14.72,14.52,11825600.0,0.001,172766900.0,154.06,171162708997.25
600104,2022-09-28,14.59,14.49,14.62,14.44,11950600.0,0.001,173477100.0,153.15,169293355178.85
600104,2022-09-29,14.6,14.27,14.62,14.25,13668300.0,0.0012,197271000.0,151.89,166722993678.55
600104,2022-09-30,14.3,14.3,14.48,14.29,12980300.0,0.0011,186434199.99999997,152.06,167073497519.5
600104,2022-10-10,14.37,14.2,14.41,14.14,12135200.0,0.001,173273200.0,151.49,165905151383.0
600104,2022-10-11,14.2,14.16,14.29,14.13,10430300.0,0.0009,148040300.0,151.27,165437812928.4
600104,2022-10-12,14.17,14.35,14.38,13.95,18443400.0,0.0016,260419300.0,152.35,167657670587.75
600104,2022-10-13,14.25,14.19,14.35,14.09,19479800.0,0.0017000000000000001,276637900.0,151.44,165788316769.35
600104,2022-10-14,14.23,14.56,14.65,14.23,26146100.0,0.0022,378905100.0,153.55,170111197474.4
600104,2022-10-17,14.51,14.71,14.74,14.44,16553000.0,0.0014000000000000002,242126200.0,154.4,171863716679.15
600104,2022-10-18,14.78,14.67,14.93,14.62,15813500.0,0.0014000000000000002,233325900.0,154.18,171396378224.55
600104,2022-10-19,14.65,14.39,14.75,14.39,15550200.0,0.0013,226060400.0,152.58,168125009042.35
600104,2022-10-20,14.34,14.35,14.45,14.27,14810300.0,0.0013,212618300.00000003,152.35,167657670587.75
600104,2022-10-21,14.36,14.21,14.46,14.21,11925100.0,0.001,170924600.0,151.55,166021985996.65
600104,2022-10-24,14.26,13.91,14.44,13.9,22046800.0,0.0019,310867700.0,149.84,162516947587.15
600104,2022-10-25,14.12,14.19,14.34,13.92,19739300.0,0.0017000000000000001,278760500.0,151.44,165788316769.35
600104,2022-10-26,14.18,14.16,14.35,14.1,15253500.0,0.0013,216990000.0,151.27,165437812928.4
600104,2022-10-27,14.26,14.33,14.41,14.21,15775000.0,0.0014000000000000002,226063400.0,152.24,167424001360.45
600104,2022-10-28,14.36,14.04,14.37,13.97,18852300.0,0.0016,266890400.0,150.58,164035797564.6
600104,2022-10-31,13.79,13.75,13.99,13.72,20048700.0,0.0017000000000000001,277050900.0,148.93,160647593768.75
600104,2022-11-01,13.81,14.11,14.13,13.77,18527400.0,0.0016,258732700.0,150.98,164853639860.15
600104,2022-11-02,14.02,14.33,14.35,13.96,27968500.0,0.0024,397051400.0,152.24,167424001360.45
600104,2022-11-03,14.24,14.17,14.33,14.09,14820300.0,0.0013,210469900.00000003,151.32,165554647542.05
600104,2022-11-04,14.11,14.5,14.54,14.11,26251700.0,0.0022,378568700.0,153.21,169410189792.5
600104,2022-11-07,14.39,14.51,14.55,14.35,18266300.0,0.0016,264018200.0,153.26,169527024406.15
600104,2022-11-08,14.4,14.39,14.46,14.26,17276100.0,0.0015,247721200.0,152.58,168125009042.35
600104,2022-11-09,14.4,14.28,14.44,14.28,12817200.0,0.0011,183862500.0,151.95,166839828292.2
600104,2022-11-10,14.24,14.25,14.3,14.13,14594100.0,0.0012,207311100.0,151.78,166489324451.25
600104,2022-11-11,14.49,14.51,14.6,14.38,27642000.0,0.0024,400537000.0,153.26,169527024406.15
600104,2022-11-14,14.64,14.39,14.65,14.37,27649500.0,0.0024,400783200.0,152.58,168125009042.35
600104,2022-11-15,14.36,14.58,14.6,14.35,24477100.0,0.0021,355368399.99999994,153.66,170344866701.7
600104,2022-11-16,14.55,14.55,14.62,14.5,16305400.0,0.0014000000000000002,237309400.0,153.49,169994362860.75
600104,2022-11-17,14.49,14.51,14.54,14.41,15402000.0,0.0013,222778000.0,153.26,169527024406.15
600104,2022-11-18,14.56,14.41,14.66,14.41,16448100.0,0.0014000000000000002,238371699.99999997,152.69,168358678269.65
600104,2022-11-21,14.31,14.36,14.37,14.18,17393100.0,0.0015,248054700.0,152.41,167774505201.4
600104,2022-11-22,14.37,14.43,14.55,14.32,18864500.0,0.0016,272205900.0,152.81,168592347496.95
600104,2022-11-23,14.42,14.55,14.66,14.39,23613600.0,0.002,343829800.00000006,153.49,169994362860.75
600104,2022-11-24,14.57,14.52,14.65,14.49,12117700.0,0.001,176253600.0,153.32,169643859019.8
600104,2022-11-25,14.5,14.65,14.65,14.47,18173500.0,0.0016,265264600.0,154.06,171162708997.25
600104,2022-11-28,14.49,14.36,14.49,14.21,23289600.0,0.002,333660800.0,152.41,167774505201.4
600104,2022-11-29,14.4,14.77,14.79,14.38,35325800.0,0.003,517274300.0,154.75,172564724361.05
600104,2022-11-30,14.72,15.18,15.4,14.71,62628200.0,0.0054,950125500.0,157.09,177354943520.7
600104,2022-12-01,15.45,15.07,15.45,15.06,37415300.0,0.0032,568370500.0,156.46,176069762770.55
600104,2022-12-02,15.07,15.06,15.12,14.93,18105300.0,0.0015,271905200.0,156.4,175952928156.9
600104,2022-12-05,15.18,15.26,15.29,15.09,25035400.0,0.0021,381055700.0,157.54,178289620429.9
600104,2022-12-06,15.22,15.29,15.53,15.15,24782600.0,0.0021,379430500.0,157.71,178640124270.85
600104,2022-12-07,15.28,15.23,15.39,15.19,20689500.0,0.0018,315936700.0,157.37,177939116588.95
600104,2022-12-08,15.22,15.24,15.3,15.18,14862100.0,0.0013,226617800.0,157.43,178055951202.6
600104,2022-12-09,15.22,15.24,15.28,15.07,20482900.0,0.0018,311059400.0,157.43,178055951202.6
600104,2022-12-12,15.22,15.04,15.24,15.01,15542400.0,0.0013,234936800.0,156.29,175719258929.6
600104,2022-12-13,15.09,15.11,15.18,14.95,13638200.0,0.0012,206122100.0,156.69,176537101225.15
600104,2022-12-14,15.1,15.14,15.17,14.97,11757700.0,0.001,177289700.0,156.86,176887605066.1
600104,2022-12-15,15.1,15.13,15.23,14.99,16136000.0,0.0014000000000000002,243541600.0,156.8,176770770452.45
600104,2022-12-16,15.04,15.25,15.26,15.01,18632700.0,0.0016,282881800.0,157.49,178172785816.25
600104,2022-12-19,15.35,15.03,15.45,14.97,24281000.0,0.0021,368240100.0,156.23,175602424315.95
600104,2022-12-20,14.95,14.72,15.03,14.54,21113400.0,0.0018,311789900.0,154.46,171980551292.8
600104,2022-12-21,14.7,14.69,14.79,14.63,10560400.0,0.0009,155216100.0,154.29,171630047451.85
600104,2022-12-22,14.8,14.77,14.96,14.71,12401400.0,0.0011,183875600.0,154.75,172564724361.05
600104,2022-12-23,14.72,14.67,14.82,14.62,11575500.0,0.001,170273400.0,154.18,171396378224.55
600104,2022-12-26,14.67,14.71,14.76,14.63,7889800.0,0.0007000000000000001,116092600.0,154.4,171863716679.15
600104,2022-12-27,14.81,14.76,14.83,14.65,8882300.0,0.0008,130923400.0,154.69,172447889747.4
600104,2022-12-28,14.71,14.63,14.74,14.56,12270500.0,0.0011,179472400.00000003,153.95,170929039769.95
600104,2022-12-29,14.56,14.33,14.6,14.33,16359900.0,0.0014000000000000002,235719700.0,152.24,167424001360.45
600104,2022-12-30,14.42,14.41,14.52,14.38,12052000.0,0.001,173895800.00000003,152.69,168358678269.65
600104,2023-01-03,14.32,14.41,14.45,14.19,17267400.0,0.0015,247694100.0,152.69,168358678269.65
600104,2023-01-04,14.39,14.41,14.44,14.34,12575600.0,0.0011,181073400.0,152.69,168358678269.65
600104,2023-01-05,14.5,14.47,14.54,14.43,19455300.0,0.0017000000000000001,281745500.0,153.03,169059685951.55
600104,2023-01-06,14.45,14.47,14.56,14.41,16946400.0,0.0015,245603900.0,153.03,169059685951.55
600104,2023-01-09,14.51,14.48,14.59,14.47,15812700.0,0.0014000000000000002,229558700.0,153.09,169176520565.2
600104,2023-01-10,14.48,14.49,14.58,14.31,25310900.0,0.0022,365580700.0,153.15,169293355178.85
600104,2023-01-11,14.48,14.43,14.52,14.41,15195800.0,0.0013,219844900.00000003,152.81,168592347496.95
600104,2023-01-12,14.49,14.38,14.52,14.34,16092600.0,0.0014000000000000002,232154700.0,152.52,168008174428.7
600104,2023-01-13,14.4,14.52,14.52,14.38,16146100.0,0.0014000000000000002,233287599.99999997,153.32,169643859019.8
600104,2023-01-16,14.5,14.7,14.79,14.46,25178900.0,0.0022,368527000.0,154.35,171746882065.5
600104,2023-01-17,14.69,14.73,14.74,14.62,13514500.0,0.0012,198431699.99999997,154.52,172097385906.45
600104,2023-01-18,14.75,14.72,14.84,14.69,12266000.0,0.001,180942000.0,154.46,171980551292.8
600104,2023-01-19,14.72,14.75,14.76,14.61,13651400.0,0.0012,200510900.0,154.63,172331055133.75
600104,2023-01-20,14.77,14.84,14.85,14.75,14846000.0,0.0013,219782400.00000003,155.15,173382566656.6
600104,2023-01-30,15.12,15.02,15.2,14.96,31335000.0,0.0027,472665800.0,156.17,175485589702.3
600104,2023-01-31,14.99,15.02,15.18,14.98,18961200.0,0.0016,286175900.0,156.17,175485589702.3
600104,2023-02-01,15.06,15.19,15.2,15.05,21103700.0,0.0018,319491700.0,157.14,177471778134.35
600104,2023-02-02,15.21,14.96,15.23,14.89,40541400.0,0.0034999999999999996,609198600.0,155.83,174784582020.4
600104,2023-02-03,14.92,14.84,14.92,14.76,19733200.0,0.0017000000000000001,292681500.0,155.15,173382566656.6
600104,2023-02-06,14.8,14.85,14.88,14.74,15767200.0,0.0013,233238100.0,155.2,173499401270.25
600104,2023-02-07,14.9,14.9,14.93,14.82,13210900.0,0.0011,196430099.99999997,155.49,174083574338.5
600104,2023-02-08,14.9,14.85,14.92,14.82,10479600.0,0.0009,155656500.0,155.2,173499401270.25
600104,2023-02-09,14.8,14.9,14.92,14.79,12185600.0,0.001,181435400.0,155.49,174083574338.5
600104,2023-02-10,14.86,14.83,14.9,14.78,11659800.0,0.001,173005900.0,155.09,173265732042.95
600104,2023-02-13,14.82,14.88,14.92,14.74,17319500.0,0.0015,257289700.0,155.37,173849905111.2
600104,2023-02-14,14.89,14.92,14.92,14.85,10628300.0,0.0009,158203300.0,155.6,174317243565.8
600104,2023-02-15,14.93,14.95,15.02,14.9,15544500.0,0.0013,232339900.00000003,155.77,174667747406.75
600104,2023-02-16,14.96,14.81,15.15,14.72,28945700.0,0.0025,434081500.0,154.97,173032062815.65
600104,2023-02-17,14.81,14.7,14.92,14.7,16333400.0,0.0014000000000000002,241960600.0,154.35,171746882065.5
600104,2023-02-20,14.71,15.0,15.0,14.69,23222600.0,0.002,344693700.0,156.06,175251920475.0
600104,2023-02-21,14.99,15.21,15.22,14.94,29834000.0,0.0026,451246100.0,157.26,177705447361.65
600104,2023-02-22,15.1,15.13,15.21,15.05,15818800.0,0.0014000000000000002,239192599.99999997,156.8,176770770452.45
600104,2023-02-23,15.13,15.14,15.18,15.06,13859500.0,0.0012,209500400.0,156.86,176887605066.1
600104,2023-02-24,15.13,14.96,15.13,14.93,13154000.0,0.0011,197357500.0,155.83,174784582020.4
600104,2023-02-27,14.91,14.89,15.01,14.87,11388800.0,0.001,170095300.0,155.43,173966739724.85
600104,2023-02-28,14.94,15.03,15.03,14.87,17016400.0,0.0015,254452200.0,156.23,175602424315.95
600104,2023-03-01,15.01,15.19,15.2,14.99,23813400.0,0.002,360801200.0,157.14,177471778134.35
600104,2023-03-02,15.19,15.21,15.28,15.16,15838300.0,0.0014000000000000002,241017400.00000003,157.26,177705447361.65
600104,2023-03-03,15.23,15.28,15.29,15.18,14793400.0,0.0013,225519199.99999997,157.66,178523289657.2
600104,2023-03-06,15.3,15.2,15.31,15.13,16617700.0,0.0014000000000000002,252927900.0,157.2,177588612748.0
600104,2023-03-07,15.2,15.14,15.42,15.08,32114700.0,0.0027,491232300.00000006,156.86,176887605066.1
600104,2023-03-08,15.05,15.09,15.12,15.01,12912700.0,0.0011,194526699.99999997,156.57,176303431997.85
600104,2023-03-09,15.09,14.93,15.09,14.87,19014700.0,0.0016,284938000.0,155.66,174434078179.45
600104,2023-03-10,14.76,14.26,14.79,14.25,58286600.0,0.005,840419800.0,151.84,166606159064.9
600104,2023-03-13,14.16,14.11,14.26,13.96,31349200.0,0.0027,441731300.0,150.98,164853639860.15
600104,2023-03-14,14.08,14.05,14.14,13.85,25840300.0,0.0022,361695700.0,150.64,164152632178.25
600104,2023-03-15,14.1,14.11,14.18,14.05,15341300.0,0.0013,216740400.0,150.98,164853639860.15
600104,2023-03-16,14.06,14.17,14.21,14.01,19209600.0,0.0016,271714800.0,151.32,165554647542.05
600104,2023-03-17,14.22,14.21,14.4,14.17,21373000.0,0.0018,305255800.0,151.55,166021985996.65
600104,2023-03-20,14.21,14.18,14.35,14.14,13573500.0,0.0012,193219800.0,151.38,165671482155.7
600104,2023-03-21,14.19,14.2,14.24,14.1,16428100.0,0.0014000000000000002,232937900.0,151.49,165905151383.0
600104,2023-03-22,14.21,14.29,14.29,14.17,14927500.0,0.0013,212630800.00000003,152.01,166956662905.85
600104,2023-03-23,14.24,14.31,14.34,14.19,11124700.0,0.001,158821800.0,152.12,167190332133.15
600104,2023-03-24,14.3,14.26,14.39,14.25,13556700.0,0.0012,194039000.0,151.84,166606159064.9
600104,2023-03-27,14.28,14.23,14.29,14.16,15433500.0,0.0013,219750000.0,151.66,166255655223.95
600104,2023-03-28,14.27,14.27,14.32,14.22,13949900.0,0.0012,199059900.00000003,151.89,166722993678.55
600104,2023-03-29,14.37,14.25,14.37,14.23,10543000.0,0.0009,150676300.0,151.78,166489324451.25
600104,2023-03-30,14.25,14.35,14.37,14.17,14395400.0,0.0012,205580000.0,152.35,167657670587.75
600104,2023-03-31,14.34,14.36,14.41,14.31,13075100.0,0.0011,187749600.0,152.41,167774505201.4
600104,2023-04-03,14.33,14.37,14.44,14.24,16927900.0,0.0014000000000000002,242842900.0,152.46,167891339815.05
600104,2023-04-04,14.37,14.48,14.49,14.33,18819200.0,0.0016,271446400.0,153.09,169176520565.2
600104,2023-04-06,14.48,14.31,14.48,14.29,11479400.0,0.001,164762300.0,152.12,167190332133.15
600104,2023-04-07,14.31,14.32,14.38,14.26,11614900.0,0.001,166310300.0,152.18,167307166746.8
600104,2023-04-10,14.32,14.23,14.32,14.21,13482000.0,0.0012,192206900.0,151.66,166255655223.95
600104,2023-04-11,14.21,14.19,14.26,14.16,15087900.0,0.0013,214300300.0,151.44,165788316769.35
600104,2023-04-12,14.2,14.17,14.23,14.14,14975100.0,0.0013,212319500.0,151.32,165554647542.05
600104,2023-04-13,14.15,14.2,14.23,14.0,16536000.0,0.0014000000000000002,233683000.0,151.49,165905151383.0
600104,2023-04-14,14.2,14.26,14.35,14.2,16362700.0,0.0014000000000000002,233584900.00000003,151.84,166606159064.9
600104,2023-04-17,14.32,14.47,14.47,14.27,20812500.0,0.0018,299377000.0,153.03,169059685951.55
600104,2023-04-18,14.45,14.55,14.56,14.42,20134000.0,0.0017000000000000001,291854900.0,153.49,169994362860.75
600104,2023-04-19,14.54,14.36,14.56,14.36,13788000.0,0.0012,198795600.0,152.41,167774505201.4
600104,2023-04-20,14.39,14.24,14.4,14.2,13812200.0,0.0012,197032900.0,151.72,166372489837.6
600104,2023-04-21,14.23,13.93,14.26,13.9,27690700.0,0.0024,389176600.00000006,149.95,162750616814.45
600104,2023-04-24,13.97,13.86,14.04,13.85,17602600.0,0.0015,245040600.0,149.55,161932774518.9
600104,2023-04-25,13.9,13.79,13.91,13.72,19048900.0,0.0016,262497900.0,149.15,161114932223.35
600104,2023-04-26,13.75,13.81,13.95,13.73,15334100.0,0.0013,212464800.0,149.27,161348601450.65
600104,2023-04-27,13.81,13.97,13.98,13.76,16520400.0,0.0014000000000000002,229365800.00000003,150.18,163217955269.05
600104,2023-04-28,13.98,14.12,14.18,13.97,18938400.0,0.0016,267063300.00000003,151.04,164970474473.8
600104,2023-05-04,13.97,13.95,14.02,13.86,22594400.0,0.0019,315124600.0,150.07,162984286041.75
600104,2023-05-05,13.96,13.85,14.05,13.82,24739300.0,0.0021,343767500.0,149.5,161815939905.25
600104,2023-05-08,13.94,14.02,14.13,13.92,28223200.0,0.0024,395811900.0,150.47,163802128337.3
600104,2023-05-09,14.06,14.04,14.23,13.97,32680200.0,0.0028000000000000004,460918900.0,150.58,164035797564.6
600104,2023-05-10,14.04,14.26,14.29,14.01,35347000.0,0.003,500025000.0,151.84,166606159064.9
600104,2023-05-11,14.23,14.13,14.34,14.11,26082800.0,0.0022,369950899.99999994,151.09,165087309087.45
600104,2023-05-12,14.11,14.01,14.15,14.0,15664100.0,0.0013,220243000.0,150.41,163685293723.65
600104,2023-05-15,14.0,14.07,14.09,13.92,18474000.0,0.0016,258590099.99999997,150.75,164386301405.55
600104,2023-05-16,14.09,13.97,14.09,13.93,12947700.0,0.0011,181267800.0,150.18,163217955269.05
600104,2023-05-17,13.95,13.94,14.06,13.91,15892100.0,0.0014000000000000002,222052000.0,150.01,162867451428.1
600104,2023-05-18,13.94,13.81,13.99,13.76,19272800.0,0.0016,267316699.99999997,149.27,161348601450.65
600104,2023-05-19,13.78,13.68,13.82,13.67,23203500.0,0.002,318103400.0,148.53,159829751473.2
600104,2023-05-22,13.67,13.74,13.82,13.65,16440000.0,0.0014000000000000002,225824300.0,148.87,160530759155.1
600104,2023-05-23,13.75,13.66,13.81,13.66,13663400.0,0.0012,187723200.0,148.41,159596082245.9
600104,2023-05-24,13.64,13.4,13.64,13.39,22071200.0,0.0019,298502600.0,146.93,156558382291.0
600104,2023-05-25,13.38,13.22,13.42,13.15,22349900.0,0.0019,296412300.0,145.9,154455359245.3
600104,2023-05-26,13.18,13.2,13.32,13.09,16391400.0,0.0014000000000000002,216243200.0,145.79,154221690018.0
600104,2023-05-29,13.24,13.48,13.5,13.19,24440300.0,0.0021,326870100.0,147.38,157493059200.2
600104,2023-05-30,13.48,13.52,13.6,13.37,16929300.0,0.0014000000000000002,228637000.0,147.61,157960397654.8
600104,2023-05-31,13.5,13.42,13.54,13.39,12098300.0,0.001,162788000.0,147.04,156792051518.3
600104,2023-06-01,13.4,13.49,13.58,13.39,14956400.0,0.0013,202182599.99999997,147.44,157609893813.85
600104,2023-06-02,13.55,13.64,13.66,13.51,19220300.0,0.0016,261653400.0,148.3,159362413018.6
600104,2023-06-05,13.64,13.61,13.75,13.57,14142000.0,0.0012,193111000.0,148.13,159011909177.65
600104,2023-06-06,13.57,13.47,13.68,13.46,14579900.0,0.0012,198068100.0,147.33,157376224586.55
600104,2023-06-07,13.56,13.44,13.58,13.41,12914400.0,0.0011,174222400.00000003,147.16,157025720745.6
600104,2023-06-08,13.45,13.61,13.63,13.43,13232800.0,0.0011,178944300.0,148.13,159011909177.65
600104,2023-06-09,13.69,13.8,13.86,13.68,24776300.0,0.0021,342030700.0,149.21,161231766837.0
600104,2023-06-12,13.8,13.87,13.93,13.77,19228700.0,0.0016,266785099.99999997,149.61,162049609132.55
600104,2023-06-13,13.82,13.93,13.97,13.82,14901100.0,0.0013,207369800.0,149.95,162750616814.45
600104,2023-06-14,14.18,14.04,14.37,14.01,37957400.0,0.0032,537733100.0,150.58,164035797564.6
600104,2023-06-15,14.05,14.14,14.24,13.98,26453300.0,0.0023,373272300.00000006,151.15,165204143701.1
600104,2023-06-16,14.18,14.07,14.24,14.06,51788700.0,0.0044,730384100.0,150.75,164386301405.55
600104,2023-06-19,14.04,14.15,14.17,14.02,19506200.0,0.0017000000000000001,275537600.0,151.21,165320978314.75
600104,2023-06-20,14.19,14.12,14.22,14.1,12231800.0,0.001,173157599.99999997,151.04,164970474473.8
600104,2023-06-21,14.18,14.09,14.22,14.08,16773500.0,0.0014000000000000002,237408400.0,150.87,164619970632.85
600104,2023-06-26,14.03,14.04,14.22,13.97,20701800.0,0.0018,291412600.0,150.58,164035797564.6
600104,2023-06-27,13.99,14.08,14.12,13.83,17601400.0,0.0015,246582800.0,150.81,164503136019.2
600104,2023-06-28,14.08,14.13,14.17,14.01,14250100.0,0.0012,200772000.0,151.09,165087309087.45
600104,2023-06-29,14.13,14.15,14.2,14.1,13679500.0,0.0012,193695400.0,151.21,165320978314.75
600104,2023-06-30,14.12,14.17,14.24,14.12,13214000.0,0.0011,187474500.0,151.32,165554647542.05
600104,2023-07-03,14.18,14.28,14.33,14.17,17864700.0,0.0015,255136900.0,151.95,166839828292.2
600104,2023-07-04,14.29,14.45,14.49,14.22,25240800.0,0.0022,363646900.0,152.92,168826016724.25
600104,2023-07-05,14.45,14.37,14.48,14.36,15076100.0,0.0013,217304400.0,152.46,167891339815.05
600104,2023-07-06,14.38,14.44,14.55,14.32,15959900.0,0.0014000000000000002,230632800.0,152.86,168709182110.6
600104,2023-07-07,14.39,14.41,14.52,14.32,12262200.0,0.001,177117599.99999997,152.69,168358678269.65
600104,2023-07-10,14.39,14.32,14.48,14.23,17005100.0,0.0015,243409400.0,152.18,167307166746.8
600104,2023-07-11,14.33,14.54,14.6,14.32,21191400.0,0.0018,307071200.0,153.43,169877528247.1
600104,2023-07-12,14.56,14.44,14.7,14.42,17171100.0,0.0015,250050400.0,152.86,168709182110.6
600104,2023-07-13,14.49,14.45,14.55,14.38,15186200.0,0.0013,219478300.00000003,152.92,168826016724.25
600104,2023-07-14,14.45,14.41,14.5,14.36,12740300.0,0.0011,183919000.0,152.69,168358678269.65
600104,2023-07-17,14.42,14.36,14.45,14.29,10294000.0,0.0009,147658400.0,152.41,167774505201.4
600104,2023-07-18,14.36,14.48,14.61,14.28,17275700.0,0.0015,249756300.0,153.09,169176520565.2
600104,2023-07-19,14.22,14.28,14.3,14.16,17783400.0,0.0015,253457800.0,153.84,166839828292.2
600104,2023-07-20,14.29,14.07,14.4,14.06,14098800.0,0.0012,200258100.0,152.64,164386301405.55
600104,2023-07-21,14.12,14.17,14.2,14.04,13321500.0,0.0011,188283500.0,153.21,165554647542.05
600104,2023-07-24,14.15,14.23,14.26,14.08,12820800.0,0.0011,181919100.0,153.56,166255655223.95
600104,2023-07-25,14.3,14.45,14.52,14.24,29033100.0,0.0025,418039100.00000006,154.81,168826016724.25
600104,2023-07-26,14.39,14.4,14.52,14.34,15168900.0,0.0013,218595600.0,154.53,168241843656.0
600104,2023-07-27,14.65,14.62,14.98,14.59,39347300.0,0.0034000000000000002,579231500.0,155.78,170812205156.3
600104,2023-07-28,14.64,15.17,15.2,14.48,62972100.0,0.0054,944183300.0,158.92,177238108907.05
600104,2023-07-31,15.2,15.49,15.65,15.19,57298600.0,0.0049,887799800.0,160.75,180976816543.85
600104,2023-08-01,15.42,15.35,15.6,15.29,29647100.0,0.0025,456985300.0,159.95,179341131952.75
600104,2023-08-02,15.34,15.33,15.48,15.23,22355100.0,0.0019,342411000.0,159.83,179107462725.45
600104,2023-08-03,15.28,15.27,15.33,15.1,23813300.0,0.002,362413000.0,159.49,178406455043.55
600104,2023-08-04,15.33,15.3,15.55,15.27,19047200.0,0.0016,292685200.0,159.66,178756958884.5
600104,2023-08-07,15.28,15.31,15.33,15.11,19776600.0,0.0017000000000000001,301767700.0,159.72,178873793498.15
600104,2023-08-08,15.33,15.33,15.4,15.23,16414700.0,0.0014000000000000002,251323000.0,159.83,179107462725.45
600104,2023-08-09,15.28,15.3,15.39,15.18,15567400.0,0.0013,238351800.0,159.66,178756958884.5
600104,2023-08-10,15.28,15.23,15.4,15.2,12084400.0,0.001,184471400.0,159.26,177939116588.95
600104,2023-08-11,15.26,14.8,15.27,14.8,27231000.0,0.0023,406682800.0,156.81,172915228202.0
600104,2023-08-14,14.7,14.47,14.72,14.36,22291200.0,0.0019,323095700.0,154.93,169059685951.55
600104,2023-08-15,14.48,14.42,14.58,14.31,17862800.0,0.0015,257254500.0,154.64,168475512883.3
600104,2023-08-16,14.35,14.35,14.47,14.34,11709400.0,0.001,168488300.00000003,154.24,167657670587.75
600104,2023-08-17,14.31,14.39,14.41,14.22,14796100.0,0.0013,211748100.0,154.47,168125009042.35
600104,2023-08-18,14.37,14.21,14.44,14.21,12721300.0,0.0011,181981100.0,153.44,166021985996.65
600104,2023-08-21,14.2,13.97,14.29,13.97,14368300.0,0.0012,202839000.0,152.07,163217955269.05
600104,2023-08-22,14.02,14.04,14.15,13.91,19123300.0,0.0016,268161600.0,152.47,164035797564.6
600104,2023-08-23,14.04,13.97,14.18,13.93,14817300.0,0.0013,208185700.0,152.07,163217955269.05
600104,2023-08-24,13.97,13.95,14.11,13.89,15436700.0,0.0013,215901900.0,151.96,162984286041.75
600104,2023-08-25,13.92,14.04,14.22,13.84,18367900.0,0.0016,257940500.0,152.47,164035797564.6
600104,2023-08-28,14.56,14.23,14.65,14.18,30777400.0,0.0026,444666100.0,153.56,166255655223.95
600104,2023-08-29,14.28,14.3,14.46,14.21,26237500.0,0.0022,375944400.0,153.96,167073497519.5
600104,2023-08-30,14.31,14.14,14.39,14.14,18757300.0,0.0016,267409900.00000003,153.04,165204143701.1
600104,2023-08-31,14.39,14.36,14.61,14.26,36441100.0,0.0031,525805000.0,154.3,167774505201.4
600104,2023-09-01,14.35,14.54,14.58,14.34,20008300.0,0.0017000000000000001,289955300.0,155.33,169877528247.1
600104,2023-09-04,14.6,14.74,14.79,14.53,21415500.0,0.0018,314797400.0,156.47,172214220520.1
600104,2023-09-05,14.74,14.71,14.8,14.64,19976300.0,0.0017000000000000001,293875700.0,156.3,171863716679.15
600104,2023-09-06,14.65,14.8,14.81,14.64,15652600.0,0.0013,230900700.0,156.81,172915228202.0
600104,2023-09-07,14.75,14.73,14.82,14.69,15012500.0,0.0013,221392800.0,156.41,172097385906.45
600104,2023-09-08,14.67,14.59,14.68,14.5,14250000.0,0.0012,207930700.0,155.61,170461701315.35
600104,2023-09-11,14.62,14.89,14.93,14.59,21080000.0,0.0018,312739100.0,157.32,173966739724.85
600104,2023-09-12,14.93,14.95,14.98,14.85,16908300.0,0.0014000000000000002,252466800.0,157.67,174667747406.75
600104,2023-09-13,14.9,14.88,14.99,14.79,15936500.0,0.0014000000000000002,236990900.0,157.27,173849905111.2
600104,2023-09-14,14.7,14.83,14.88,14.37,32437200.0,0.0028000000000000004,476920199.99999994,156.98,173265732042.95
600104,2023-09-15,14.88,14.74,14.9,14.67,19405800.0,0.0017000000000000001,286794100.0,156.47,172214220520.1
600104,2023-09-18,14.7,14.84,14.9,14.62,16151400.0,0.0014000000000000002,239454400.0,157.04,173382566656.6
600104,2023-09-19,14.81,14.94,14.96,14.8,16290800.0,0.0014000000000000002,242597700.0,157.61,174550912793.1
600104,2023-09-20,14.96,14.98,15.07,14.88,17292900.0,0.0015,259546300.0,157.84,175018251247.7
600104,2023-09-21,15.0,14.91,15.06,14.87,16021800.0,0.0014000000000000002,239441100.0,157.44,174200408952.15
600104,2023-09-22,14.92,15.06,15.08,14.85,17236200.0,0.0015,258343600.0,158.29,175952928156.9
600104,2023-09-25,15.06,14.97,15.08,14.94,14869100.0,0.0013,223064500.0,157.78,174901416634.05
600104,2023-09-26,14.98,14.86,15.06,14.83,14484300.0,0.0012,216106500.0,157.15,173616235883.9
600104,2023-09-27,14.93,14.84,14.96,14.8,11688600.0,0.001,173747500.0,157.04,173382566656.6
600104,2023-09-28,14.89,14.8,15.0,14.79,11938700.0,0.001,177433400.0,156.81,172915228202.0
600104,2023-10-09,14.8,14.97,15.02,14.73,17181400.0,0.0015,256460800.00000003,157.78,174901416634.05
600104,2023-10-10,14.95,14.92,15.01,14.85,16340200.0,0.0014000000000000002,243840800.00000003,157.49,174317243565.8
600104,2023-10-11,14.99,14.82,15.0,14.81,13261900.0,0.0011,197671200.0,156.92,173148897429.3
600104,2023-10-12,14.81,15.17,15.21,14.81,23042700.0,0.002,347929000.0,158.92,177238108907.05
600104,2023-10-13,15.25,15.12,15.27,15.07,16976300.0,0.0015,257485400.0,158.64,176653935838.8
600104,2023-10-16,15.3,15.12,15.3,15.08,13578200.0,0.0012,205815500.0,158.64,176653935838.8
600104,2023-10-17,15.18,15.07,15.18,15.03,11614100.0,0.001,175246300.0,158.35,176069762770.55
600104,2023-10-18,15.05,15.18,15.28,15.04,18701900.0,0.0016,284105200.0,158.98,177354943520.7
600104,2023-10-19,15.03,14.74,15.1,14.74,24157300.0,0.0021,359457600.0,156.47,172214220520.1
600104,2023-10-20,14.7,14.6,14.8,14.58,18025400.0,0.0015,264494600.0,155.67,170578535929.0
600104,2023-10-23,14.67,14.55,15.0,14.44,21313900.0,0.0018,313728100.0,155.38,169994362860.75
600104,2023-10-24,14.51,14.5,14.62,14.35,18663900.0,0.0016,270796000.0,155.1,169410189792.5
600104,2023-10-25,14.58,14.82,14.9,14.53,17042700.0,0.0015,251474700.0,156.92,173148897429.3
600104,2023-10-26,14.7,15.0,15.04,14.7,19645700.0,0.0017000000000000001,293512800.0,157.95,175251920475.0
600104,2023-10-27,14.91,15.17,15.32,14.91,23961400.0,0.0021,363914700.0,158.92,177238108907.05
600104,2023-10-30,15.11,14.8,15.15,14.79,23970600.0,0.0021,356758800.0,156.81,172915228202.0
600104,2023-10-31,14.74,14.52,14.83,14.4,33862000.0,0.0029,491546200.0,155.21,169643859019.8
600104,2023-11-01,14.52,14.52,14.61,14.32,24349300.0,0.0021,352708800.0,155.21,169643859019.8
600104,2023-11-02,14.5,14.78,14.89,14.5,25487600.0,0.0022,376212100.0,156.7,172681558974.7
600104,2023-11-03,14.76,14.83,14.87,14.7,15832000.0,0.0014000000000000002,234409500.0,156.98,173265732042.95
600104,2023-11-06,14.88,15.01,15.08,14.82,23631800.0,0.002,353302900.0,158.01,175368755088.65
600104,2023-11-07,14.96,14.92,15.23,14.9,22587500.0,0.0019,339992900.0,157.49,174317243565.8
600104,2023-11-08,14.9,14.91,14.99,14.69,23822900.0,0.002,352859800.00000006,157.44,174200408952.15
600104,2023-11-09,14.87,14.87,14.98,14.74,14921300.0,0.0013,221975000.0,157.21,173733070497.55
600104,2023-11-10,14.84,14.6,14.93,14.58,15920200.0,0.0014000000000000002,233566200.0,155.67,170578535929.0
600104,2023-11-13,14.6,14.44,14.65,14.39,19938400.0,0.0017000000000000001,288380000.0,154.76,168709182110.6
600104,2023-11-14,14.49,14.4,14.52,14.38,19464600.0,0.0017000000000000001,280945000.0,154.53,168241843656.0
600104,2023-11-15,14.46,14.48,14.49,14.39,15809400.0,0.0014000000000000002,228194400.0,154.98,169176520565.2
600104,2023-11-16,14.44,14.32,14.46,14.32,17440900.0,0.0015,250495099.99999997,154.07,167307166746.8
600104,2023-11-17,14.31,14.48,14.5,14.26,20405800.0,0.0017000000000000001,293395500.0,154.98,169176520565.2
600104,2023-11-20,14.44,14.44,14.54,14.41,16639800.0,0.0014000000000000002,240630000.0,154.76,168709182110.6
600104,2023-11-21,14.45,14.43,14.59,14.42,19706900.0,0.0017000000000000001,285879500.0,154.7,168592347496.95
600104,2023-11-22,14.41,14.37,14.48,14.32,13997900.0,0.0012,201686300.0,154.36,167891339815.05
600104,2023-11-23,14.38,14.69,14.72,14.36,28675400.0,0.0025,417797500.0,156.18,171630047451.85
600104,2023-11-24,14.69,14.58,14.78,14.56,20115700.0,0.0017000000000000001,294902900.0,155.55,170344866701.7
600104,2023-11-27,14.95,15.49,15.62,14.75,94795400.0,0.008100000000000001,1442679900.0,160.75,180976816543.85
600104,2023-11-28,15.31,15.37,15.45,14.91,62497000.0,0.0053,950860700.0000001,160.06,179574801180.05
600104,2023-11-29,15.36,15.05,15.37,14.96,37337900.0,0.0032,562588800.0,158.24,175836093543.25
600104,2023-11-30,15.0,14.88,15.08,14.8,24312800.0,0.0021,362470500.0,157.27,173849905111.2
600104,2023-12-01,14.85,14.86,14.89,14.65,26717500.0,0.0023,395574600.0,157.15,173616235883.9
600104,2023-12-04,14.86,14.71,14.96,14.69,18803900.0,0.0016,278008300.0,156.3,171863716679.15
600104,2023-12-05,14.7,14.44,14.73,14.42,19334200.0,0.0017000000000000001,281636400.0,154.76,168709182110.6
600104,2023-12-06,14.43,14.09,14.47,14.08,39039800.0,0.0033,553757400.0,152.76,164619970632.85
600104,2023-12-07,14.09,14.04,14.09,13.74,30771200.0,0.0026,428211200.0,152.47,164035797564.6
600104,2023-12-08,13.98,14.12,14.19,13.95,32166000.0,0.0028000000000000004,453921300.0,152.93,164970474473.8
600104,2023-12-11,14.06,13.99,14.07,13.8,32235400.0,0.0028000000000000004,448171700.0,152.19,163451624496.35
600104,2023-12-12,13.92,14.0,14.05,13.83,17072000.0,0.0015,238271600.0,152.24,163568459110.0
600104,2023-12-13,13.94,13.77,14.03,13.76,17967700.0,0.0015,249176400.0,150.93,160881262996.05
600104,2023-12-14,13.82,13.61,13.89,13.59,16898900.0,0.0014000000000000002,231609700.0,150.02,159011909177.65
600104,2023-12-15,13.63,13.49,13.66,13.46,18136700.0,0.0016,245555300.0,149.33,157609893813.85
600104,2023-12-18,13.43,13.47,13.52,13.3,14633100.0,0.0013,196671600.0,149.22,157376224586.55
600104,2023-12-19,13.46,13.45,13.52,13.35,14732700.0,0.0013,197757500.0,149.11,157142555359.25
600104,2023-12-20,13.43,13.28,13.5,13.28,15801900.0,0.0014000000000000002,211537900.0,148.14,155156366927.2
600104,2023-12-21,13.25,13.35,13.37,13.2,17150100.0,0.0015,228101200.0,148.54,155974209222.75
600104,2023-12-22,13.35,13.4,13.49,13.25,15542400.0,0.0013,207758200.0,148.82,156558382291.0
600104,2023-12-25,13.36,13.38,13.48,13.31,12412000.0,0.0011,165955900.0,148.71,156324713063.7
600104,2023-12-26,13.38,13.29,13.38,13.26,10887300.0,0.0009,144900600.0,148.19,155273201540.85
600104,2023-12-27,13.31,13.3,13.39,13.15,14995700.0,0.0013,198527000.0,148.25,155390036154.5
600104,2023-12-28,13.21,13.52,13.52,13.2,19838700.0,0.0017000000000000001,266158500.0,149.51,157960397654.8
600104,2023-12-29,13.49,13.53,13.63,13.43,28187100.0,0.0024,381201000.0,149.56,158077232268.45
600104,2024-01-02,13.56,13.42,13.75,13.41,18821000.0,0.0016,255226300.0,148.93,156792051518.3
600104,2024-01-03,13.4,13.5,13.53,13.37,12174700.0,0.001,163927200.0,149.39,157726728427.5
600104,2024-01-04,13.51,13.42,13.56,13.31,16882100.0,0.0014000000000000002,226007200.0,148.93,156792051518.3
600104,2024-01-05,13.42,13.34,13.53,13.27,17574800.0,0.0015,236069400.0,148.48,155857374609.1
600104,2024-01-08,13.3,13.12,13.38,13.08,21877700.0,0.0019,288580900.0,147.22,153287013108.8
600104,2024-01-09,13.13,13.22,13.23,13.09,18259500.0,0.0016,240191300.0,147.79,154455359245.3
600104,2024-01-10,13.19,13.22,13.27,13.15,12375400.0,0.0011,163670100.0,147.79,154455359245.3
600104,2024-01-11,13.22,13.38,13.4,13.16,13831600.0,0.0012,183974300.0,148.71,154877506574.1
600104,2024-01-12,13.34,13.32,13.42,13.3,9496000.0,0.0008,126871700.0,148.36,154182988607.4
600104,2024-01-15,13.3,13.32,13.45,13.25,10485200.0,0.0009,139954300.0,148.36,154182988607.4
600104,2024-01-16,13.31,13.46,13.48,13.3,17749100.0,0.0015,237895500.0,149.16,155803530529.7
600104,2024-01-17,13.48,13.25,13.5,13.25,16634700.0,0.0014000000000000002,222901699.99999997,147.96,153372717646.25
600104,2024-01-18,13.25,13.37,13.46,12.92,35340900.0,0.0031,465786100.0,148.65,154761753579.65
600104,2024-01-19,13.36,13.41,13.51,13.25,22390900.0,0.0019,300083600.0,148.88,155224765557.45
600104,2024-01-22,13.43,13.24,13.48,13.11,31746600.0,0.0027,423714400.0,147.91,153256964651.8
600104,2024-01-23,13.22,13.2,13.3,13.11,17480300.0,0.0015,230805300.0,147.68,152793952674.0
600104,2024-01-24,13.26,13.51,13.56,13.22,22954100.0,0.002,307296700.0,149.45,156382295501.95
600104,2024-01-25,13.56,13.76,13.79,13.51,29315900.0,0.0025,401056600.00000006,150.87,159276120363.2
600104,2024-01-26,13.63,13.89,13.96,13.62,26781300.0,0.0023,370363200.0,151.62,160780909291.05
600104,2024-01-29,13.93,13.91,14.09,13.84,22208700.0,0.0019,309365900.0,151.73,161012415279.95
600104,2024-01-30,13.85,13.71,13.96,13.71,18267200.0,0.0016,252730800.00000003,150.59,158697355390.95
600104,2024-01-31,13.72,13.67,13.8,13.54,25793400.0,0.0022,352768800.0,150.36,158234343413.15
600104,2024-02-01,13.64,13.71,13.89,13.62,23748200.0,0.0021,326828600.0,150.59,158697355390.95
600104,2024-02-02,13.74,13.75,13.88,13.18,36711400.0,0.0032,499348600.0,150.82,159160367368.75
600104,2024-02-05,13.79,13.78,13.88,13.37,35155600.0,0.003,481046400.0,150.99,159507626352.1
600104,2024-02-06,13.78,14.15,14.2,13.7,34883100.0,0.003,488130600.0,153.1,163790487146.75
600104,2024-02-07,14.19,14.41,14.41,13.96,38572900.0,0.0033,549438400.0,154.58,166800065002.45
600104,2024-02-08,14.41,14.58,14.59,14.31,34774500.0,0.003,501860400.0,155.55,168767865908.1
600104,2024-02-19,14.6,14.55,14.69,14.47,25238400.0,0.0022,368444500.0,155.38,168420606924.75
600104,2024-02-20,14.55,14.63,14.67,14.43,20869100.0,0.0018,304330400.0,155.84,169346630880.35
600104,2024-02-21,14.58,14.73,14.91,14.55,21458100.0,0.0019,317140000.0,156.41,170504160824.85
600104,2024-02-22,14.73,14.85,14.88,14.7,14900300.0,0.0013,220870500.0,157.1,171893196758.25
600104,2024-02-23,14.86,14.9,14.94,14.79,14218600.0,0.0012,211405500.0,157.38,172471961730.5
600104,2024-02-26,14.93,14.78,14.99,14.76,22312600.0,0.0019,332210899.99999994,156.7,171082925797.1
600104,2024-02-27,14.78,14.89,14.95,14.74,14628200.0,0.0013,217758300.00000003,157.32,172356208736.05
600104,2024-02-28,14.9,14.76,14.93,14.72,22965100.0,0.002,340607400.0,156.58,170851419808.2
600104,2024-02-29,14.7,14.96,14.96,14.69,22712800.0,0.002,338652300.00000006,157.72,173166479697.2
600104,2024-03-01,14.99,14.98,15.05,14.9,16063100.0,0.0014000000000000002,240672100.0,157.84,173397985686.1
600104,2024-03-04,15.01,14.97,15.12,14.87,18193500.0,0.0016,272566300.0,157.78,173282232691.65
600104,2024-03-05,14.91,15.18,15.23,14.87,29287900.0,0.0025,441656200.0,158.98,175713045575.1
600104,2024-03-06,15.18,15.01,15.2,15.01,16124000.0,0.0014000000000000002,243725099.99999997,158.01,173745244669.45
600104,2024-03-07,15.05,15.0,15.15,14.97,16196600.0,0.0014000000000000002,243836100.0,157.95,173629491675.0
600104,2024-03-08,15.02,15.0,15.1,14.93,12980500.0,0.0011,195083800.0,157.95,173629491675.0
600104,2024-03-11,14.94,14.98,15.04,14.91,15174500.0,0.0013,227283800.0,157.84,173397985686.1
600104,2024-03-12,14.98,14.91,15.01,14.85,18250100.0,0.0016,272427600.0,157.44,172587714724.95
600104,2024-03-13,14.91,14.83,15.03,14.81,16628100.0,0.0014000000000000002,247329000.0,156.98,171661690769.35
600104,2024-03-14,14.85,14.67,14.89,14.62,15372700.0,0.0013,226456400.0,156.07,169809642858.15
600104,2024-03-15,14.61,14.63,14.69,14.54,22180900.0,0.0019,324464300.0,155.84,169346630880.35
600104,2024-03-18,14.66,14.84,14.94,14.66,20335400.0,0.0018,301893500.0,157.04,171777443763.8
600104,2024-03-19,14.85,14.74,14.9,14.71,12594100.0,0.0011,186223400.0,156.47,170619913819.3
600104,2024-03-20,14.78,14.9,14.92,14.78,13536100.0,0.0012,201360900.0,157.38,172471961730.5
600104,2024-03-21,14.88,14.9,15.01,14.83,14966500.0,0.0013,223576400.0,157.38,172471961730.5
600104,2024-03-22,14.98,14.85,14.98,14.72,14872400.0,0.0013,220786500.0,157.1,171893196758.25
600104,2024-03-25,14.84,14.73,14.92,14.73,14130100.0,0.0012,209540900.0,156.41,170504160824.85
600104,2024-03-26,14.72,15.01,15.04,14.71,21626100.0,0.0019,322453400.0,158.01,173745244669.45
600104,2024-03-27,15.02,14.97,15.1,14.93,20979000.0,0.0018,315470400.0,157.78,173282232691.65
600104,2024-03-28,14.97,14.95,15.16,14.92,28793700.0,0.0025,432766400.0,157.67,173050726702.75
600104,2024-03-29,14.95,15.07,15.11,14.93,15579000.0,0.0013,234165500.0,158.35,174439762636.15
600104,2024-04-01,15.08,15.27,15.36,15.01,25363500.0,0.0022,386254700.0,159.49,176754822525.15
600104,2024-04-02,15.35,15.29,15.41,15.24,20488000.0,0.0018,313307100.0,159.61,176986328514.05
600104,2024-04-03,15.38,15.35,15.39,15.23,20677500.0,0.0018,317098300.0,159.95,177680846480.75
600104,2024-04-08,15.42,15.31,15.77,15.27,28601000.0,0.0025,442251100.0,159.72,177217834502.95
600104,2024-04-09,15.35,15.3,15.38,15.18,25806800.0,0.0022,394196400.0,159.66,177102081508.5
600104,2024-04-10,15.32,15.28,15.47,15.16,20563700.0,0.0018,315216900.0,159.55,176870575519.6
600104,2024-04-11,15.24,15.27,15.37,15.03,21065300.0,0.0018,320551700.0,159.49,176754822525.15
600104,2024-04-12,15.27,15.02,15.3,15.01,17958600.0,0.0016,271445700.0,158.07,173860997663.9
600104,2024-04-15,15.0,15.21,15.28,14.94,24380300.0,0.0021,369433800.0,159.15,176060304558.45
600104,2024-04-16,15.2,15.23,15.32,15.07,26810800.0,0.0023,408204600.0,159.26,176291810547.35
600104,2024-04-17,15.17,15.19,15.23,15.02,25181900.0,0.0022,380440899.99999994,159.04,175828798569.55
600104,2024-04-18,15.13,15.36,15.41,15.1,24492300.0,0.0021,375584500.0,160.01,177796599475.2
600104,2024-04-19,15.3,15.23,15.4,15.18,16190900.0,0.0014000000000000002,247011699.99999997,159.26,176291810547.35
600104,2024-04-22,15.2,15.09,15.34,15.06,17463700.0,0.0015,264278000.0,158.46,174671268625.05
600104,2024-04-23,15.05,15.01,15.15,14.98,16571500.0,0.0014000000000000002,249109800.0,158.01,173745244669.45
600104,2024-04-24,15.01,14.94,15.07,14.83,14470400.0,0.0013,215551000.0,157.61,172934973708.3
600104,2024-04-25,14.94,15.14,15.19,14.85,20036000.0,0.0017000000000000001,301636000.0,158.75,175250033597.3
600104,2024-04-26,15.15,15.2,15.29,15.08,19890600.0,0.0017000000000000001,301968300.0,159.09,175944551564.0
600104,2024-04-29,15.28,15.28,15.34,15.06,25750100.0,0.0022,392490400.0,159.55,176870575519.6
600104,2024-04-30,15.23,14.86,15.28,14.85,35089000.0,0.003,525009100.00000006,157.15,172008949752.7
600104,2024-05-06,14.94,14.8,15.19,14.78,37864000.0,0.0033,565745000.0,156.81,171314431786.0
600104,2024-05-07,14.8,14.56,14.8,14.53,27720800.0,0.0024,404604900.0,155.44,168536359919.2
600104,2024-05-08,14.51,14.55,14.6,14.45,18876700.0,0.0016,274481100.0,155.38,168420606924.75
600104,2024-05-09,14.57,14.57,14.61,14.52,17479500.0,0.0015,254509100.0,155.5,168652112913.65
600104,2024-05-10,14.58,14.61,14.62,14.45,18415700.0,0.0016,267712900.0,155.73,169115124891.45
600104,2024-05-13,14.57,14.6,14.62,14.4,18190600.0,0.0016,264302300.0,155.67,168999371897.0
600104,2024-05-14,14.62,14.6,14.72,14.55,18653800.0,0.0016,272869200.0,155.67,168999371897.0
600104,2024-05-15,14.59,14.46,14.59,14.42,13691700.0,0.0012,198154000.0,154.87,167378829974.7
600104,2024-05-16,14.48,14.4,14.52,14.36,20142300.0,0.0017000000000000001,290284500.0,154.53,166684312008.0
600104,2024-05-17,14.4,14.52,14.52,14.37,19506000.0,0.0017000000000000001,281472400.0,155.21,168073347941.4
600104,2024-05-20,14.5,14.42,14.54,14.41,18615100.0,0.0016,269055300.0,154.64,166915817996.9
600104,2024-05-21,14.43,14.47,14.49,14.34,14662100.0,0.0013,211394900.00000003,154.93,167494582969.15
600104,2024-05-22,14.45,14.43,14.47,14.41,13275900.0,0.0011,191656100.0,154.7,167031570991.35
600104,2024-05-23,14.45,14.18,14.45,14.08,27601000.0,0.0024,391949800.00000006,153.27,164137746130.1
600104,2024-05-24,14.16,14.19,14.25,14.13,15336200.0,0.0013,217810000.0,153.33,164253499124.55
600104,2024-05-27,14.29,14.38,14.47,14.25,20436000.0,0.0018,293809300.0,154.41,166452806019.1
600104,2024-05-28,14.34,14.09,14.37,14.08,18863500.0,0.0016,267088800.0,152.76,163095969180.05
600104,2024-05-29,14.07,14.13,14.17,14.07,11990900.0,0.001,169346800.0,152.99,163558981157.85
600104,2024-05-30,14.17,14.23,14.35,14.16,16339600.0,0.0014000000000000002,232830700.0,153.56,164716511102.35
600104,2024-05-31,14.23,14.07,14.33,14.07,20154400.0,0.0017000000000000001,285595200.0,152.64,162864463191.15
600104,2024-06-03,14.16,14.4,14.44,14.15,35992300.0,0.0031,516409300.0,154.53,166684312008.0
600104,2024-06-04,14.32,14.26,14.39,14.19,20738900.0,0.0018,295965900.0,153.73,165063770085.7
600104,2024-06-05,14.28,14.17,14.36,14.15,16067300.0,0.0014000000000000002,229005600.0,153.21,164021993135.65
600104,2024-06-06,14.17,14.14,14.21,14.06,14557800.0,0.0013,205871699.99999997,153.04,163674734152.3
600104,2024-06-07,14.17,14.11,14.2,14.07,13137700.0,0.0011,185567400.00000003,152.87,163327475168.95
600104,2024-06-11,14.1,14.1,14.16,13.87,24193300.0,0.0021,338968399.99999994,152.82,163211722174.5
600104,2024-06-12,14.1,14.19,14.22,14.06,17072100.0,0.0015,241568900.0,153.33,164253499124.55
600104,2024-06-13,14.05,13.97,14.07,13.75,25774300.0,0.0022,358394900.0,152.07,161706933246.65
600104,2024-06-14,13.9,14.3,14.36,13.86,28177500.0,0.0024,400091400.0,153.96,165526782063.5
600104,2024-06-17,14.25,14.32,14.6,14.21,26423700.0,0.0023,380771200.0,154.07,165758288052.4
600104,2024-06-18,14.35,14.36,14.44,14.25,18886500.0,0.0016,270987600.0,154.3,166221300030.2
600104,2024-06-19,14.34,14.16,14.37,14.16,12680300.0,0.0011,180329000.0,153.16,163906240141.2
600104,2024-06-20,14.16,14.02,14.19,13.97,11632200.0,0.001,163668200.0,152.36,162285698218.9
600104,2024-06-21,13.99,14.05,14.14,13.98,13625700.0,0.0012,191535900.0,152.53,162632957202.25
600104,2024-06-24,14.1,14.0,14.11,13.91,15276900.0,0.0013,214096100.0,152.24,162054192230.0
600104,2024-06-25,14.05,13.96,14.16,13.9,15171900.0,0.0013,213045900.0,152.02,161591180252.2
600104,2024-06-26,13.96,13.94,13.99,13.82,12386000.0,0.0011,172101500.0,151.9,161359674263.3
600104,2024-06-27,13.9,13.79,13.9,13.74,12789900.0,0.0011,176594199.99999997,151.05,159623379346.55
600104,2024-06-28,13.81,13.86,13.98,13.79,12504200.0,0.0011,173837400.00000003,151.45,160433650307.7
600104,2024-07-01,13.83,13.86,13.92,13.73,10623100.0,0.0009,146872000.0,151.45,160433650307.7
600104,2024-07-02,13.85,13.75,13.92,13.73,11938000.0,0.001,164893400.0,150.82,159160367368.75
600104,2024-07-03,13.75,13.77,13.83,13.74,9111600.0,0.0008,125541800.0,150.93,159391873357.65
600104,2024-07-04,13.78,13.7,13.89,13.64,11689800.0,0.001,160691800.0,150.53,158581602396.5
600104,2024-07-05,13.67,13.62,13.71,13.58,13008400.0,0.0011,177205700.0,150.08,157655578440.9
600104,2024-07-08,13.57,13.38,13.6,13.36,15543200.0,0.0013,208893600.0,148.71,154877506574.1
600104,2024-07-09,13.37,13.5,13.5,13.2,13699700.0,0.0012,182889400.0,149.39,156266542507.5
600104,2024-07-10,13.4,13.82,13.84,13.4,17456200.0,0.0015,239495200.0,151.22,159970638329.9
600104,2024-07-11,13.87,14.02,14.07,13.87,15784200.0,0.0014000000000000002,220808100.0,152.36,162285698218.9
600104,2024-07-12,14.02,14.2,14.24,13.99,16048700.0,0.0014000000000000002,226980400.0,153.39,164369252119.0
600104,2024-07-15,14.18,14.23,14.36,14.16,16168500.0,0.0014000000000000002,230821100.0,153.56,164716511102.35
600104,2024-07-16,14.3,14.52,14.56,14.18,24047100.0,0.0021,347045600.0,155.21,168073347941.4
600104,2024-07-17,14.89,14.81,14.95,14.37,51953000.0,0.0045000000000000005,762529100.0,156.87,171430184780.45
600104,2024-07-18,14.75,14.77,14.84,14.63,32215200.0,0.0028000000000000004,474631900.0,156.64,170967172802.65
600104,2024-07-19,14.8,14.87,14.95,14.7,30877900.0,0.0027,458819700.0,157.21,172124702747.15
600104,2024-07-22,14.83,14.91,14.94,14.73,26502400.0,0.0023,393079100.00000006,157.44,172587714724.95
600104,2024-07-23,14.85,14.69,14.98,14.69,24571500.0,0.0021,364992600.0,156.18,170041148847.05
600104,2024-07-24,14.63,14.49,14.7,14.45,19035500.0,0.0016,277169300.0,155.04,167726088958.05
600104,2024-07-25,14.5,14.5,14.58,14.44,14174600.0,0.0012,205650300.0,155.1,167841841952.5
600104,2024-07-26,14.57,14.43,14.63,14.37,16843400.0,0.0015,243545800.00000003,154.7,167031570991.35
600104,2024-07-29,14.49,14.6,14.75,14.44,15160000.0,0.0013,221969700.0,155.67,168999371897.0
600104,2024-07-30,14.7,14.45,14.7,14.35,17682000.0,0.0015,255342300.0,154.81,167263076980.25
600104,2024-07-31,14.45,14.68,14.75,14.38,19729900.0,0.0017000000000000001,288955600.0,156.13,169925395852.6
600104,2024-08-01,14.68,14.73,14.8,14.61,14706900.0,0.0013,216503300.00000003,156.41,170504160824.85
600104,2024-08-02,14.65,14.55,14.72,14.5,12945300.0,0.0011,188860400.0,155.38,168420606924.75
600104,2024-08-05,14.6,14.52,14.74,14.51,17650000.0,0.0015,257841400.0,155.21,168073347941.4
600104,2024-08-06,14.55,14.25,14.66,14.16,20007400.0,0.0017000000000000001,286206300.0,153.67,164948017091.25
600104,2024-08-07,14.34,14.18,14.34,14.18,10472800.0,0.0009,149259000.0,153.27,164137746130.1
600104,2024-08-08,14.15,14.08,14.24,14.08,10613500.0,0.0009,150146900.0,152.7,162980216185.6
600104,2024-08-09,14.12,13.86,14.21,13.86,13641100.0,0.0012,190777000.0,151.45,160433650307.7
600104,2024-08-12,13.85,13.74,13.89,13.62,10781400.0,0.0009,148010400.0,150.76,159044614374.3
600104,2024-08-13,13.73,13.65,13.78,13.55,12577900.0,0.0011,171435800.00000003,150.25,158002837424.25
600104,2024-08-14,13.62,13.33,13.63,13.33,19171000.0,0.0017000000000000001,257551699.99999997,148.42,154298741601.85
600104,2024-08-15,13.33,13.46,13.52,13.28,19279300.0,0.0017000000000000001,258742400.00000003,149.16,155803530529.7
600104,2024-08-16,13.18,13.08,13.3,13.05,20630800.0,0.0018,271214000.0,149.08,151404916740.6
600104,2024-08-19,13.14,13.09,13.37,13.08,22586200.0,0.002,297759500.0,149.14,151520669735.05
600104,2024-08-20,13.11,12.88,13.14,12.85,19572900.0,0.0017000000000000001,252731900.0,147.94,149089856851.6
600104,2024-08-21,12.83,12.84,12.89,12.75,14286000.0,0.0012,183169100.0,147.71,148626844873.8
600104,2024-08-22,12.8,12.67,12.83,12.66,17397800.0,0.0015,221081100.0,146.74,146659043968.15
600104,2024-08-23,12.68,13.0,13.04,12.67,16639100.0,0.0014000000000000002,214669300.0,148.62,150478892785.0
600104,2024-08-26,13.02,12.88,13.09,12.81,14843500.0,0.0013,191870800.00000003,147.94,149089856851.6
600104,2024-08-27,12.85,12.76,12.93,12.71,10292900.0,0.0009,131500600.0,147.25,147700820918.2
600104,2024-08-28,12.79,12.55,12.82,12.5,15112800.0,0.0013,190254199.99999997,146.06,145270008034.75
600104,2024-08-29,12.59,12.55,12.64,12.54,13347600.0,0.0012,167829600.0,146.06,145270008034.75
600104,2024-08-30,12.49,12.56,12.78,12.2,29042100.0,0.0025,364107800.0,146.11,145385761029.2
600104,2024-09-02,12.48,12.17,12.54,12.17,24264200.0,0.0021,298041100.0,143.89,140871394245.65
600104,2024-09-03,12.13,12.23,12.23,12.07,17434500.0,0.0015,211956600.0,144.23,141565912212.35
600104,2024-09-04,12.12,12.09,12.23,12.08,13992500.0,0.0012,169551000.0,143.43,139945370290.05
600104,2024-09-05,12.09,12.15,12.21,12.08,15653700.0,0.0014000000000000002,189891100.0,143.77,140639888256.75
600104,2024-09-06,12.16,12.28,12.5,12.16,20286300.0,0.0018,250686400.0,144.52,142144677184.6
600104,2024-09-09,12.27,12.14,12.34,12.09,14838900.0,0.0013,180609900.00000003,143.72,140524135262.3
600104,2024-09-10,12.15,11.79,12.16,11.75,22961500.0,0.002,272515200.0,141.72,136472780456.55
600104,2024-09-11,11.8,11.82,11.95,11.7,17006800.0,0.0015,201000500.0,141.89,136820039439.9
600104,2024-09-12,11.82,11.67,11.84,11.66,16280100.0,0.0014000000000000002,190897000.0,141.03,135083744523.15
600104,2024-09-13,11.67,11.55,11.71,11.49,17780000.0,0.0015,205999800.0,140.35,133694708589.75
600104,2024-09-18,11.55,11.78,11.85,11.52,16165600.0,0.0014000000000000002,188861400.0,141.66,136357027462.1
600104,2024-09-19,11.8,11.83,11.9,11.67,15827500.0,0.0014000000000000002,186886800.0,141.95,136935792434.35
600104,2024-09-20,11.84,11.86,11.94,11.68,22415400.0,0.0019,265240099.99999997,142.12,137283051417.7
600104,2024-09-23,11.8,11.89,11.95,11.77,10120600.0,0.0009,120232900.00000001,142.29,137630310401.05
600104,2024-09-24,11.97,12.23,12.25,11.83,27100600.0,0.0023,326557100.0,144.23,141565912212.35
600104,2024-09-25,12.45,12.56,12.86,12.41,35291800.0,0.003,446779600.0,146.11,145385761029.2
600104,2024-09-26,12.55,13.22,13.23,12.52,36219100.0,0.0031,467514000.0,149.88,153025458662.9
600104,2024-09-27,13.37,13.57,13.59,13.26,24306700.0,0.0021,326658900.0,151.88,157076813468.65
600104,2024-09-30,13.9,14.63,14.69,13.9,78191900.0,0.0068000000000000005,1121581300.0,157.93,169346630880.35
600104,2024-10-08,16.0,14.91,16.07,14.56,101612000.0,0.0088,1543913500.0,159.52,172587714724.95
600104,2024-10-09,14.7,13.59,14.7,13.59,69300400.0,0.006,977140900.0,151.99,157308319457.55
600104,2024-10-10,13.62,13.92,14.17,13.52,54663900.0,0.004699999999999999,760665600.0,153.87,161128168274.4
600104,2024-10-11,13.91,13.67,14.09,13.49,29933500.0,0.0026,412297699.99999994,152.45,158234343413.15
600104,2024-10-14,13.67,13.63,13.78,13.5,34868200.0,0.003,475061700.0,152.22,157771331435.35
600104,2024-10-15,13.58,13.2,13.58,13.19,30858800.0,0.0027,413021800.0,149.77,152793952674.0
600104,2024-10-16,13.08,13.07,13.22,12.97,27607300.0,0.0024,360968700.0,149.02,151289163746.15
600104,2024-10-17,13.08,12.8,13.2,12.79,26755400.0,0.0023,346834200.0,147.48,148163832896.0
600104,2024-10-18,12.8,13.11,13.3,12.66,41973000.0,0.0036,543832000.0,149.25,151752175723.95
600104,2024-10-21,13.18,12.94,13.2,12.85,42688600.0,0.0037,552786800.0,148.28,149784374818.3
600104,2024-10-22,12.9,13.12,13.25,12.9,37643200.0,0.0033,493866900.0,149.31,151867928718.4
600104,2024-10-23,13.2,13.45,13.48,13.1,39536200.0,0.0034000000000000002,527875000.0,151.19,155687777535.25
600104,2024-10-24,13.45,13.18,13.45,13.14,28770600.0,0.0025,380662600.0,149.65,152562446685.1
600104,2024-10-25,13.19,13.35,13.38,13.17,25856800.0,0.0022,343838500.0,150.62,154530247590.75
600104,2024-10-28,13.35,13.45,13.47,13.28,29340900.0,0.0025,393112900.0,151.19,155687777535.25
600104,2024-10-29,13.49,13.3,13.51,13.26,28092900.0,0.0024,375623500.0,150.34,153951482618.5
600104,2024-10-30,13.18,13.18,13.33,13.1,22218800.0,0.0019,293320900.0,149.65,152562446685.1
600104,2024-10-31,13.01,12.87,13.08,12.73,44980600.0,0.0039000000000000003,578959000.0,147.88,148974103857.15
600104,2024-11-01,12.85,12.89,12.99,12.77,30198800.0,0.0026,388700600.0,148.0,149205609846.05
600104,2024-11-04,12.86,13.17,13.17,12.86,35886500.0,0.0031,466632900.0,149.59,152446693690.65
600104,2024-11-05,13.1,13.27,13.29,12.96,42644100.0,0.0037,562856100.0,150.17,153604223635.15
600104,2024-11-06,13.27,13.28,13.43,13.22,40659400.0,0.0034999999999999996,541364100.0,150.22,153719976629.6
600104,2024-11-07,13.15,13.56,13.57,13.15,41589800.0,0.0036,557546000.0,151.82,156961060474.2
600104,2024-11-08,13.68,13.43,13.75,13.36,49075800.0,0.0042,664013900.0,151.08,155456271546.35
600104,2024-11-11,13.32,13.83,13.84,13.3,58658900.0,0.0051,796287100.0000001,153.36,160086391324.35
600104,2024-11-12,14.19,15.21,15.21,14.15,202762800.0,0.0175,3024438300.0,161.24,176060304558.45
600104,2024-11-13,15.84,16.73,16.73,15.81,142180500.0,0.0123,2347295900.0,169.91,193654759714.85
600104,2024-11-14,16.99,16.72,17.6,15.3,345733600.0,0.029900000000000003,5592655800.0,169.85,193539006720.4
600104,2024-11-15,16.2,17.27,17.99,15.85,285097400.0,0.0246,4773901100.0,172.99,199905421415.15
600104,2024-11-18,19.0,18.35,19.0,18.0,287884700.0,0.024900000000000002,5429579500.0,179.16,212406744815.75
600104,2024-11-19,17.12,16.52,17.41,16.52,267626800.0,0.0231,4502089400.0,168.71,191223946831.4
600104,2024-11-20,16.3,17.15,17.32,16.3,233213000.0,0.020099999999999996,3912620300.0000005,172.31,198516385481.75
600104,2024-11-21,16.88,18.28,18.86,16.87,212750900.0,0.0184,3859044600.0,178.76,211596473854.6
600104,2024-11-22,18.05,17.98,19.14,17.68,240354300.0,0.0208,4455456500.0,177.04,208123884021.1
600104,2024-11-25,18.9,19.5,19.78,18.3,307510900.0,0.026600000000000002,5893120800.0,185.72,225718339177.5
600104,2024-11-26,18.76,18.37,19.14,18.31,173697300.0,0.015,3244546700.0,179.27,212638250804.65
600104,2024-11-27,18.17,17.93,18.63,17.1,219236000.0,0.0189,3903123000.0,176.76,207545119048.85
600104,2024-11-28,17.78,17.43,17.9,16.94,142629300.0,0.0123,2484762800.0,173.91,201757469326.35
600104,2024-11-29,17.22,17.58,18.04,17.2,112892500.0,0.0098,1997437400.0,174.76,203493764243.1
600104,2024-12-02,16.95,19.0,19.34,16.93,223583700.0,0.019299999999999998,4091618400.0000005,182.87,219930689455.0
600104,2024-12-03,18.91,18.93,19.4,18.53,158561300.0,0.0137,3007290700.0,182.47,219120418493.85
600104,2024-12-04,18.7,17.85,19.36,17.75,142225200.0,0.0123,2618701300.0,176.3,206619095093.25
600104,2024-12-05,17.71,18.28,18.45,17.58,101182000.0,0.0087,1822057100.0,178.76,211596473854.6
600104,2024-12-06,18.2,17.76,18.4,17.71,79746700.0,0.0069,1429053900.0000002,175.79,205577318143.2
600104,2024-12-09,17.83,18.07,18.76,17.83,93570900.0,0.008100000000000001,1717997500.0,177.56,209165660971.15
600104,2024-12-10,18.45,17.97,18.9,17.92,103571200.0,0.0089,1906041800.0,176.99,208008131026.65
600104,2024-12-11,17.96,17.72,18.8,17.53,126049600.0,0.0109,2280166800.0,175.56,205114306165.4
600104,2024-12-12,17.82,17.42,17.85,17.18,112793300.0,0.0097,1952617700.0,173.85,201641716331.9
600104,2024-12-13,17.3,18.74,19.16,17.18,310795200.0,0.0268,5716047100.0,181.38,216921111599.3
600104,2024-12-16,18.37,18.23,18.84,18.15,154266800.0,0.013300000000000001,2839803100.0,178.47,211017708882.35
600104,2024-12-17,18.29,18.27,18.85,18.18,124822900.0,0.0108,2313105400.0,178.7,211480720860.15
600104,2024-12-18,18.64,18.98,19.43,18.36,154321100.0,0.013300000000000001,2905702100.0,182.75,219699183466.1
600104,2024-12-19,18.67,18.33,18.98,17.82,125708100.0,0.0109,2306397300.0,179.04,212175238826.85
600104,2024-12-20,18.2,18.19,18.55,18.0,75367400.0,0.006500000000000001,1375913400.0,178.24,210554696904.55
600104,2024-12-23,18.16,18.13,18.62,17.88,80651900.0,0.006999999999999999,1471971800.0,177.9,209860178937.85
600104,2024-12-24,18.13,18.62,18.8,17.93,84834300.0,0.0073,1564780100.0,180.7,215532075665.9
600104,2024-12-25,18.61,18.85,19.4,18.54,119824800.0,0.0104,2283769200.0,182.01,218194394538.25
600104,2024-12-26,18.88,18.84,19.28,18.7,95376100.0,0.008199999999999999,1809529500.0,181.95,218078641543.8
600104,2024-12-27,18.76,19.81,20.22,18.38,172346900.0,0.0149,3342922900.0,187.49,229306682005.45
600104,2024-12-30,19.81,21.04,21.3,19.41,182909000.0,0.0158,3725861700.0,194.51,243544300322.8
600104,2024-12-31,20.76,20.76,21.3,20.5,121839800.0,0.0105,2542318900.0,192.91,240303216478.2
600104,2025-01-02,20.5,19.03,20.57,18.81,142480700.0,0.0123,2794924000.0,183.04,220277948438.35
600104,2025-01-03,18.86,18.01,19.06,18.0,108053400.0,0.009300000000000001,1991768800.0,177.22,208471143004.45
600104,2025-01-06,17.9,17.87,18.61,17.74,78238700.0,0.0068000000000000005,1419052100.0,176.42,206850601082.15
600104,2025-01-07,17.95,18.59,18.61,17.81,62482900.0,0.0054,1142427800.0,180.53,215184816682.55
600104,2025-01-08,18.3,17.89,18.38,16.99,139189400.0,0.012,2439827700.0,176.53,207082107071.05
600104,2025-01-09,17.8,17.41,17.99,16.91,134117400.0,0.0116,2326278300.0,173.79,201525963337.45
600104,2025-01-10,17.38,17.63,18.18,17.38,117028700.0,0.0101,2086103500.0,175.05,204072529215.35
600104,2025-01-13,17.1,16.27,17.36,16.18,135152500.0,0.011699999999999999,2246990700.0,167.29,188330121970.15
600104,2025-01-14,16.28,17.05,17.38,16.2,118605900.0,0.0102,1986203299.9999998,171.74,197358855537.25
600104,2025-01-15,16.8,16.3,16.85,16.19,90167800.0,0.0078000000000000005,1476843100.0,167.46,188677380953.5
600104,2025-01-16,16.3,16.88,17.12,16.3,109677700.0,0.0095,1833632900.0,170.77,195391054631.6
600104,2025-01-17,16.77,16.8,16.91,16.52,61248400.0,0.0053,1023887200.0,170.31,194465030676.0
600104,2025-01-20,16.88,17.09,17.46,16.88,73257100.0,0.0063,1263511700.0,171.97,197821867515.05
600104,2025-01-21,17.2,16.91,17.32,16.82,49628900.0,0.0043,840807300.0,170.94,195738313614.95
600104,2025-01-22,16.67,16.27,16.72,16.13,73363400.0,0.0063,1196990000.0,167.29,188330121970.15
600104,2025-01-23,16.45,16.27,16.73,16.26,61237700.0,0.0053,1007430600.0,167.29,188330121970.15
600104,2025-01-24,16.26,16.94,17.07,16.2,91187200.0,0.0079,1529590400.0,171.11,196085572598.3
600104,2025-01-27,17.31,17.16,17.89,17.11,74809200.0,0.006500000000000001,1300160800.0,172.36,198632138476.2
600104,2025-02-05,17.3,17.05,17.3,16.93,61928000.0,0.0054,1058622000.0,171.74,197358855537.25
600104,2025-02-06,17.0,16.98,17.02,16.53,73223200.0,0.0063,1228558700.0,171.34,196548584576.1
600104,2025-02-07,17.1,18.05,18.44,17.05,157098500.0,0.013600000000000001,2810974600.0,177.44,208934154982.25
600104,2025-02-10,18.5,18.18,19.25,18.08,110357800.0,0.0095,2033510700.0,178.19,210438943910.1
600104,2025-02-11,18.2,19.01,19.79,17.63,171853600.0,0.0148,3191712800.0000005,182.92,220046442449.45
600104,2025-02-12,18.6,18.4,18.76,18.0,134718000.0,0.0116,2468807600.0,179.44,212985509788.0
600104,2025-02-13,18.4,18.53,18.95,18.21,103002900.0,0.0089,1912087100.0,180.18,214490298715.85
600104,2025-02-14,18.4,18.33,18.7,18.08,76201700.0,0.0066,1398105300.0,179.04,212175238826.85
600104,2025-02-17,18.42,18.45,18.94,18.0,86317500.0,0.0075,1585605900.0,179.73,213564274760.25
600104,2025-02-18,18.39,17.58,18.39,17.5,86410600.0,0.0075,1551117900.0,174.76,203493764243.1
600104,2025-02-19,17.58,17.66,17.73,17.44,54714200.0,0.004699999999999999,962589600.0000001,175.22,204419788198.7
600104,2025-02-20,17.66,17.69,18.14,17.59,52547200.0,0.0045000000000000005,933543300.0,175.39,204767047182.05
600104,2025-02-21,17.69,17.3,17.7,16.9,108126200.0,0.009300000000000001,1855381200.0,173.16,200252680398.5
600104,2025-02-24,17.59,17.38,18.0,17.34,127685300.0,0.011000000000000001,2243359500.0,173.62,201178704354.1
600104,2025-02-25,17.2,17.02,17.23,16.95,78352700.0,0.0068000000000000005,1336941500.0,171.57,197011596553.9
600104,2025-02-26,17.09,16.88,17.09,16.7,72560400.0,0.0063,1219721800.0,170.77,195391054631.6
600104,2025-02-27,16.89,16.98,17.07,16.74,57230600.0,0.0049,968304800.0,171.34,196548584576.1
600104,2025-02-28,16.82,16.45,16.98,16.41,59707800.0,0.0052,992947100.0000001,168.31,190413675870.25
600104,2025-03-03,16.63,16.59,16.72,16.43,43572400.0,0.0038,721955000.0,169.11,192034217792.55
600104,2025-03-04,16.5,16.56,16.58,16.29,34971000.0,0.003,574857500.0,168.94,191686958809.2
600104,2025-03-05,16.56,16.42,16.56,16.27,36562300.0,0.0032,598844800.0,168.14,190066416886.9
600104,2025-03-06,16.43,16.65,16.7,16.35,58927000.0,0.0051,976751799.9999999,169.45,192728735759.25
600104,2025-03-07,16.58,16.4,16.58,16.31,47831600.0,0.0040999999999999995,784919700.0,168.03,189834910898.0
600104,2025-03-10,16.39,16.24,16.39,16.18,39952800.0,0.0034999999999999996,648386500.0,167.11,187982862986.8
600104,2025-03-11,16.04,15.73,16.04,15.48,101863800.0,0.0088,1594527600.0,164.2,182079460269.85
600104,2025-03-12,15.75,15.65,15.86,15.65,53063600.0,0.0046,834815500.0,163.75,181153436314.25
600104,2025-03-13,15.6,15.32,15.65,15.29,57744800.0,0.005,890440600.0,161.86,177333587497.4
600104,2025-03-14,15.32,15.6,15.68,15.3,51705800.0,0.0045000000000000005,802712700.0,163.46,180574671342.0
600104,2025-03-17,15.61,15.57,15.7,15.48,35326200.0,0.0031,550131400.0,163.29,180227412358.65
600104,2025-03-18,15.6,15.7,15.8,15.5,42614100.0,0.0037,667148700.0,164.03,181732201286.5
600104,2025-03-19,15.7,15.61,15.84,15.58,40895800.0,0.0034999999999999996,642394700.0,163.52,180690424336.45
600104,2025-03-20,15.61,15.59,15.69,15.55,28762100.0,0.0025,449054400.0,163.4,180458918347.55
600104,2025-03-21,15.55,15.32,15.61,15.31,37616500.0,0.0032,580088800.0,161.86,177333587497.4
600104,2025-03-24,15.27,15.29,15.55,15.09,56938700.0,0.0049,867014200.0,161.69,176986328514.05
600104,2025-03-25,15.31,15.25,15.38,15.21,31838000.0,0.0028000000000000004,486914000.0,161.46,176523316536.25
600104,2025-03-26,15.22,15.4,15.42,15.17,31331700.0,0.0027,480153800.0,162.32,178259611453.0
600104,2025-03-27,15.3,15.49,15.54,15.26,33444300.0,0.0029,516797400.0,162.83,179301388403.05
600104,2025-03-28,15.49,15.44,15.56,15.33,29287600.0,0.0025,452081000.0,162.55,178722623430.8
600104,2025-03-31,15.5,15.79,16.07,15.5,91903800.0,0.0079,1453040900.0,164.55,182773978236.55
600104,2025-04-01,15.77,15.72,15.9,15.54,40341800.0,0.0034999999999999996,635170500.0,164.15,181963707275.4
600104,2025-04-02,15.75,15.66,15.79,15.51,30502600.0,0.0026,477401400.0,163.8,181269189308.7
600104,2025-04-03,15.5,15.47,15.68,15.37,32234900.0,0.0028000000000000004,500002400.0,162.72,179069882414.15
600104,2025-04-07,14.6,13.92,14.75,13.92,90024400.0,0.0078000000000000005,1273515600.0,153.87,161128168274.4
600104,2025-04-08,14.0,14.62,14.68,14.0,94815800.0,0.008199999999999999,1364778299.9999998,157.87,169230877885.9
600104,2025-04-09,14.49,15.2,15.2,14.2,72164000.0,0.0062,1057589800.0,161.18,175944551564.0
600104,2025-04-10,15.5,15.05,15.5,14.93,63735700.0,0.0055000000000000005,962477100.0000001,160.32,174208256647.25
600104,2025-04-11,15.07,15.16,15.3,14.96,47590600.0,0.0040999999999999995,722418000.0,160.95,175481539586.2
600104,2025-04-14,15.49,15.5,15.68,15.32,49716100.0,0.0043,772051700.0,162.89,179417141397.5
600104,2025-04-15,15.51,15.42,15.56,15.33,29201300.0,0.0025,450503100.0,162.43,178491117441.9
600104,2025-04-16,15.79,15.75,15.8,15.3,63620100.0,0.0055000000000000005,992821300.0,164.32,182310966258.75
600104,2025-04-17,15.74,15.51,15.85,15.39,45284000.0,0.0039000000000000003,704424800.0,162.95,179532894391.95
600104,2025-04-18,15.4,15.35,15.44,15.21,25308200.0,0.0022,387394400.0,162.04,177680846480.75
600104,2025-04-21,15.35,15.36,15.38,15.23,17581500.0,0.0015,269348900.0,162.09,177796599475.2
600104,2025-04-22,15.35,15.28,15.4,15.26,20872000.0,0.0018,319785900.0,161.64,176870575519.6
600104,2025-04-23,15.35,15.41,15.64,15.33,35990700.0,0.0031,556814900.0,162.38,178375364447.45
600104,2025-04-24,15.43,15.53,15.58,15.3,30094800.0,0.0026,464930899.99999994,163.06,179764400380.85
600104,2025-04-25,15.52,15.72,15.9,15.46,43121100.0,0.0037,677825900.0,164.15,181963707275.4
600104,2025-04-28,15.64,15.49,15.67,15.46,25486200.0,0.0022,395736400.0,162.83,179301388403.05
600104,2025-04-29,15.43,15.59,15.65,15.4,20849800.0,0.0018,324391500.0,163.4,180458918347.55
600104,2025-04-30,15.61,16.24,16.29,15.6,74694700.0,0.006500000000000001,1202133400.0,167.11,187982862986.8
600104,2025-05-06,16.28,16.38,16.39,16.17,54950100.0,0.004699999999999999,894394600.0000001,167.91,189603404909.1
600104,2025-05-07,16.68,16.47,16.68,16.34,48576900.0,0.0042,800875200.0,168.43,190645181859.15
600104,2025-05-08,16.33,16.54,16.68,16.3,28797500.0,0.0025,476779200.0,168.83,191455452820.3
600104,2025-05-09,16.55,16.55,16.61,16.27,31443100.0,0.0027,517810600.0,168.88,191571205814.75
600104,2025-05-12,16.6,16.45,16.69,16.37,33859400.0,0.0029,559025500.0,168.31,190413675870.25
600104,2025-05-13,16.61,16.63,16.86,16.46,39567100.0,0.0034000000000000002,659220100.0,169.34,192497229770.35
600104,2025-05-14,16.59,16.68,16.7,16.49,29346900.0,0.0025,487784100.00000006,169.63,193075994742.6
600104,2025-05-15,16.68,16.72,16.82,16.57,32144900.0,0.0028000000000000004,536983900.0,169.85,193539006720.4
600104,2025-05-16,16.7,16.89,16.9,16.5,34881400.0,0.003,584568700.0,170.82,195506807626.05
600104,2025-05-19,16.82,16.68,16.86,16.65,21667400.0,0.0019,362127699.99999994,169.63,193075994742.6
600104,2025-05-20,16.66,16.81,16.85,16.6,25608900.0,0.0022,428532600.0,170.37,194580783670.45
600104,2025-05-21,16.81,16.86,17.01,16.76,31663900.0,0.0027,535747900.0,170.65,195159548642.7
600104,2025-05-22,16.88,17.14,17.26,16.8,46398600.0,0.004,792423400.0,172.25,198400632487.3
600104,2025-05-23,17.1,16.87,17.32,16.87,52504200.0,0.0045000000000000005,898340800.0,170.71,195275301637.15
600104,2025-05-26,16.75,16.45,16.83,16.35,40889700.0,0.0034999999999999996,676467400.0,168.31,190413675870.25
600104,2025-05-27,16.45,16.3,16.55,16.2,28824600.0,0.0025,470650600.0,167.46,188677380953.5
600104,2025-05-28,16.39,16.18,16.46,16.1,21768000.0,0.0019,353584100.00000006,166.77,187288345020.1
600104,2025-05-29,16.16,16.23,16.38,16.16,28725200.0,0.0025,467274700.0,167.06,187867109992.35
600104,2025-05-30,16.17,16.21,16.31,16.1,22570700.0,0.0019,365307699.99999994,166.94,187635604003.45
600104,2025-06-03,15.81,15.26,15.82,14.96,100226100.0,0.0087,1530994500.0,161.52,176639069530.7
600104,2025-06-04,15.4,15.39,15.49,15.31,38612000.0,0.0033,594613600.0,162.26,178143858458.55
600104,2025-06-05,15.44,15.42,15.54,15.35,29467300.0,0.0025,454171800.0,162.43,178491117441.9
600104,2025-06-06,15.4,15.33,15.42,15.12,38934500.0,0.0034000000000000002,593674900.0,161.92,177449340491.85
600104,2025-06-09,15.29,15.69,15.73,15.29,47857900.0,0.0040999999999999995,745904200.0,163.98,181616448292.05
600104,2025-06-10,15.72,15.59,15.92,15.51,34985100.0,0.003,549985700.0,163.4,180458918347.55
600104,2025-06-11,15.61,16.04,16.19,15.61,53361600.0,0.0046,852596500.0,165.97,185667803097.8
600104,2025-06-12,16.01,16.15,16.18,15.91,29074000.0,0.0025,467482100.0,166.6,186941086036.75
600104,2025-06-13,16.07,16.12,16.16,15.91,40238700.0,0.0034999999999999996,645226100.0,166.43,186593827053.4
600104,2025-06-16,15.99,15.97,16.13,15.84,27199000.0,0.0023,434237900.0,165.57,184857532136.65
600104,2025-06-17,15.97,15.97,16.14,15.88,16927300.0,0.0015,270972000.0,165.57,184857532136.65
600104,2025-06-18,15.95,15.77,15.98,15.74,20581300.0,0.0018,325850700.0,164.43,182542472247.65
600104,2025-06-19,15.7,15.59,15.76,15.55,17790000.0,0.0015,278183900.0,163.4,180458918347.55
600104,2025-06-20,15.55,15.53,15.66,15.47,21566600.0,0.0019,336016200.0,163.06,179764400380.85
600104,2025-06-23,15.52,15.58,15.66,15.5,14132600.0,0.0012,220170500.0,163.35,180343165353.1
600104,2025-06-24,15.68,16.08,16.08,15.67,30756100.0,0.0027,489717699.99999994,166.2,186130815075.6
600104,2025-06-25,16.08,16.2,16.24,15.95,26470500.0,0.0023,426757900.0,166.89,187519851009.0
600104,2025-06-26,16.1,16.05,16.24,16.01,25205500.0,0.0022,405605800.0,166.03,185783556092.25
600104,2025-06-27,16.04,16.04,16.15,15.98,19075700.0,0.0016,306247200.0,165.97,185667803097.8
600104,2025-06-30,16.0,16.05,16.1,15.91,18810100.0,0.0016,301094700.0,166.03,185783556092.25
600104,2025-07-01,16.01,15.96,16.11,15.96,16942700.0,0.0015,271096200.0,165.52,184741779142.2
600104,2025-07-02,16.0,16.1,16.14,15.83,27244900.0,0.0024,435952300.00000006,166.32,186362321064.5
600104,2025-07-03,16.0,16.28,16.29,16.0,24143000.0,0.0021,391285800.0,167.34,188445874964.6
600104,2025-07-04,16.3,17.06,17.2,16.28,87181700.0,0.0075,1479961400.0000002,171.79,197474608531.7
600104,2025-07-07,17.06,17.34,17.5,16.97,58922000.0,0.0051,1023192200.0,173.39,200715692376.3
600104,2025-07-08,17.28,17.47,17.54,17.16,43385100.0,0.0037,756261799.9999999,174.13,202220481304.15
600104,2025-07-09,17.44,17.23,17.59,17.21,35121300.0,0.003,609478600.0,172.76,199442409437.35
600104,2025-07-10,17.23,17.11,17.39,16.99,42793000.0,0.0037,733862899.9999999,172.08,198053373503.95
600104,2025-07-11,17.2,17.03,17.48,17.03,51860400.0,0.0045000000000000005,894709100.0,171.62,197127349548.35
600104,2025-07-14,17.11,17.75,18.18,17.11,91967500.0,0.0079,1629541000.0,175.73,205461565148.75
600104,2025-07-15,17.85,18.21,18.5,17.8,84386700.0,0.0073,1539555900.0,178.36,210786202893.45
600104,2025-07-16,18.21,17.94,18.25,17.88,49771900.0,0.0043,896326900.0,176.82,207660872043.3
600104,2025-07-17,18.06,17.92,18.15,17.88,46995900.0,0.0040999999999999995,844673100.0,176.7,207429366054.4
600104,2025-07-18,18.01,17.86,18.1,17.72,39531100.0,0.0034000000000000002,707795600.0,176.36,206734848087.7
600104,2025-07-21,17.86,17.68,17.92,17.53,57188300.0,0.0049,1010404000.0,175.33,204651294187.6
600104,2025-07-22,17.65,17.56,17.78,17.56,53503000.0,0.0046,944617000.0,174.65,203262258254.2
600104,2025-07-23,17.51,17.8,18.0,17.46,81758200.0,0.0070999999999999995,1454727000.0,176.02,206040330121.0
600104,2025-07-24,17.78,17.6,17.99,17.53,62058800.0,0.0054,1100161300.0,174.88,203725270232.0
600104,2025-07-25,17.65,17.47,17.7,17.43,50757100.0,0.0044,889330700.0000001,174.13,202220481304.15
600104,2025-07-28,17.65,17.59,17.87,17.57,56415200.0,0.0049,999197600.0,174.82,203609517237.55
600104,2025-07-29,17.6,17.68,17.83,17.42,65882100.0,0.005699999999999999,1158449400.0,175.33,204651294187.6
600104,2025-07-30,17.68,17.55,17.99,17.48,64380900.0,0.005600000000000001,1137616500.0,174.59,203146505259.75
600104,2025-07-31,17.5,17.18,17.57,17.11,42188500.0,0.0036,729533400.0,172.98,198863644465.1
600104,2025-08-01,17.19,17.23,17.36,17.11,39541100.0,0.0034000000000000002,681154500.0,173.26,199442409437.35
600104,2025-08-04,17.22,17.37,17.45,17.12,53006200.0,0.0046,916106400.0,174.06,201062951359.65
600104,2025-08-05,17.38,17.93,18.37,17.32,112490700.0,0.0097,2013254300.0,177.26,207545119048.85
600104,2025-08-06,17.96,17.53,17.97,17.52,70857100.0,0.0060999999999999995,1251078400.0,174.97,202914999270.85
600104,2025-08-07,17.6,17.41,17.76,17.24,56887000.0,0.0049,990409299.9999999,174.29,201525963337.45
600104,2025-08-08,17.35,17.38,17.51,17.27,31233600.0,0.0027,543634700.0,174.12,201178704354.1
600104,2025-08-11,17.39,17.6,17.87,17.38,56067800.0,0.0048,988011900.0,175.37,203725270232.0
600104,2025-08-12,17.66,18.01,18.25,17.6,85876600.0,0.0074,1544095000.0,177.71,208471143004.45
600104,2025-08-13,18.06,17.99,18.25,17.87,73356000.0,0.0063,1325082000.0,177.6,208239637015.55
600104,2025-08-14,18.05,18.06,18.22,17.9,66115000.0,0.005699999999999999,1194902400.0,178.0,209049907976.7
600104,2025-08-15,18.17,18.4,18.78,18.17,97763500.0,0.0084,1817051800.0,179.94,212985509788.0
600104,2025-08-18,18.67,18.25,18.75,18.25,85363700.0,0.0074,1574577500.0,179.08,211249214871.25
600104,2025-08-19,18.33,18.0,18.34,17.9,68151400.0,0.0059,1229606200.0,177.65,208355390010.0
600104,2025-08-20,18.03,19.8,19.8,17.98,206880100.0,0.0179,3965074099.9999995,187.93,229190929011.0
600104,2025-08-21,20.15,19.8,20.15,19.6,141431000.0,0.012199999999999999,2805687600.0,187.93,229190929011.0
600104,2025-08-22,19.89,20.21,20.27,19.74,98461000.0,0.0085,1975755100.0,190.27,233936801783.45
600104,2025-08-25,20.49,20.53,20.63,19.95,138164200.0,0.011899999999999999,2800016599.9999995,192.09,237640897605.85
600104,2025-08-26,20.5,19.65,20.5,19.26,166656600.0,0.0144,3285106400.0,187.07,227454634094.25
600104,2025-08-27,19.6,18.91,19.88,18.9,123045400.0,0.0106,2380909500.0,182.85,218888912504.95
600104,2025-08-28,18.71,18.93,19.05,18.44,89731800.0,0.0078000000000000005,1684483700.0,182.96,219120418493.85
600104,2025-08-29,19.09,18.79,19.36,18.75,115968300.0,0.0101,2212218000.0,182.16,215996264300.16
600104,2025-09-01,18.79,19.04,19.54,18.79,124719400.0,0.0108,2395244300.0,183.59,218870083676.16
600104,2025-09-02,19.16,18.95,19.38,18.8,73937700.0,0.0064,1406806600.0,183.08,217835508700.8
600104,2025-09-03,19.06,19.05,19.25,18.76,79634200.0,0.0069,1515869400.0,183.65,218985036451.2
600104,2025-09-04,19.01,18.7,19.17,18.47,92072700.0,0.008,1730352300.0,181.65,214961689324.8
600104,2025-09-05,18.72,19.02,19.05,18.51,59374300.0,0.0052,1117633200.0,183.48,218640178126.08
600104,2025-09-08,19.03,18.95,19.33,18.92,62817300.0,0.0055000000000000005,1195205600.0,183.08,217835508700.8
600104,2025-09-09,18.96,18.99,19.12,18.82,59141000.0,0.0051,1121592500.0,183.3,218295319800.96
600104,2025-09-10,18.93,18.85,19.02,18.72,40083200.0,0.0034999999999999996,755303000.0,182.51,216685980950.4
600104,2025-09-11,18.9,18.97,18.97,18.64,48355800.0,0.0042,908306700.0,183.19,218065414250.88
600104,2025-09-12,18.91,18.55,19.01,18.5,63028100.0,0.0055000000000000005,1181234400.0,180.79,213237397699.2
600104,2025-09-15,18.47,18.76,18.9,18.45,60009100.0,0.0052,1123956100.0,181.99,215651405975.04
600104,2025-09-16,18.8,18.68,19.26,18.56,74604500.0,0.006500000000000001,1404687900.0,181.54,214731783774.72
600104,2025-09-17,18.68,18.9,19.22,18.56,75309300.0,0.0066,1419843800.0,182.79,217260744825.6
600104,2025-09-18,18.9,18.81,19.25,18.61,77042100.0,0.0067,1461034200.0000002,182.28,216226169850.24
600104,2025-09-19,18.8,19.25,19.29,18.55,96133500.0,0.0084,1823066200.0,184.79,221284091952.0
600104,2025-09-22,19.25,19.06,19.34,18.81,72752800.0,0.0063,1384460799.9999998,183.7,219099989226.24
600104,2025-09-23,19.02,18.7,19.04,18.48,67595500.0,0.0059,1264384800.0,181.65,214961689324.8
600104,2025-09-24,18.25,17.66,18.25,17.26,163292700.0,0.014199999999999999,2865139600.0,175.71,203006600720.64
600104,2025-09-25,17.46,17.16,17.57,17.1,112657000.0,0.0098,1949912600.0,172.86,197258961968.64
600104,2025-09-26,17.09,17.04,17.5,17.0,79478900.0,0.0069,1365816800.0,172.18,195879528668.16
600104,2025-09-29,17.04,16.9,17.07,16.68,82775500.0,0.0072,1393669500.0,171.38,194270189817.6
600104,2025-09-30,16.93,17.12,17.12,16.87,51663400.0,0.0045000000000000005,877638900.0,172.63,196799150868.48
600104,2025-10-09,17.38,17.52,17.57,17.16,86503800.0,0.0075,1505300200.0,174.92,201397261870.08
600104,2025-10-10,17.45,17.13,17.49,17.11,54402500.0,0.004699999999999999,941108400.0,172.69,196914103643.52
600104,2025-10-13,16.68,16.79,16.84,16.49,56754300.0,0.0049,947796799.9999999,170.75,193005709292.16
600104,2025-10-14,16.85,16.52,16.96,16.5,56902100.0,0.005,950335600.0,169.21,189901984366.08
600104,2025-10-15,16.55,16.82,16.83,16.52,46774700.0,0.0040999999999999995,781486799.9999999,170.92,193350567617.28
600104,2025-10-16,16.79,16.79,17.05,16.71,39135700.0,0.0034000000000000002,658919600.0000001,170.75,193005709292.16
600104,2025-10-17,16.72,16.35,16.84,16.35,48226700.0,0.0042,796841300.0,168.24,187947787190.4
600104,2025-10-20,16.5,16.44,16.58,16.35,27864400.0,0.0024,458286400.0,168.75,188982362165.76
600104,2025-10-21,16.45,16.51,16.54,16.42,30576600.0,0.0027,504247400.0,169.15,189787031591.04
600104,2025-10-22,16.48,16.46,16.53,16.43,21658900.0,0.0019,356821700.0,168.87,189212267715.84
600104,2025-10-23,16.47,16.53,16.54,16.32,25989000.0,0.0023,426802300.00000006,169.27,190016937141.12
600104,2025-10-24,16.57,16.68,16.77,16.5,32431500.0,0.0028000000000000004,538947100.0,170.12,191741228766.72
600104,2025-10-27,16.78,16.68,16.78,16.62,34644600.0,0.003,578413000.0,170.12,191741228766.72
600104,2025-10-28,16.69,16.56,16.7,16.47,31038900.0,0.0027,513446500.0,169.44,190361795466.24
600104,2025-10-29,16.57,16.69,16.71,16.48,29916200.0,0.0026,496503100.0,170.18,191856181541.76
600104,2025-10-30,16.65,16.75,16.9,16.61,41617200.0,0.0036,698093300.0,170.52,192545898192.0
600104,2025-10-31,16.98,16.63,17.05,16.63,70753100.0,0.0062,1191475100.0,169.84,191166464891.52
600104,2025-11-03,16.63,16.22,16.69,16.07,88008000.0,0.0077,1428926800.0,167.5,186453401114.88
600104,2025-11-04,16.2,15.97,16.26,15.95,55662800.0,0.0048,893520399.9999999,166.07,183579581738.88
600104,2025-11-05,15.9,15.9,15.96,15.73,54162400.0,0.004699999999999999,858304000.0,165.67,182774912313.6
600104,2025-11-06,15.87,15.88,15.97,15.87,41201200.0,0.0036,655385800.0,165.56,182545006763.52
600104,2025-11-07,15.85,15.97,16.06,15.79,37721300.0,0.0033,602002400.0,166.07,183579581738.88
600104,2025-11-10,15.97,16.08,16.17,15.91,42371800.0,0.0037,680394900.0,166.7,184844062264.32
600104,2025-11-11,16.08,15.9,16.09,15.88,38736300.0,0.0034000000000000002,618089800.0,165.67,182774912313.6
600104,2025-11-12,15.91,15.66,15.91,15.6,57178200.0,0.005,899326400.0,164.3,180016045712.64
600104,2025-11-13,15.67,15.92,15.97,15.66,43210700.0,0.0038,685333200.0000001,165.78,183004817863.68
600104,2025-11-14,15.87,15.81,15.97,15.81,27116800.0,0.0024,430827800.0,165.16,181740337338.24
600104,2025-11-17,15.77,15.66,15.83,15.65,29945900.0,0.0026,470277000.0,164.3,180016045712.64
600104,2025-11-18,15.63,15.38,15.68,15.35,61525400.0,0.0054,951088200.0000001,162.7,176797368011.52
600104,2025-11-19,15.38,15.3,15.45,15.2,44737900.0,0.0039000000000000003,685013300.0,162.25,175877745811.2
600104,2025-11-20,15.31,15.02,15.38,15.01,58276400.0,0.0051,881447899.9999999,160.65,172659068110.08
600104,2025-11-21,14.9,14.7,14.98,14.7,55714400.0,0.0048,824826200.0,158.82,168980579308.8
600104,2025-11-24,14.9,14.79,14.91,14.73,41258500.0,0.0036,611761900.0,159.34,170015154284.16
600104,2025-11-25,14.87,14.92,15.0,14.78,41040200.0,0.0036,612130600.0,160.08,171509540359.68
600104,2025-11-26,14.93,14.86,15.01,14.82,31400700.0,0.0027,468398600.0,159.74,170819823709.44
600104,2025-11-27,14.87,14.86,15.02,14.8,29798800.0,0.0026,444528800.0,159.74,170819823709.44
600104,2025-11-28,14.86,14.97,15.0,14.81,45610500.0,0.004,680259600.0000001,160.36,172084304234.88
600104,2025-12-01,15.42,15.47,15.75,15.28,178346900.0,0.0155,2766260500.0,163.22,177831942986.88
600104,2025-12-02,15.46,15.52,15.87,15.4,100434800.0,0.0087,1566278599.9999998,163.5,178406706862.08
600104,2025-12-03,15.44,15.38,15.58,15.31,50823400.0,0.0044,782375700.0000001,162.7,176797368011.52
600104,2025-12-04,15.4,15.35,15.54,15.1,64618400.0,0.005600000000000001,991724200.0,162.53,176452509686.4
600104,2025-12-05,15.38,15.45,15.48,15.33,49506400.0,0.0043,762247800.0,163.1,177602037436.8
600104,2025-12-08,15.51,15.24,15.52,15.22,76618200.0,0.0067,1174135400.0,161.9,175188029160.96
600104,2025-12-09,15.21,15.15,15.39,15.13,53009000.0,0.0046,809054100.0,161.39,174153454185.6
600104,2025-12-10,15.11,15.35,15.36,15.01,48447100.0,0.0042,737738100.0,162.53,176452509686.4
600104,2025-12-11,15.28,15.48,15.54,15.23,72656400.0,0.0063,1123179800.0,163.27,177946895761.92
600104,2025-12-12,15.44,15.72,15.82,15.22,151190700.0,0.0132,2352512400.0,164.64,180705762362.88
600104,2025-12-15,15.6,15.8,15.87,15.46,100238000.0,0.0087,1573286600.0,165.1,181625384563.2
600104,2025-12-16,15.81,15.66,15.92,15.61,70830500.0,0.0062,1116292700.0,164.3,180016045712.64
600104,2025-12-17,15.61,15.65,15.72,15.53,45657000.0,0.004,712943300.0,164.24,179901092937.6
600104,2025-12-18,15.61,15.48,15.61,15.47,39258100.0,0.0034000000000000002,609643600.0,163.27,177946895761.92
600104,2025-12-19,15.48,15.71,15.74,15.46,47179700.0,0.0040999999999999995,738087100.0000001,164.59,180590809587.84
600104,2025-12-22,15.72,15.59,15.84,15.58,50996200.0,0.0044,799208100.0,163.9,179211376287.36
600104,2025-12-23,15.58,15.49,15.59,15.45,32821300.0,0.0029,508494000.0,163.33,178061848536.96
600104,2025-12-24,15.46,15.44,15.49,15.35,34909300.0,0.003,537959200.0,163.05,177487084661.76
600104,2025-12-25,15.43,15.44,15.51,15.37,26091400.0,0.0023,403111700.0,163.05,177487084661.76
600104,2025-12-26,15.41,15.49,15.64,15.4,39319600.0,0.0034000000000000002,611192700.0,163.33,178061848536.96
600104,2025-12-29,15.5,15.37,15.52,15.35,37078900.0,0.0032,571992100.0,162.65,176682415236.48
600104,2025-12-30,15.34,15.35,15.39,15.24,31057900.0,0.0027,475621700.0,162.53,176452509686.4
600104,2025-12-31,15.36,15.22,15.49,15.22,34461800.0,0.003,527406600.00000006,161.79,174958123610.88
600104,2026-01-05,15.25,15.26,15.29,15.15,51579700.0,0.0045000000000000005,784597700.0,162.02,175417934711.04
600104,2026-01-06,15.23,15.54,15.55,15.21,68291600.0,0.0059,1053591300.0,163.62,178636612412.16
600104,2026-01-07,15.51,15.3,15.51,15.28,57651800.0,0.005,885264000.0,162.25,175877745811.2
600104,2026-01-08,15.4,15.37,15.47,15.34,45347000.0,0.0039000000000000003,698074500.0,162.65,176682415236.48
600104,2026-01-09,15.41,15.4,15.66,15.34,71233600.0,0.0062,1101693800.0,162.82,177027273561.6
600104,2026-01-12,15.4,15.42,15.45,15.32,61720400.0,0.0054,949286100.0,162.93,177257179111.68
600104,2026-01-13,15.59,15.49,15.97,15.44,105797400.0,0.0092,1657584000.0,163.33,178061848536.96
600104,2026-01-14,15.49,15.08,15.57,15.02,128576400.0,0.011200000000000002,1970581099.9999998,160.99,173348784760.32
600104,2026-01-15,15.02,14.87,15.14,14.84,85184400.0,0.0074,1273333500.0,159.79,170934776484.48
600104,2026-01-16,15.3,14.99,15.46,14.75,200679200.0,0.0175,3033415900.0000005,160.48,172314209784.96
600104,2026-01-19,15.04,15.25,15.34,15.01,110304500.0,0.0096,1678467600.0,161.96,175302981936.0
600104,2026-01-20,15.28,15.28,15.4,15.22,78491600.0,0.0068000000000000005,1200119600.0,162.13,175647840261.12
600104,2026-01-21,15.24,15.12,15.25,15.1,75391400.0,0.0066,1142664600.0,161.22,173808595860.48
600104,2026-01-22,15.11,14.96,15.17,14.93,103293500.0,0.009000000000000001,1550387700.0,160.31,171969351459.84
600104,2026-01-23,14.96,14.82,15.12,14.78,185296100.0,0.0161,2757794000.0,159.51,170360012609.28
600104,2026-01-26,14.86,14.61,14.88,14.56,111643000.0,0.0097,1635348599.9999998,158.31,167946004333.44
600104,2026-01-27,14.58,14.38,14.62,14.34,82714500.0,0.0072,1193303200.0,157.0,165302090507.52
600104,2026-01-28,14.39,14.2,14.42,14.18,95182500.0,0.0083,1354819000.0,155.97,163232940556.8
600104,2026-01-29,14.15,14.37,14.37,14.02,121377400.0,0.0106,1719388500.0,156.94,165187137732.48
600104,2026-01-30,14.35,14.14,14.35,14.06,71864500.0,0.0063,1020737100.0000001,155.63,162543223906.56
600104,2026-02-02,14.13,14.05,14.27,14.04,66100000.0,0.0058,936240800.0,155.11,161508648931.2
600104,2026-02-03,14.15,14.26,14.28,14.1,55251000.0,0.0048,784353000.0,156.31,163922657207.04
600104,2026-02-04,14.21,14.43,14.44,14.19,65650900.0,0.005699999999999999,941455700.0000001,157.28,165876854382.72
600104,2026-02-05,14.43,14.48,14.53,14.38,55067100.0,0.0048,797086400.0,157.57,166451618257.92
600104,2026-02-06,14.42,14.45,14.53,14.33,40258600.0,0.0034999999999999996,581821000.0,157.4,166106759932.8
600104,2026-02-09,14.53,14.5,14.54,14.45,40931600.0,0.0036,593103400.0,157.68,166681523808.0
600104,2026-02-10,14.51,14.48,14.58,14.45,40433400.0,0.0034999999999999996,585893800.0,157.57,166451618257.92
600104,2026-02-11,14.47,14.51,14.55,14.46,33577500.0,0.0029,487279700.0,157.74,166796476583.04
600104,2026-02-12,14.49,14.4,14.52,14.38,36430900.0,0.0032,525219900.0,157.11,165531996057.6
600104,2026-02-13,14.38,14.32,14.44,14.31,39131200.0,0.0034000000000000002,562565700.0,156.65,164612373857.28
600104,2026-02-24,14.4,14.42,14.43,14.31,35460900.0,0.0031,510050400.0,157.22,165761901607.68
600104,2026-02-25,14.42,14.41,14.6,14.38,74177300.0,0.006500000000000001,1073973300.0,157.17,165646948832.64
600104,2026-02-26,14.42,14.3,14.43,14.26,46873300.0,0.0040999999999999995,670902899.9999999,156.54,164382468307.2
600104,2026-02-27,14.26,14.33,14.36,14.26,39716800.0,0.0034999999999999996,568668800.0,156.71,164727326632.32
600104,2026-03-02,14.19,14.28,14.35,14.11,60589700.0,0.0053,862551200.0,156.43,164152562757.12
600104,2026-03-03,14.26,14.08,14.39,14.08,62359900.0,0.0054,885768500.0,155.28,161853507256.32
600104,2026-03-04,13.99,13.74,13.99,13.74,74812900.0,0.006500000000000001,1035201200.0,153.34,157945112904.96
600104,2026-03-05,13.88,14.14,14.22,13.87,66568600.0,0.0058,935906300.0,155.63,162543223906.56
600104,2026-03-06,14.1,14.16,14.17,14.05,35586200.0,0.0031,501912100.0,155.74,162773129456.64
600104,2026-03-09,14.0,13.95,14.02,13.88,59699400.0,0.0052,832246900.0,154.54,160359121180.8
600104,2026-03-10,14.0,14.05,14.06,13.95,44144200.0,0.0038,618406500.0,155.11,161508648931.2
600104,2026-03-11,14.05,14.29,14.32,14.04,63234300.0,0.0055000000000000005,899619400.0,156.48,164267515532.16
600104,2026-03-12,14.27,14.4,14.42,14.23,54155300.0,0.004699999999999999,776610000.0,157.11,165531996057.6
600104,2026-03-13,14.36,14.63,14.7,14.31,109303700.0,0.0095,1595607500.0,158.42,168175909883.52
600104,2026-03-16,14.62,14.64,14.82,14.53,69484200.0,0.006,1020672800.0,158.48,168290862658.56
600104,2026-03-17,14.62,14.63,14.8,14.61,52852500.0,0.0046,778139100.0,158.42,168175909883.52
600104,2026-03-18,14.68,14.4,14.7,14.33,62710600.0,0.0055000000000000005,904855300.0,157.11,165531996057.6
600104,2026-03-19,14.3,14.28,14.49,14.24,45176100.0,0.0039000000000000003,648316800.0,156.43,164152562757.12
600104,2026-03-20,14.28,14.28,14.45,14.2,55876500.0,0.0049,800936100.0,156.43,164152562757.12
600104,2026-03-23,14.17,13.93,14.33,13.88,63087700.0,0.0055000000000000005,887062600.0,154.43,160129215630.72
600104,2026-03-24,14.05,14.08,14.11,13.73,56418900.0,0.0049,785863700.0,155.28,161853507256.32
600104,2026-03-25,14.09,14.5,14.54,14.02,64741300.0,0.005600000000000001,930535500.0,157.68,166681523808.0
600104,2026-03-26,14.47,14.35,14.62,14.33,47370900.0,0.0040999999999999995,685888000.0,156.82,164957232182.4
600104,2026-03-27,14.28,14.4,14.46,14.26,40385200.0,0.0034999999999999996,580837000.0,157.11,165531996057.6
600104,2026-03-30,14.26,14.38,14.43,14.1,43446400.0,0.0038,620537300.0,157.0,165302090507.52
600104,2026-03-31,14.38,14.59,14.79,14.37,65880300.0,0.005699999999999999,965828900.0,158.19,167716098783.36
600104,2026-04-01,14.76,14.82,14.84,14.62,71431200.0,0.0062,1054221700.0,159.51,170360012609.28
600104,2026-04-02,14.83,14.31,14.83,14.26,107388400.0,0.009300000000000001,1544171800.0,156.6,164497421082.24
600104,2026-04-03,14.32,14.08,14.33,14.06,43957100.0,0.0038,622049100.0,155.28,161853507256.32
600104,2026-04-07,14.07,13.94,14.11,13.89,44219200.0,0.0038,617677200.0,154.49,160244168405.76
600104,2026-04-08,14.1,14.23,14.24,14.03,55953600.0,0.0049,791907700.0,156.14,163577798881.92
600104,2026-04-09,14.13,14.02,14.15,13.95,44195600.0,0.0038,620348200.0,154.94,161163790606.08
600104,2026-04-10,14.09,14.15,14.21,14.04,43345100.0,0.0038,613864700.0,155.68,162658176681.6
600104,2026-04-13,14.06,14.15,14.18,14.01,31486400.0,0.0027,444357100.0,155.68,162658176681.6
600104,2026-04-14,14.14,14.11,14.19,14.02,43974800.0,0.0038,619023000.0,155.46,162198365581.44
600104,2026-04-15,14.14,14.04,14.16,14.03,36945500.0,0.0032,520288500.0,155.06,161393696156.16
600104,2026-04-16,14.04,14.05,14.12,14.02,42962500.0,0.0037,603621700.0,155.11,161508648931.2
600104,2026-04-17,14.05,13.92,14.05,13.9,52517000.0,0.0046,731829200.0,154.37,160014262855.68
600104,2026-04-20,13.94,13.9,13.95,13.86,38658100.0,0.0034000000000000002,537445900.0,154.26,159784357305.6
600104,2026-04-21,13.91,13.84,13.91,13.78,37850500.0,0.0033,523109500.0,153.91,159094640655.36
600104,2026-04-22,13.85,13.83,13.85,13.75,35403100.0,0.0031,488463600.0,153.86,158979687880.32
600104,2026-04-23,13.85,13.89,13.99,13.83,41175700.0,0.0036,572547500.0,154.2,159669404530.56
600104,2026-04-24,13.86,13.71,13.87,13.67,40294000.0,0.0034999999999999996,552621400.0,153.17,157600254579.84
600104,2026-04-27,13.68,13.7,13.75,13.6,31009200.0,0.0027,424304400.0,153.12,157485301804.8
600104,2026-04-28,13.69,13.6,13.69,13.57,35322600.0,0.0031,480732000.0,152.54,156335774054.4
600104,2026-04-29,13.57,13.69,13.7,13.55,34019600.0,0.003,464735500.0,153.06,157370349029.76
600104,2026-04-30,13.94,13.78,13.97,13.75,40555900.0,0.0034999999999999996,560171800.0,153.57,158404924005.12
600104,2026-05-06,13.77,13.67,13.78,13.61,50499300.0,0.0044,690695900.0,152.94,157140443479.68
600104,2026-05-07,13.68,13.59,13.7,13.57,36237000.0,0.0032,493083000.0,152.49,156220821279.36
600104,2026-05-08,13.57,13.64,13.71,13.51,41332100.0,0.0036,562341900.0,152.77,156795585154.56
600104,2026-05-11,13.62,13.56,13.62,13.53,37990100.0,0.0033,514816000.0,152.32,155875962954.24
600104,2026-05-12,13.54,13.4,13.55,13.39,41251900.0,0.0036,555119300.0,151.4,154036718553.6
600104,2026-05-13,13.4,13.3,13.44,13.28,39272200.0,0.0034000000000000002,523274300.0,150.83,152887190803.2
600104,2026-05-14,13.29,13.07,13.31,13.03,46805200.0,0.0040999999999999995,614099800.0,149.52,150243276977.28
600104,2026-05-15,13.08,12.94,13.13,12.92,41253100.0,0.0036,536616900.0,148.78,148748890901.76
600104,2026-05-18,12.92,12.65,12.92,12.61,49356600.0,0.0043,626602700.0,147.12,145415260425.6
600104,2026-05-19,12.67,12.64,12.79,12.57,33005700.0,0.0029,417967400.0,147.07,145300307650.56
600104,2026-05-20,12.64,12.39,12.64,12.35,39838700.0,0.0034999999999999996,494708300.0,145.64,142426488274.56
600104,2026-05-21,12.41,12.4,12.63,12.38,43728100.0,0.0038,546738800.0,145.7,142541441049.6
600104,2026-05-22,12.41,12.48,12.5,12.22,37408300.0,0.0033,463724900.0,146.15,143461063249.92
600104,2026-05-25,12.49,12.33,12.59,12.29,32973900.0,0.0029,408624200.0,145.3,141736771624.32
600104,2026-05-26,12.3,12.26,12.43,12.18,35933100.0,0.0031,440921100.0,144.9,140932102199.04
600104,2026-05-27,12.26,12.12,12.33,12.07,37100800.0,0.0032,450658200.0,144.1,139322763348.48
600104,2026-05-28,12.11,12.04,12.15,11.97,35535400.0,0.0031,428009700.0,143.64,138403141148.16
600104,2026-05-29,12.05,12.32,12.32,11.99,51141100.0,0.0044,623049000.0,145.24,141621818849.28
600104,2026-06-01,12.1,12.21,12.28,12.01,41123000.0,0.0036,499901500.0,144.61,140357338323.84
600104,2026-06-02,12.23,12.28,12.35,12.14,38952400.0,0.0034000000000000002,477520700.0,145.01,141162007749.12
600104,2026-06-03,12.26,12.08,12.27,12.07,35195700.0,0.0031,426522100.0,143.87,138862952248.32
600104,2026-06-04,12.07,11.82,12.13,11.77,45312100.0,0.0039000000000000003,539074200.0,142.39,135874180097.28
600104,2026-06-05,11.78,11.77,11.91,11.75,33694800.0,0.0029,398630700.0,142.1,135299416222.08
600104,2026-06-08,11.67,11.47,11.77,11.41,51851000.0,0.0045000000000000005,598220100.0,140.39,131850832970.88
600104,2026-06-09,11.51,11.32,11.53,11.24,45367900.0,0.0039000000000000003,514097699.99999994,139.53,130126541345.28
600104,2026-06-10,11.25,11.09,11.3,11.0,65232300.0,0.005699999999999999,724056500.0,138.22,127482627519.36
600104,2026-06-11,11.03,10.87,11.08,10.71,95445500.0,0.0083,1034658700.0,136.97,124953666468.48
600104,2026-06-12,10.86,10.92,11.03,10.81,145131900.0,0.0126,1583828000.0,137.25,125528430343.68
600104,2026-06-15,10.97,10.79,11.12,10.72,107081900.0,0.009300000000000001,1166585100.0,136.51,124034044268.16
600104,2026-06-16,10.79,10.65,10.82,10.63,68464400.0,0.006,732199900.0,135.71,122424705417.6
600104,2026-06-17,10.6,10.56,10.63,10.45,77414200.0,0.0067,815333200.0000001,135.2,121390130442.24
600104,2026-06-18,10.57,10.46,10.62,10.33,88227100.0,0.0077,924832000.0,134.63,120240602691.84
600104,2026-06-22,10.46,10.5,10.55,10.18,76147800.0,0.0066,788344200.0,134.85,120700413792.0
600104,2026-06-23,10.45,10.31,10.73,10.28,74222700.0,0.006500000000000001,777794600.0000001,133.77,118516311066.24
600104,2026-06-24,10.38,10.08,10.4,10.07,60545400.0,0.0053,616129700.0,132.46,115872397240.32
600104,2026-06-25,10.05,10.06,10.2,9.97,68760600.0,0.006,692509500.0,132.34,115642491690.24
600104,2026-06-26,10.05,9.73,10.07,9.73,65802100.0,0.005699999999999999,648126100.0,130.46,111849050113.92
600104,2026-06-29,9.66,9.82,9.88,9.44,77127900.0,0.0067,748338800.0,130.97,112883625089.28
600104,2026-06-30,9.76,9.76,9.85,9.62,54858700.0,0.0048,533012900.0,130.63,112193908439.04
600104,2026-07-01,9.75,9.78,9.89,9.65,57537700.0,0.005,562317700.0,130.74,112423813989.12
600104,2026-07-02,9.84,9.88,10.08,9.8,79819900.0,0.0069,790074000.0,131.32,113573341739.52
600104,2026-07-03,9.9,10.11,10.17,9.88,76465100.0,0.0067,769503400.0,132.63,116217255565.44
600104,2026-07-06,10.13,10.26,10.27,10.03,63094100.0,0.0055000000000000005,643999300.0,133.48,117941547191.04
600104,2026-07-07,10.26,10.13,10.32,10.05,52817800.0,0.0046,535699400.0,132.74,116447161115.52
600104,2026-07-08,10.08,10.02,10.16,9.95,36374800.0,0.0032,365375000.0,132.11,115182680590.08
600104,2026-07-09,10.01,9.91,10.01,9.86,43014500.0,0.0037,426458300.0,131.49,113918200064.64
600104,2026-07-10,9.92,10.12,10.25,9.82,71374900.0,0.0062,720398500.0,132.69,116332208340.48
600104,2026-07-13,10.01,9.94,10.06,9.89,52027000.0,0.0045000000000000005,517355400.0,131.66,114263058389.76
600104,2026-07-14,9.9,10.05,10.07,9.86,48330300.0,0.0042,482845700.0,132.29,115527538915.2
600104,2026-07-15,10.02,10.34,10.38,10.0,65128600.0,0.005699999999999999,669597400.0,133.94,118861169391.36
600104,2026-07-16,10.3,10.52,10.6,10.24,64223300.0,0.005600000000000001,672702100.0000001,134.97,120930319342.08
600104,2026-07-17,10.51,10.39,10.66,10.31,60204900.0,0.0052,629954200.0,134.23,119435933266.56
600104,2026-07-20,10.3,10.6,10.61,10.3,73224800.0,0.0064,767837100.0000001,135.42,121849941542.4
600104,2026-07-21,10.6,10.46,10.81,10.43,87625500.0,0.0076,929561300.0,134.63,120240602691.84
600104,2026-07-22,10.44,10.53,10.54,10.29,56768100.0,0.0049,591795400.0,135.03,121045272117.12
600104,2026-07-23,10.49,10.61,10.62,10.42,37830100.0,0.0033,399246400.0,135.48,121964894317.44
600104,2026-07-24,10.47,10.38,10.64,10.38,40401800.0,0.0034999999999999996,423163900.0,134.17,119320980491.52
600104,2026-07-27,10.38,10.44,10.53,10.37,37169900.0,0.0032,388843800.0,134.51,120010697141.76
600104,2026-07-28,10.4,10.58,10.58,10.38,44852300.0,0.0039000000000000003,471445100.0,135.31,121620035992.32
600104,2026-07-29,10.59,10.77,10.85,10.56,58928400.0,0.0051,634577300.0,136.39,123804138718.08
600104,2026-07-30,10.78,11.15,11.16,10.73,84867400.0,0.0074,936096799.9999999,138.56,128172344169.6
600104,2026-07-31,11.0,11.32,11.33,10.95,88726000.0,0.0077,988190000.0,139.53,130126541345.28
600104,2026-08-03,11.18,11.25,11.37,11.17,62380500.0,0.0054,702189400.0,139.13,129321871920.0
600104,2026-08-04,11.22,10.98,11.27,10.96,67874200.0,0.0059,749421300.0,137.59,126218146993.92
600104,2026-08-05,11.0,10.86,11.03,10.83,55986900.0,0.0049,610101000.0,136.91,124838713693.44
600104,2026-08-06,10.9,10.77,10.93,10.66,58247800.0,0.0051,627418900.0,136.39,123804138718.08
600104,2026-08-07,10.54,10.45,10.56,10.4,46043000.0,0.004,481251500.0,136.08,120125649916.8
600104,2026-08-10,10.48,10.48,10.61,10.43,50553700.0,0.0044,531846200.0,136.25,120470508241.92
600104,2026-08-11,10.5,10.3,10.52,10.29,51820700.0,0.0045000000000000005,537516200.0,135.22,118401358291.2
600104,2026-08-12,10.29,10.37,10.39,10.23,34215400.0,0.003,352859300.0,135.62,119206027716.48
600104,2026-08-13,10.37,10.17,10.37,10.16,39641500.0,0.0034000000000000002,405863500.0,134.48,116906972215.68
600104,2026-08-14,10.15,10.1,10.19,10.1,28286300.0,0.0025,286399700.0,134.08,116102302790.4
600104,2026-08-17,10.07,10.07,10.1,9.98,31662800.0,0.0028000000000000004,318043700.0,133.91,115757444465.28
600104,2026-08-18,10.04,10.01,10.07,9.93,37314500.0,0.0032,373098200.0,133.56,115067727815.04
600104,2026-08-19,10.0,9.99,10.06,9.96,35380600.0,0.0031,353879000.0,133.45,114837822264.96
600104,2026-08-20,9.99,10.18,10.19,9.98,42915500.0,0.0037,433985199.99999994,134.53,117021924990.72
600104,2026-08-21,10.15,10.14,10.15,10.03,28209200.0,0.0025,284756500.0,134.31,116562113890.56
600104,2026-08-24,10.16,10.19,10.27,10.11,31358300.0,0.0027,320205400.0,134.59,117136877765.76
600104,2026-08-25,10.23,10.31,10.32,10.19,35041400.0,0.003,359628399.99999994,135.28,118516311066.24
600104,2026-08-26,10.3,10.39,10.45,10.27,32798900.0,0.0029,341026300.0,135.73,119435933266.56
600104,2026-08-27,10.4,10.24,10.4,10.21,35304300.0,0.0031,362315400.0,134.88,117711641640.96
600104,2026-08-28,10.22,10.34,10.36,10.18,31326100.0,0.0027,322015100.0,135.45,118861169391.36
600104,2026-08-31,10.37,10.4,10.42,10.31,45270400.0,0.0039000000000000003,468918900.0,135.79,119550886041.6
600104,2026-09-01,10.35,10.49,10.54,10.34,45125500.0,0.0039000000000000003,473338100.0,136.3,120585461016.96
600104,2026-09-02,10.46,10.36,10.5,10.3,31884100.0,0.0028000000000000004,330281400.0,135.56,119091074941.44
600104,2026-09-03,10.32,10.34,10.41,10.32,25004800.0,0.0022,259306100.0,135.45,118861169391.36
600104,2026-09-04,10.37,10.47,10.54,10.36,41687000.0,0.0036,437275600.0,136.19,120355555466.88
600104,2026-09-07,10.47,10.58,10.6,10.44,41165900.0,0.0036,432857699.99999994,136.82,121620035992.32
600104,2026-09-08,10.6,10.71,10.72,10.56,43638000.0,0.0038,464933900.0,137.56,123114422067.84
600104,2026-09-09,10.71,10.93,10.99,10.67,66668600.0,0.0058,724944500.0,138.81,125643383118.72
600104,2026-09-10,10.91,11.15,11.19,10.81,94998500.0,0.0083,1054330800.0,140.07,128172344169.6
600104,2026-09-11,11.09,11.72,11.84,11.09,222907500.0,0.0194,2579279900.0,143.32,134724652346.88
600104,2026-09-14,11.73,11.63,11.89,11.63,115847000.0,0.0101,1362939800.0,142.81,133690077371.52
600104,2026-09-15,11.6,11.33,11.73,11.3,92211100.0,0.008,1058767300.0,141.1,130241494120.32
600104,2026-09-16,11.3,11.3,11.37,11.06,69305500.0,0.006,776351300.0,140.93,129896635795.2
