code,date,open,close,high,low,volume,turnover,amount,close_hfq,market_cap_yuan
600276,2020-12-01,86.29,87.61,87.88,86.15,24535327.0,0.0046,2140841800.0,4329.75,467111729962.01
600276,2020-12-02,87.81,87.53,87.88,86.97,15966299.0,0.003,1396299700.0,4325.83,466685192598.73
600276,2020-12-03,87.8,89.99,90.1,87.62,32178913.0,0.0060999999999999995,2876193200.0,4446.46,479801216519.59
600276,2020-12-04,89.89,91.32,91.5,89.5,30179714.0,0.005699999999999999,2741646500.0,4511.68,486892400184.12
600276,2020-12-07,91.78,89.88,91.78,89.31,23991175.0,0.0045000000000000005,2159562300.0,4441.06,479214727645.08
600276,2020-12-08,90.76,90.07,90.79,89.7,14561320.000000002,0.0028000000000000004,1313065799.9999998,4450.38,480227753882.87
600276,2020-12-09,90.66,88.24,90.66,88.13,22385526.0,0.0042,1989629000.0,4360.64,470470711697.84
600276,2020-12-10,88.0,89.0,89.7,87.58,17235143.0,0.0033,1534309000.0,4397.91,474522816649.0
600276,2020-12-11,89.6,89.5,90.83,88.6,25901207.0,0.0049,2326177800.0,4422.43,477188675169.5
600276,2020-12-14,89.02,90.11,90.39,88.03,17885762.0,0.0034000000000000002,1608695400.0,4452.34,480441022564.51
600276,2020-12-15,90.12,97.02,97.29,90.12,77154520.0,0.0146,7378730100.0,4791.19,517283187317.82
600276,2020-12-16,97.08,97.01,97.88,95.58,41062517.0,0.0078000000000000005,3982147100.0,4790.7,517229870147.41
600276,2020-12-17,102.0,105.18,106.71,101.01,90387543.0,0.0171,9495304100.0,5191.33,560789998372.38
600276,2020-12-18,105.81,105.66,107.45,104.42,46382065.0,0.0088,4920007100.0,5214.86,563349222552.06
600276,2020-12-21,105.75,107.86,108.58,104.88,36973577.0,0.006999999999999999,3961393600.0,5322.75,575079000042.26
600276,2020-12-22,107.8,106.2,108.98,106.0,28483648.0,0.0054,3053488000.0,5241.34,566228349754.2
600276,2020-12-23,107.39,106.0,108.15,105.35,29896625.0,0.005600000000000001,3188306599.9999995,5231.54,565162006346.0
600276,2020-12-24,106.5,108.8,111.11,106.11,28333437.0,0.0054,3099032199.9999995,5368.84,580090814060.8
600276,2020-12-25,108.82,115.01,116.5,108.5,32433038.0,0.0060999999999999995,3706407199.9999995,5673.36,613200776885.41
600276,2020-12-28,116.0,111.0,116.45,110.0,39434048.0,0.0074,4419219600.0,5476.72,591820591551.0
600276,2020-12-29,111.82,108.28,112.63,106.05,37797534.0,0.0070999999999999995,4096371000.0,5343.34,577318321199.48
600276,2020-12-30,108.98,112.7,113.39,108.8,36217122.0,0.0068000000000000005,4048968100.0,5560.08,600884510520.7
600276,2020-12-31,112.55,111.46,112.66,110.01,28156884.999999996,0.0053,3139202900.0,5499.28,594273181389.86
600276,2021-01-04,111.99,111.2,113.69,111.0,36342265.0,0.0069,4072713000.0,5486.53,592886934959.2
600276,2021-01-05,111.2,113.23,116.66,111.19,41762795.0,0.0079,4763614400.0,5586.07,603710320552.43
600276,2021-01-06,113.25,113.72,115.87,112.0,28370017.0,0.0054,3219508600.0,5610.1,606322861902.52
600276,2021-01-07,114.86,115.0,115.0,111.8,32927605.0,0.0062,3720602700.0,5672.87,613147459715.0
600276,2021-01-08,115.12,113.22,116.87,112.15,30767605.0,0.0058,3499188300.0,5585.58,603657003382.02
600276,2021-01-11,112.32,111.3,114.15,110.0,27201138.0,0.0051,3055535900.0000005,5491.43,593420106663.3
600276,2021-01-12,111.29,114.1,114.52,110.0,28638790.999999996,0.0054,3236967900.0,5628.74,608348914378.1
600276,2021-01-13,114.01,112.57,114.49,111.62,23771906.0,0.0045000000000000005,2677656700.0,5553.71,600191387305.37
600276,2021-01-14,112.57,110.18,112.93,108.6,30041617.0,0.005699999999999999,3321158500.0,5436.51,587448583577.38
600276,2021-01-15,111.5,109.83,111.5,108.01,24707098.0,0.004699999999999999,2712379699.9999995,5419.35,585582482613.03
600276,2021-01-18,109.03,107.83,110.34,107.39,23513196.0,0.0044,2543706300.0,5321.27,574919048531.03
600276,2021-01-19,108.5,104.95,108.5,104.28,34814227.0,0.0066,3676873500.0,5180.05,559563703452.95
600276,2021-01-20,105.9,105.97,107.53,105.0,30502727.0,0.0058,3235274900.0,5230.07,565002054834.77
600276,2021-01-21,106.0,108.15,108.8,105.38,38293455.0,0.0072,4101405900.0000005,5336.97,576625197984.15
600276,2021-01-22,107.96,112.6,113.0,107.11,41130799.0,0.0078000000000000005,4580183800.0,5555.18,600351338816.6
600276,2021-01-25,112.78,111.45,113.63,109.5,38794449.0,0.0073,4327402200.0,5498.79,594219864219.45
600276,2021-01-26,110.55,107.0,111.28,106.75,33976100.0,0.0064,3679207500.0,5280.57,570493723387.0
600276,2021-01-27,107.7,106.62,108.18,105.5,23027045.0,0.0043,2461916700.0,5261.94,568467670911.42
600276,2021-01-28,106.55,104.66,107.99,103.38,28273748.0,0.0053,2965224300.0,5165.83,558017505511.06
600276,2021-01-29,104.25,103.76,105.12,101.01,32727553.000000004,0.0062,3368922600.0,5121.69,553218960174.16
600276,2021-02-01,102.46,102.55,104.09,101.0,25076609.0,0.004699999999999999,2572231400.0,5062.36,546767582554.55
600276,2021-02-02,103.71,106.0,107.0,102.05,31194628.000000004,0.0059,3291860700.0,5231.54,565162006346.0
600276,2021-02-03,105.94,105.0,106.95,104.52,21573569.0,0.0040999999999999995,2279849000.0,5182.5,559830289305.0
600276,2021-02-04,104.0,102.8,104.4,101.51,28548211.0,0.0054,2932116100.0,5074.62,548100511814.8
600276,2021-02-05,103.95,107.3,108.29,102.5,38071174.0,0.0072,4059241100.0,5295.29,572093238499.3
600276,2021-02-08,107.31,106.28,109.35,105.85,37346791.0,0.006999999999999999,4011442100.0,5245.27,566654887117.48
600276,2021-02-09,107.75,109.74,110.82,105.8,34134561.0,0.0064,3712038200.0,5414.94,585102628079.34
600276,2021-02-10,109.2,109.2,110.75,107.12,34364524.0,0.006500000000000001,3755577100.0,5388.46,582223500877.2
600276,2021-02-18,111.4,104.9,111.4,104.5,45041564.0,0.0085,4802022700.0,5177.6,559297117600.9
600276,2021-02-19,104.57,105.16,105.78,102.81,28656349.0,0.0054,2988179699.9999995,5190.35,560683364031.56
600276,2021-02-22,106.4,100.01,106.4,100.0,45626045.0,0.0086,4647867300.0,4937.81,533225021270.41
600276,2021-02-23,99.34,100.7,101.96,99.0,25488864.0,0.0048,2561642200.0,4971.64,536903906028.7
600276,2021-02-24,100.99,99.7,101.0,98.6,31780663.0,0.006,3169255800.0,4922.61,531572188987.7
600276,2021-02-25,100.0,101.05,102.24,99.15,31609719.0,0.006,3175504099.9999995,4988.8,538770006993.05
600276,2021-02-26,99.01,101.8,103.66,99.01,34996366.0,0.0066,3573877100.0,5025.58,542768794773.8
600276,2021-03-01,102.8,100.31,102.8,99.31,30533938.0,0.0058,3058360100.0,4952.52,534824536382.71
600276,2021-03-02,100.31,98.35,100.81,97.5,30420574.0,0.005699999999999999,3009376800.0,4856.41,524374370982.35
600276,2021-03-03,98.5,101.35,101.48,97.54,26463184.000000004,0.005,2649105200.0,5003.52,540369522105.35
600276,2021-03-04,100.18,100.5,101.35,98.59,25083124.0,0.004699999999999999,2509954500.0,4961.83,535837562620.5
600276,2021-03-05,98.52,100.3,101.13,98.49,22836325.0,0.0043,2277798400.0,4952.03,534771219212.3
600276,2021-03-08,100.71,92.12,101.55,91.7,46204335.0,0.0087,4407903300.0,4550.91,491157773816.92
600276,2021-03-09,92.88,91.78,94.69,89.39,42965618.0,0.008100000000000001,3970887700.0,4534.23,489344990022.98
600276,2021-03-10,93.99,93.4,94.53,92.54,24213415.0,0.0046,2265100200.0,4613.67,497982371629.4
600276,2021-03-11,93.99,93.48,94.88,92.5,27251640.999999996,0.0051,2554052800.0,4617.6,498408908992.68
600276,2021-03-12,94.5,92.19,95.3,91.58,22917855.0,0.0043,2127934300.0,4554.34,491530994009.79
600276,2021-03-15,91.13,89.59,92.05,88.57,30124408.0,0.005699999999999999,2702707000.0,4426.84,477668529703.19
600276,2021-03-16,90.5,89.19,90.78,88.1,24041967.0,0.0045000000000000005,2142583599.9999998,4407.23,475535842886.79
600276,2021-03-17,89.2,88.62,89.76,87.58,25086337.0,0.004699999999999999,2221734400.0,4379.28,472496764173.42
600276,2021-03-18,89.01,89.21,90.49,88.3,31112751.0,0.0059,2776569699.9999995,4408.21,475642477227.61
600276,2021-03-19,88.0,88.05,88.94,87.2,22450145.0,0.0042,1979612700.0,4351.33,469457685460.05
600276,2021-03-22,88.05,88.11,90.29,87.6,25482696.0,0.0048,2255795600.0,4354.27,469777588482.51
600276,2021-03-23,87.06,87.65,88.45,87.01,24346543.0,0.0046,2130891300.0,4331.71,467324998643.65
600276,2021-03-24,87.65,86.52,88.2,85.75,20113520.0,0.0038,1747979600.0,4276.3,461300158387.32
600276,2021-03-25,85.7,87.23,87.87,85.09,21735235.0,0.0040999999999999995,1886763599.9999998,4311.12,465085677486.43
600276,2021-03-26,87.59,91.22,92.1,87.39,37823439.0,0.0070999999999999995,3422124900.0,4506.77,486359228480.02
600276,2021-03-29,91.3,90.53,91.9,90.13,24964210.0,0.004699999999999999,2272148800.0,4472.94,482680343721.73
600276,2021-03-30,90.36,93.6,93.68,90.0,29635571.000000004,0.005600000000000001,2732047800.0000005,4623.48,499048715037.6
600276,2021-03-31,93.21,92.09,93.21,91.01,18805139.0,0.0034999999999999996,1730748800.0,4549.43,490997822305.69
600276,2021-04-01,91.6,93.85,94.5,91.6,19276029.0,0.0036,1807448000.0,4635.74,500381644297.85
600276,2021-04-02,94.0,92.68,94.84,91.88,19798510.0,0.0037,1840689800.0,4578.37,494143535359.88
600276,2021-04-06,92.4,90.9,92.43,90.66,16978496.0,0.0032,1546041600.0,4491.08,484653079026.9
600276,2021-04-07,91.2,90.68,91.3,89.74,16907148.0,0.0032,1524879300.0,4480.29,483480101277.88
600276,2021-04-08,90.3,92.44,92.85,89.7,18476140.0,0.0034999999999999996,1697072600.0,4566.6,492863923270.04
600276,2021-04-09,93.0,91.2,93.2,90.5,17988909.0,0.0034000000000000002,1640481200.0,4505.79,486252594139.2
600276,2021-04-12,90.85,89.53,91.98,88.88,21344389.0,0.004,1919193000.0,4423.9,477348626680.73
600276,2021-04-13,89.39,88.98,90.3,87.66,22380889.0,0.0042,1988503400.0,4396.93,474416182308.18
600276,2021-04-14,89.45,85.52,89.45,82.22,92249094.0,0.0174,7812080600.000001,4227.26,455968441346.32
600276,2021-04-15,84.52,82.18,84.58,82.06,59868382.99999999,0.0113,4973531400.0,4063.48,438160506429.38
600276,2021-04-16,82.35,80.62,82.35,79.31,52880631.99999999,0.01,4248106000.0,3986.98,429843027845.42
600276,2021-04-19,80.7,82.09,82.21,79.5,52961773.0,0.01,4297304600.0,4059.07,437680651895.69
600276,2021-04-20,81.89,80.31,81.89,79.4,74240523.0,0.013999999999999999,5955990600.000001,3971.78,428190195562.71
600276,2021-04-21,80.19,83.18,83.36,79.61,68809652.0,0.013000000000000001,5641888400.0,4112.52,443492223470.38
600276,2021-04-22,82.68,82.2,82.9,81.8,36850361.0,0.0069,3026890500.0,4064.46,438267140770.2
600276,2021-04-23,82.9,83.0,83.98,82.0,46863794.0,0.0088,3890314500.0,4103.69,442532514403.0
600276,2021-04-26,83.18,81.52,84.57,81.38,54247271.0,0.0102,4504099700.0,4031.12,434641573182.32
600276,2021-04-27,81.54,83.05,83.18,80.85,33601174.0,0.0063,2772491300.0,4106.14,442799100255.05
600276,2021-04-28,83.1,82.86,83.38,81.9,27164736.0,0.0051,2237534300.0,4096.82,441786074017.26
600276,2021-04-29,82.99,82.35,83.1,81.8,31753562.0,0.006,2613343000.0,4071.82,439066898326.35
600276,2021-04-30,83.0,84.1,85.3,82.41,51336941.0,0.0097,4313993000.0,4157.63,448397403148.1
600276,2021-05-06,84.1,82.12,85.3,82.01,42144800.0,0.0079,3516693100.0,4060.54,437840603406.92
600276,2021-05-07,82.12,79.99,82.35,79.99,37105386.0,0.006999999999999999,2992772700.0,3956.09,426484046109.59
600276,2021-05-10,79.9,80.33,80.88,78.01,25316123.0,0.0048,2018887200.0,3972.76,428296829903.53
600276,2021-05-11,79.5,83.71,83.8,79.35,38798673.0,0.0073,3187696900.0,4138.51,446318033502.11
600276,2021-05-12,83.63,83.18,83.94,82.5,24346250.0,0.0046,2023942800.0,4112.52,443492223470.38
600276,2021-05-13,82.62,81.73,82.91,81.13,24759101.0,0.004699999999999999,2022298800.0,4041.41,435761233760.93
600276,2021-05-14,82.31,83.83,84.2,81.41,34737829.0,0.006500000000000001,2898254800.0,4144.39,446957839547.03
600276,2021-05-17,84.4,85.38,86.65,84.36,35822871.0,0.0068000000000000005,3070196400.0,4220.4,455222000960.58
600276,2021-05-18,85.4,85.73,86.34,84.54,19155165.0,0.0036,1634106500.0,4237.56,457088101924.93
600276,2021-05-19,85.7,85.05,85.7,84.5,16714716.0,0.0032,1419469500.0,4204.22,453462534337.05
600276,2021-05-20,85.17,83.71,85.34,83.3,34717475.0,0.006500000000000001,2914466300.0,4138.51,446318033502.11
600276,2021-05-21,84.05,82.17,85.25,82.0,36626620.0,0.0069,3052830900.0000005,4062.99,438107189258.97
600276,2021-05-24,81.91,83.36,83.36,80.9,27943478.000000004,0.0053,2294658800.0,4121.34,444451932537.76
600276,2021-05-25,83.35,86.25,86.66,83.25,46445680.0,0.0088,3960893300.0,4263.06,459860594786.25
600276,2021-05-26,87.08,86.29,87.47,85.63,41748843.0,0.0079,3603633100.0,4265.02,460073863467.89
600276,2021-05-27,85.96,86.31,86.9,85.14,32636750.0,0.0062,2808456400.0,4266.0,460138575919.68
600276,2021-05-28,86.89,85.85,87.32,85.26,32128405.0,0.0060999999999999995,2769742199.9999995,4243.44,457686209508.8
600276,2021-05-31,85.7,86.3,86.38,85.01,25953725.0,0.0049,2225081400.0,4265.51,460085263606.4
600276,2021-06-01,86.39,87.47,87.5,85.6,39253826.0,0.0074,3406034200.0,4322.88,466322804260.16
600276,2021-06-02,87.51,84.36,87.75,83.6,52429871.0,0.009899999999999999,4456483900.0,4170.38,449742674830.08
600276,2021-06-03,83.53,82.58,83.9,82.56,41410338.0,0.0078000000000000005,3441142199.9999995,4083.09,440253083066.24
600276,2021-06-04,82.07,82.65,83.49,81.69,33478119.0,0.0063,2765748600.0,4086.53,440626269259.2
600276,2021-06-07,82.5,82.44,82.53,81.25,25301113.0,0.0048,2070589200.0000002,4076.23,439506710680.32
600276,2021-06-08,82.85,82.98,84.33,82.61,29782918.0,0.005600000000000001,2480664100.0,4102.71,442385575597.44
600276,2021-06-09,83.09,84.15,84.5,83.09,25659093.0,0.0048,2156957800.0,4160.08,448623116251.2
600276,2021-06-10,71.01,73.0,75.46,70.12,61779044.99999999,0.0097,4544921900.0,4339.07,467015864362.0
600276,2021-06-11,73.1,72.96,73.45,71.1,44820874.0,0.006999999999999999,3227502800.0000005,4336.71,466759965258.24
600276,2021-06-15,72.96,71.88,74.15,71.55,43843803.0,0.0069,3177815800.0,4273.16,459850689456.72
600276,2021-06-16,71.88,70.81,72.4,70.5,28037761.0,0.0044,1991163800.0,4210.2,453005388431.14
600276,2021-06-17,70.84,71.15,71.29,70.16,23354801.0,0.0037,1653726300.0,4230.2,455180530813.1
600276,2021-06-18,71.5,71.44,72.45,70.83,31060655.0,0.0049,2222493300.0,4247.27,457035799315.36
600276,2021-06-21,71.2,69.51,71.2,69.11,45286231.0,0.0070999999999999995,3169713400.0000005,4133.7,444688667558.94
600276,2021-06-22,69.51,70.48,70.49,69.0,43612983.0,0.0068000000000000005,3040863600.0,4190.78,450894220825.12
600276,2021-06-23,70.57,71.15,72.46,70.55,57215568.99999999,0.009000000000000001,4081587100.0,4230.2,455180530813.1
600276,2021-06-24,69.99,68.0,69.99,67.87,77212794.0,0.0121,5274271899.999999,4044.85,435028476392.0
600276,2021-06-25,67.67,68.06,68.44,66.98,53724003.0,0.0084,3623945400.0,4048.38,435412325047.64
600276,2021-06-28,68.06,68.6,68.6,67.5,41106770.0,0.006500000000000001,2796214000.0,4080.15,438866962948.4
600276,2021-06-29,68.61,68.2,68.82,67.81,30062702.0,0.004699999999999999,2052623700.0,4056.61,436307971910.8
600276,2021-06-30,68.25,67.97,68.7,67.9,26682514.0,0.0042,1817637500.0,4043.08,434836552064.18
600276,2021-07-01,68.0,69.69,70.8,67.75,49410176.0,0.0078000000000000005,3416187500.0,4144.29,445840213525.86
600276,2021-07-02,69.03,66.91,69.29,66.85,53131555.00000001,0.0083,3589629300.0,3980.71,428055225814.54
600276,2021-07-05,66.66,62.95,66.66,62.32,79501891.0,0.0125,5093697100.0,3747.68,402721214542.3
600276,2021-07-06,62.6,62.06,62.6,60.83,65591779.0,0.0103,4031806400.0,3695.31,397027459483.64
600276,2021-07-07,62.29,62.45,63.49,62.26,42130978.0,0.0066,2645435600.0,3718.26,399522475745.3
600276,2021-07-08,62.46,61.37,62.88,61.17,37669299.0,0.0059,2325416000.0,3654.71,392613199943.78
600276,2021-07-09,61.02,62.1,62.32,60.9,31713965.000000004,0.005,1956917100.0,3697.66,397283358587.4
600276,2021-07-12,63.5,63.12,64.5,62.99,59986694.99999999,0.009399999999999999,3823509600.0,3757.69,403808785733.28
600276,2021-07-13,63.12,61.94,63.41,61.76,38145468.0,0.006,2377792700.0,3688.25,396259762172.36
600276,2021-07-14,61.7,60.11,61.8,60.0,67679871.0,0.0106,4079611599.9999995,3580.56,384552378175.34
600276,2021-07-15,59.8,60.27,60.29,58.38,64806122.0,0.0102,3835157900.0,3589.98,385575974590.38
600276,2021-07-16,60.27,60.1,60.27,59.0,45006736.0,0.0070999999999999995,2675282700.0,3579.98,384488403399.4
600276,2021-07-19,59.84,60.96,61.0,59.01,50233330.0,0.0079,3006391900.0,3630.58,389990234130.24
600276,2021-07-20,60.85,63.18,63.18,60.5,79808081.0,0.0125,4984495000.0,3761.22,404192634388.92
600276,2021-07-21,64.0,62.98,64.47,62.66,55457124.0,0.0087,3519441500.0,3749.45,402913138870.12
600276,2021-07-22,62.96,61.28,62.96,61.27,47000640.0,0.0074,2899861900.0,3649.41,392037426960.32
600276,2021-07-23,61.19,61.49,61.85,60.23,36112011.0,0.005699999999999999,2206411100.0,3661.77,393380897255.06
600276,2021-07-26,61.3,59.22,61.3,58.59,46401001.0,0.0073,2770651200.0,3528.19,378858623116.68
600276,2021-07-27,59.21,54.5,59.58,54.11,81094644.0,0.0127,4581066000.0,3250.45,348662528873.0
600276,2021-07-28,53.97,55.91,56.27,53.6,52392023.0,0.008199999999999999,2891590700.0,3333.42,357682972280.54
600276,2021-07-29,57.6,55.11,57.9,54.67,53012506.99999999,0.0083,2953856800.0,3286.34,352564990205.34
600276,2021-07-30,54.58,54.38,54.88,53.0,48423569.0,0.0076,2613309600.0,3243.39,347894831561.72
600276,2021-08-02,53.98,55.25,56.25,52.25,60414094.99999999,0.0095,3276024099.9999995,3294.58,353460637068.5
600276,2021-08-03,55.11,57.4,57.4,54.6,54998221.0,0.0086,3100529800.0,3421.1,367215213895.6
600276,2021-08-04,57.6,56.33,57.77,55.8,47326782.0,0.0074,2662303100.0,3358.13,360369912870.02
600276,2021-08-05,56.34,55.8,57.48,55.49,38578877.0,0.0060999999999999995,2183301500.0,3326.95,356979249745.2
600276,2021-08-06,55.5,54.8,55.54,54.28,34743825.0,0.0055000000000000005,1898761300.0,3268.1,350581772151.2
600276,2021-08-09,54.5,56.92,57.92,54.26,53900047.0,0.0085,3048950700.0,3392.85,364144424650.48
600276,2021-08-10,57.09,57.74,57.8,55.74,56306094.99999999,0.0088,3200866100.0,3441.1,369390356277.56
600276,2021-08-11,57.2,56.89,58.37,56.77,39412559.0,0.0062,2257552000.0,3391.09,363952500322.66
600276,2021-08-12,56.53,55.8,57.67,55.62,40083644.0,0.0063,2260258000.0,3326.95,356979249745.2
600276,2021-08-13,55.56,56.53,56.65,55.28,33859164.0,0.0053,1904307300.0,3369.9,361649408388.82
600276,2021-08-16,56.53,56.47,57.1,56.05,25064484.0,0.0039000000000000003,1418005600.0,3366.37,361265559733.18
600276,2021-08-17,56.2,54.75,56.43,54.65,36297864.0,0.005699999999999999,2010145900.0,3265.16,350261898271.5
600276,2021-08-18,54.82,54.99,55.21,53.76,33002061.0,0.0052,1799750700.0,3279.28,351797292894.06
600276,2021-08-19,54.66,53.84,55.46,53.78,33210109.999999996,0.0052,1808649300.0,3211.61,344440193660.96
600276,2021-08-20,50.0,48.46,50.32,48.46,140676443.0,0.022099999999999998,6858016600.0,2895.03,310021764205.24
600276,2021-08-23,47.55,47.18,48.2,45.5,134200961.00000001,0.021099999999999997,6276592800.0,2819.71,301832992884.92
600276,2021-08-24,46.91,47.2,48.16,46.1,97395100.0,0.015300000000000001,4578425400.0,2820.89,301960942436.8
600276,2021-08-25,47.21,47.41,48.11,46.71,63107053.0,0.009899999999999999,2990920400.0,2833.24,303304412731.54
600276,2021-08-26,47.01,45.31,47.1,45.25,80436521.0,0.0126,3686107700.0,2709.67,289869709784.14
600276,2021-08-27,45.5,46.05,46.9,45.49,53830431.99999999,0.0085,2486358700.0,2753.21,294603843203.7
600276,2021-08-30,45.82,45.6,46.28,45.26,44456861.0,0.006999999999999999,2025406900.0,2726.73,291724978286.4
600276,2021-08-31,45.45,45.2,46.14,44.33,49574185.0,0.0078000000000000005,2237371900.0,2703.2,289165987248.8
600276,2021-09-01,45.4,46.59,47.2,44.92,73127061.0,0.0115,3380043300.0,2784.99,298058481104.46
600276,2021-09-02,46.6,45.86,46.6,45.5,46575210.0,0.0073,2135153599.9999998,2742.03,293388322460.84
600276,2021-09-03,45.32,46.1,46.84,45.05,46235755.0,0.0073,2132747700.0,2756.16,294923717083.4
600276,2021-09-06,46.19,48.1,48.89,46.19,86663569.0,0.013600000000000001,4132165400.0,2873.85,307718672271.4
600276,2021-09-07,48.1,48.08,48.33,47.18,48897172.0,0.0077,2333419100.0,2872.67,307590722719.52
600276,2021-09-08,48.08,47.75,48.32,47.6,33106871.000000004,0.0052,1584289700.0,2853.25,305479555113.5
600276,2021-09-09,47.72,47.44,48.16,47.3,30166033.0,0.004699999999999999,1435010700.0,2835.01,303496337059.36
600276,2021-09-10,47.4,47.45,47.95,47.09,33788585.0,0.0053,1602166099.9999998,2835.6,303560311835.3
600276,2021-09-13,47.45,46.75,47.94,46.5,40587103.0,0.0064,1912968200.0,2794.41,299082077519.5
600276,2021-09-14,46.77,46.8,47.52,46.73,48735457.0,0.0077,2293151100.0,2797.35,299401951399.2
600276,2021-09-15,46.68,45.72,46.71,45.5,44832955.0,0.006999999999999999,2056689100.0,2733.8,292492675597.68
600276,2021-09-16,45.9,46.15,46.45,45.38,55890581.00000001,0.0088,2563361900.0,2759.1,295243590963.1
600276,2021-09-17,45.83,46.95,47.6,45.7,63532750.0,0.01,2968608400.0000005,2806.17,300361573038.3
600276,2021-09-22,46.95,47.9,48.15,46.61,58051309.0,0.0091,2758986300.0,2862.08,306439176752.6
600276,2021-09-23,48.0,47.79,48.79,47.28,58686781.00000001,0.0092,2817437500.0,2855.6,305735454217.26
600276,2021-09-24,47.7,49.8,50.1,47.55,92719699.0,0.0146,4591907100.0,2973.88,318594384181.2
600276,2021-09-27,49.84,50.75,52.16,49.2,88159053.0,0.0138,4483165500.0,3029.78,324671987895.5
600276,2021-09-28,51.5,50.39,51.5,49.33,54276640.0,0.0085,2718214300.0,3008.6,322368895961.66
600276,2021-09-29,49.9,49.92,50.44,48.76,48439125.0,0.0076,2403983200.0,2980.94,319362081492.48
600276,2021-09-30,49.94,50.23,50.63,49.44,41122129.0,0.006500000000000001,2066473100.0,2999.18,321345299546.62
600276,2021-10-08,50.86,54.19,54.72,50.08,112430883.0,0.0177,5960888400.0,3232.21,346679310818.86
600276,2021-10-11,54.19,53.61,55.54,53.01,73990926.0,0.0116,3991927800.0000005,3198.08,342968773814.34
600276,2021-10-12,53.75,53.8,54.7,53.1,54972050.0,0.0086,2964962199.9999995,3209.26,344184294557.2
600276,2021-10-13,53.55,52.95,53.55,51.55,60765613.0,0.0095,3188382900.0,3159.24,338746438602.3
600276,2021-10-14,52.45,51.06,52.69,51.06,56168507.99999999,0.0088,2894632500.0,3048.02,326655205949.64
600276,2021-10-15,50.4,50.05,51.37,49.74,56981151.0,0.0089,2873134500.0,2988.59,320193753579.7
600276,2021-10-18,49.74,49.1,50.0,48.53,51512546.0,0.008100000000000001,2522939200.0,2932.69,314116149865.4
600276,2021-10-19,48.74,49.61,50.74,48.66,52117489.0,0.008199999999999999,2600860200.0,2962.7,317378863438.34
600276,2021-10-20,49.0,51.58,51.89,47.8,96591664.0,0.0152,4832594900.0,3078.62,329981894298.52
600276,2021-10-21,50.96,50.5,51.32,50.37,43741124.0,0.0069,2217575700.0,3015.07,323072618497.0
600276,2021-10-22,50.61,51.3,51.86,50.41,46196186.0,0.0073,2366555900.0,3062.15,328190600572.2
600276,2021-10-25,51.0,51.21,52.3,50.8,45992167.0,0.0072,2365503000.0,3056.85,327614827588.74
600276,2021-10-26,51.26,49.4,51.39,49.4,63857331.99999999,0.01,3191722700.0,2950.34,316035393143.6
600276,2021-10-27,49.3,49.06,49.87,48.68,34107124.0,0.0053,1679520600.0,2930.34,313860250761.64
600276,2021-10-28,48.56,48.76,50.15,48.48,44555441.0,0.006999999999999999,2192740600.0,2912.68,311941007483.44
600276,2021-10-29,48.5,49.24,49.88,48.5,42747645.0,0.0067,2109798500.0,2940.93,315011796728.56
600276,2021-11-01,49.02,49.8,50.1,48.55,48770163.0,0.0076,2405114000.0,2973.88,318594384181.2
600276,2021-11-02,49.51,48.5,50.28,48.0,48022525.0,0.0075,2360199300.0,2897.38,310277663309.0
600276,2021-11-03,48.51,49.12,50.18,48.51,41553719.0,0.006500000000000001,2050267700.0,2933.87,314244099417.28
600276,2021-11-04,49.25,51.21,51.8,49.0,82335021.0,0.0129,4189625800.0,3056.85,327614827588.74
600276,2021-11-05,51.25,51.81,53.68,51.22,92066228.0,0.0144,4838454300.0,3092.16,331453314145.14
600276,2021-11-08,52.0,49.62,52.23,49.5,82690286.0,0.013000000000000001,4150966599.9999995,2963.29,317442838214.28
600276,2021-11-09,49.68,49.81,50.38,49.5,37359483.0,0.0059,1865246500.0,2974.47,318658358957.14
600276,2021-11-10,49.81,53.73,54.5,49.7,137161202.0,0.0215,7216853500.0,3205.14,343736471125.62
600276,2021-11-11,53.5,53.0,53.79,52.56,77586965.0,0.012199999999999999,4111710400.0,3162.18,339066312482.0
600276,2021-11-12,53.05,52.55,53.45,52.01,44342847.0,0.006999999999999999,2336050900.0,3135.7,336187447564.7
600276,2021-11-15,52.57,53.37,53.95,52.39,59007205.00000001,0.009300000000000001,3142645500.0,3183.95,341433379191.78
600276,2021-11-16,53.4,54.35,54.97,53.37,67674990.0,0.0106,3675390100.0,3241.62,347702907233.9
600276,2021-11-17,54.5,53.92,55.15,53.78,52225240.0,0.008199999999999999,2832198100.0,3216.32,344951991868.48
600276,2021-11-18,53.5,51.78,53.58,51.6,69615884.0,0.0109,3631499000.0,3090.39,331261389817.32
600276,2021-11-19,51.32,51.99,52.22,51.24,36658638.0,0.005699999999999999,1898746300.0,3102.75,332604860112.06
600276,2021-11-22,52.59,52.02,53.17,51.85,43102616.0,0.0068000000000000005,2252992600.0,3104.51,332796784439.88
600276,2021-11-23,51.81,52.08,52.45,51.61,29804426.0,0.004699999999999999,1547513000.0,3108.05,333180633095.52
600276,2021-11-24,51.95,51.88,52.2,51.5,30130630.0,0.004699999999999999,1562921099.9999998,3096.28,331901137576.72
600276,2021-11-25,51.9,52.99,53.1,51.63,47393926.0,0.0074,2488862300.0,3161.59,339002337706.06
600276,2021-11-26,53.18,52.35,53.2,52.25,42166255.0,0.0066,2219333900.0,3123.93,334907952045.9
600276,2021-11-29,52.38,51.09,53.19,50.83,56636356.99999999,0.0089,2926758500.0,3049.79,326847130277.46
600276,2021-11-30,50.65,50.17,51.1,50.06,48299412.0,0.0076,2432124900.0,2995.65,320961450890.98
600276,2021-12-01,50.18,50.5,50.65,49.71,32040992.0,0.005,1608598500.0,3015.07,323072618497.0
600276,2021-12-02,49.93,49.06,49.93,49.02,52400722.0,0.008199999999999999,2587430800.0,2930.34,313860250761.64
600276,2021-12-03,49.03,49.2,49.42,48.88,38878252.0,0.0060999999999999995,1906744500.0,2938.57,314755897624.8
600276,2021-12-06,49.2,49.28,49.8,49.19,36211477.0,0.005699999999999999,1790176200.0,2943.28,315267695832.32
600276,2021-12-07,49.68,50.18,50.28,49.29,41526486.0,0.006500000000000001,2072751900.0,2996.24,321025425666.92
600276,2021-12-08,50.19,50.36,50.38,49.4,33428958.0,0.0052,1672764800.0,3006.83,322103159989.04
600276,2021-12-09,50.4,51.39,51.61,50.01,57603892.00000001,0.009000000000000001,2943428300.0,3067.44,328691052260.46
600276,2021-12-10,51.01,51.26,51.68,50.91,39611804.0,0.0062,2026831800.0,3059.79,327859570711.64
600276,2021-12-13,51.49,51.0,52.0,50.88,44410587.0,0.006999999999999999,2282691500.0,3044.49,326196607614.0
600276,2021-12-14,50.65,51.0,51.48,50.62,30930105.0,0.0048,1579648100.0,3044.49,326196607614.0
600276,2021-12-15,50.67,50.0,51.0,49.56,42367271.0,0.0066,2128092500.0,2985.65,319800595700.0
600276,2021-12-16,49.7,50.23,50.3,49.33,31714684.999999996,0.005,1584599500.0,2999.18,321271678440.22
600276,2021-12-17,50.28,49.78,50.49,49.78,26485999.0,0.0042,1324231800.0,2972.7,318393473078.92
600276,2021-12-20,49.45,49.88,50.45,49.36,25147077.0,0.0039000000000000003,1256799900.0,2978.59,319033074270.32
600276,2021-12-21,49.47,50.04,50.18,49.46,22340217.0,0.0034999999999999996,1117217000.0,2988.0,320056436176.56
600276,2021-12-22,50.0,49.66,50.09,49.56,25101230.0,0.0039000000000000003,1249818900.0,2965.64,317625951649.24
600276,2021-12-23,49.71,49.41,49.9,49.2,25486648.0,0.004,1261839100.0,2950.93,316026948670.74
600276,2021-12-24,49.3,50.12,50.33,49.25,33045803.000000004,0.0052,1650578700.0,2992.71,320568117129.68
600276,2021-12-27,50.12,50.41,50.5,49.9,26823576.0,0.0042,1345667400.0,3009.78,322422960584.74
600276,2021-12-28,50.41,50.17,50.77,49.92,27750953.000000004,0.0044,1392384200.0000002,2995.65,320887917725.38
600276,2021-12-29,50.17,49.72,50.17,49.63,21495080.0,0.0034000000000000002,1070424600.0000001,2969.17,318009712364.08
600276,2021-12-30,49.74,50.01,50.46,49.43,28588126.0,0.0045000000000000005,1428754200.0000002,2986.24,319864555819.14
600276,2021-12-31,50.2,50.71,50.98,49.99,37903619.0,0.0059,1916624400.0,3027.43,324341764158.94
600276,2022-01-04,50.78,50.39,50.96,49.84,37558099.0,0.0059,1888484300.0,3008.6,322295040346.46
600276,2022-01-05,50.34,50.92,51.52,49.89,46626520.0,0.0073,2364178400.0,3039.79,325684926660.88
600276,2022-01-06,50.93,50.11,51.48,50.0,44394613.0,0.006999999999999999,2237642600.0,2992.12,320504157010.54
600276,2022-01-07,50.12,50.88,51.48,49.81,48377382.0,0.0076,2458510200.0,3037.43,325429086184.32
600276,2022-01-10,50.9,51.12,51.48,50.2,39354201.0,0.0062,2007381500.0,3051.55,326964129043.68
600276,2022-01-11,50.61,50.18,50.8,50.01,37017198.0,0.0058,1864009300.0,2996.24,320951877844.52
600276,2022-01-12,50.23,49.59,50.4,49.46,51661589.0,0.008100000000000001,2571709600.0,2961.52,317178230815.26
600276,2022-01-13,49.49,47.48,49.57,47.01,91049534.0,0.0143,4386484300.0,2837.36,303682645676.72
600276,2022-01-14,47.0,46.65,47.43,46.58,49316842.0,0.0077,2312333400.0,2788.52,298373955788.1
600276,2022-01-17,46.66,46.41,46.88,46.06,39411435.0,0.0062,1823738299.9999998,2774.4,296838912928.74
600276,2022-01-18,46.41,46.21,46.5,46.0,35422094.0,0.005600000000000001,1635215799.9999998,2762.63,295559710545.94
600276,2022-01-19,46.1,45.73,46.38,45.29,41324758.0,0.006500000000000001,1896409300.0,2734.38,292489624827.22
600276,2022-01-20,45.65,45.69,46.1,45.58,35022531.0,0.0055000000000000005,1602248299.9999998,2732.03,292233784350.66
600276,2022-01-21,45.7,44.94,45.88,44.5,44690111.0,0.006999999999999999,2006159100.0,2687.9,287436775415.16
600276,2022-01-24,44.5,43.29,44.93,43.28,64881390.0,0.0102,2842696800.0,2590.8,276883355757.06
600276,2022-01-25,43.1,42.82,43.78,42.67,40394976.0,0.0063,1745560700.0,2563.15,273877230157.48
600276,2022-01-26,43.14,42.09,43.28,42.04,37931518.0,0.0059,1612771200.0,2520.19,269208141460.26
600276,2022-01-27,42.09,41.09,42.27,41.01,46565830.0,0.0073,1935136800.0,2461.35,262812129546.26
600276,2022-01-28,41.09,40.95,41.55,40.88,34936921.0,0.0055000000000000005,1440188000.0,2453.11,261916687878.3
600276,2022-02-07,41.46,41.14,41.65,41.03,31371384.000000004,0.0049,1296168800.0,2464.29,263131930141.96
600276,2022-02-08,41.14,41.72,41.77,40.7,31068155.0,0.0049,1283466100.0,2498.42,266841617052.08
600276,2022-02-09,41.7,42.01,42.14,41.58,32053783.0,0.005,1342822000.0,2515.48,268696460507.14
600276,2022-02-10,42.11,41.57,42.11,41.34,25644223.0,0.004,1067112300.0,2489.59,265882215264.98
600276,2022-02-11,41.35,41.26,41.5,40.58,37166244.0,0.0058,1526796400.0000002,2471.35,263899451571.64
600276,2022-02-14,41.0,39.75,41.22,39.7,53708185.0,0.0084,2162387200.0,2382.5,254241473581.5
600276,2022-02-15,39.75,41.2,41.36,39.6,64533024.0,0.0101,2630811800.0,2467.82,263515690856.8
600276,2022-02-16,41.0,40.57,41.08,40.4,48305457.0,0.0076,1962479500.0,2430.75,259486203350.98
600276,2022-02-17,40.58,40.61,40.87,40.41,27164921.000000004,0.0043,1104068000.0,2433.1,259051282347.14
600276,2022-02-18,40.21,40.96,41.08,40.04,32142190.000000004,0.005,1307024500.0,2453.7,261283933143.04
600276,2022-02-21,40.8,40.93,41.15,40.6,25357956.0,0.004,1035019800.0,2451.93,261092563074.82
600276,2022-02-22,40.93,40.11,40.93,40.01,32138659.999999996,0.005,1291738300.0,2403.68,255861781210.14
600276,2022-02-23,40.25,40.9,40.94,40.18,33611766.0,0.0053,1365148900.0000002,2450.17,260901193006.6
600276,2022-02-24,40.67,39.68,40.74,39.33,55965818.99999999,0.0088,2238371800.0,2378.38,253118810232.32
600276,2022-02-25,39.89,40.11,41.18,39.87,53627856.99999999,0.0084,2166885500.0,2403.68,255861781210.14
600276,2022-02-28,40.12,40.08,40.44,39.8,31926340.000000004,0.005,1279675400.0,2401.91,255670411141.92
600276,2022-03-01,40.08,41.06,41.29,40.08,54467042.00000001,0.0085,2225294400.0,2459.58,261921833370.44
600276,2022-03-02,40.83,40.61,40.83,40.42,27758955.0,0.0044,1125487400.0,2433.1,259051282347.14
600276,2022-03-03,40.77,40.15,40.85,40.1,28509153.000000004,0.0045000000000000005,1148449800.0,2406.03,256116941301.1
600276,2022-03-04,39.8,39.78,40.33,39.51,32260730.0,0.0051,1285642400.0,2384.26,253756710459.72
600276,2022-03-07,39.4,37.55,39.5,37.46,69311821.0,0.0109,2630507600.0,2253.04,239531535388.7
600276,2022-03-08,37.63,36.68,37.85,36.51,47570733.0,0.0075,1766240400.0,2201.84,233981803410.32
600276,2022-03-09,36.8,36.04,37.04,34.7,55880042.00000001,0.0088,2008901500.0,2164.18,229899241954.96
600276,2022-03-10,36.8,36.17,37.1,36.1,45915501.0,0.0072,1677358400.0,2171.83,230728512250.58
600276,2022-03-11,35.43,37.62,37.67,35.23,70909883.0,0.0111,2612620900.0,2257.16,239978065547.88
600276,2022-03-14,37.78,37.4,38.89,37.4,67936056.0,0.010700000000000001,2583986100.0,2244.21,238574685047.6
600276,2022-03-15,36.96,36.13,38.0,36.0,57855568.99999999,0.0091,2140443299.9999998,2169.48,230473352159.62
600276,2022-03-16,36.65,36.74,37.0,34.8,68026140.0,0.010700000000000001,2444375800.0,2205.37,234364543546.76
600276,2022-03-17,37.1,37.42,38.22,36.84,77190522.0,0.0121,2899634500.0,2245.39,238702265093.08
600276,2022-03-18,37.03,37.5,37.6,36.8,56052304.0,0.0088,2089064200.0000002,2250.1,239212585275.0
600276,2022-03-21,37.65,37.3,37.88,36.8,50742401.0,0.008,1889540500.0,2238.33,237936784820.2
600276,2022-03-22,37.3,36.94,37.65,36.9,28588195.0,0.0045000000000000005,1060452500.0,2217.14,235640344001.56
600276,2022-03-23,37.1,37.36,37.83,36.56,49846281.0,0.0078000000000000005,1856684800.0,2241.86,238319524956.64
600276,2022-03-24,36.99,37.64,37.86,36.63,57564842.00000001,0.009000000000000001,2151785500.0,2258.33,240105645593.36
600276,2022-03-25,37.43,36.37,37.65,36.35,53161448.0,0.0083,1962057100.0,2183.6,232004312705.38
600276,2022-03-28,35.9,35.9,36.16,35.5,32210268.0,0.005,1155486400.0,2155.95,229006181636.6
600276,2022-03-29,35.9,35.92,36.36,35.66,27391296.999999996,0.0043,987709100.0,2157.12,229133761682.08
600276,2022-03-30,36.17,37.42,37.42,35.7,58491887.0,0.0092,2152907600.0,2245.39,238702265093.08
600276,2022-03-31,37.14,36.82,37.41,36.73,40177028.0,0.0063,1487363599.9999998,2210.08,234874863728.68
600276,2022-04-01,36.6,36.78,37.07,36.07,37443100.0,0.0059,1370014600.0,2207.73,234619703637.72
600276,2022-04-06,36.78,36.25,37.29,36.11,43128700.0,0.0068000000000000005,1578928599.9999998,2176.54,231238832432.5
600276,2022-04-07,36.28,35.32,36.49,35.3,39544600.0,0.0062,1415977400.0,2121.82,225306360317.68
600276,2022-04-08,35.09,33.93,35.27,33.72,72302100.0,0.0113,2472621000.0,2040.02,216439547156.82
600276,2022-04-11,33.61,32.8,33.85,32.7,57015700.0,0.0089,1890034300.0,1973.53,209231274587.2
600276,2022-04-12,32.79,33.67,33.8,32.29,59154900.0,0.009300000000000001,1953807800.0,2024.72,214781006565.58
600276,2022-04-13,33.37,33.64,34.15,33.22,36837700.0,0.0058,1240858500.0,2022.96,214589636497.36
600276,2022-04-14,33.61,33.82,34.39,33.6,30884500.0,0.0048,1049640300.0,2033.55,215737856906.68
600276,2022-04-15,33.8,34.09,34.45,33.64,33295800.0,0.0052,1136145000.0,2049.44,217460187520.66
600276,2022-04-18,33.9,33.96,33.96,33.34,22362700.0,0.0034999999999999996,752971100.0,2041.79,216630917225.04
600276,2022-04-19,33.82,33.11,34.35,32.92,40355800.0,0.0063,1352366900.0,1991.77,211208765292.14
600276,2022-04-20,33.3,34.32,35.17,33.21,75469600.0,0.0118,2593993600.0,2062.97,218927358043.68
600276,2022-04-21,34.2,33.17,34.6,32.92,47158900.0,0.0074,1595108800.0,1995.3,211591505428.58
600276,2022-04-22,32.96,33.0,33.6,31.61,45291400.0,0.0070999999999999995,1476474300.0,1985.3,210507075042.0
600276,2022-04-25,30.15,29.7,30.79,29.7,103961700.0,0.0163,3110633000.0,1791.11,189456367537.8
600276,2022-04-26,29.0,27.74,29.03,27.68,108285800.0,0.017,3058649200.0,1675.78,176953523080.76
600276,2022-04-27,27.01,28.06,28.16,27.0,70800400.0,0.0111,1962999100.0,1694.61,178994803808.44
600276,2022-04-28,27.96,28.45,28.72,27.8,57222000.0,0.009000000000000001,1622102000.0,1717.56,181482614695.3
600276,2022-04-29,28.44,29.48,29.69,28.37,57047900.0,0.0089,1663750500.0,1778.17,188052987037.52
600276,2022-05-05,29.47,29.68,30.07,29.22,46188200.0,0.0072,1371251000.0,1789.93,189328787492.32
600276,2022-05-06,29.1,29.34,29.95,29.01,30703500.0,0.0048,903735100.0,1769.93,187159926719.16
600276,2022-05-09,29.42,29.3,29.67,29.12,20167400.0,0.0032,592745800.0,1767.57,186904766628.2
600276,2022-05-10,28.51,29.39,29.6,28.25,38485900.0,0.006,1116464400.0,1772.87,187478876832.86
600276,2022-05-11,29.4,29.95,30.8,29.4,57337300.0,0.009000000000000001,1736999000.0,1805.82,191051118106.3
600276,2022-05-12,29.76,30.03,30.27,29.7,25754600.0,0.004,773784100.0,1810.53,191561438288.22
600276,2022-05-13,30.82,29.98,30.9,29.8,33940700.0,0.0053,1025971900.0,1807.59,191242488174.52
600276,2022-05-16,30.28,29.43,30.52,29.37,34003800.0,0.0053,1012740500.0,1775.22,187734036923.82
600276,2022-05-17,29.6,29.46,29.78,29.2,24848100.0,0.0039000000000000003,731592100.0000001,1776.99,187925406992.04
600276,2022-05-18,29.56,29.38,29.7,29.25,24016400.0,0.0038,706870600.0,1772.28,187415086810.12
600276,2022-05-19,29.04,29.25,29.36,28.88,23759700.0,0.0037,691461500.0,1764.63,186585816514.5
600276,2022-05-20,29.55,30.24,30.35,29.5,51871700.0,0.008100000000000001,1559577700.0,1822.89,192901028765.76
600276,2022-05-23,30.48,30.1,30.55,29.96,29397000.0,0.0046,885797200.0,1814.65,192007968447.4
600276,2022-05-24,30.08,28.61,30.1,28.52,58591900.0,0.0092,1713745100.0,1726.97,182503255059.14
600276,2022-05-25,28.7,28.93,28.96,28.5,32155000.0,0.005,926139600.0000001,1745.8,184544535786.82
600276,2022-05-26,28.98,29.04,29.46,28.56,37868100.0,0.0059,1097434000.0,1752.27,185246226036.96
600276,2022-05-27,29.5,29.78,30.36,29.36,76123100.0,0.011899999999999999,2285393500.0,1795.82,189966687719.72
600276,2022-05-30,29.83,29.71,30.05,29.46,38684400.0,0.0060999999999999995,1152252000.0,1791.7,189520157560.54
600276,2022-05-31,29.5,30.32,30.4,29.35,56494100.0,0.0089,1693806600.0,1827.59,193411348947.68
600276,2022-06-01,30.33,29.98,30.45,29.81,36527500.0,0.005699999999999999,1097750100.0,1807.59,191242488174.52
600276,2022-06-02,29.92,29.84,29.93,29.45,34885900.0,0.0055000000000000005,1035131200.0,1799.35,190349427856.16
600276,2022-06-06,29.76,30.53,30.67,29.72,55250600.0,0.0087,1670869600.0,1839.95,194750939425.22
600276,2022-06-07,30.71,31.19,31.65,30.46,76250000.0,0.012,2369007000.0,1878.79,198961080926.06
600276,2022-06-08,31.26,32.09,32.9,31.17,118483100.0,0.018600000000000002,3791645400.0,1931.75,204702182972.66
600276,2022-06-09,31.9,30.95,31.95,30.89,64919400.0,0.0102,2033859200.0000002,1864.67,197430120380.3
600276,2022-06-10,30.69,31.56,31.68,30.69,56098500.0,0.0088,1755262500.0,1900.56,201321311767.44
600276,2022-06-13,31.24,31.3,31.78,31.04,44504700.0,0.006999999999999999,1394654500.0,1885.26,199662771176.2
600276,2022-06-14,31.05,31.62,31.65,30.45,49408300.0,0.0077,1532096099.9999998,1904.09,201704051903.88
600276,2022-06-15,31.75,32.6,33.15,31.65,91066900.0,0.0143,2957312700.0,1961.76,207955474132.4
600276,2022-06-16,32.71,32.61,33.33,32.51,66595300.0,0.0104,2187749400.0,1962.35,208019264155.14
600276,2022-06-17,32.36,33.37,33.78,32.26,74071800.0,0.0116,2447536000.0,2007.07,212867305883.38
600276,2022-06-20,33.52,33.46,33.96,33.0,65497200.0,0.0103,2189656700.0,2012.37,213441416088.04
600276,2022-06-21,33.4,33.01,33.4,32.65,53150900.0,0.0083,1755215700.0,1985.89,210570865064.74
600276,2022-06-22,33.1,32.64,33.5,32.61,42260600.0,0.0066,1394757000.0,1964.11,208210634223.36
600276,2022-06-23,32.75,32.93,32.95,32.5,34749300.0,0.0054,1137979600.0,1981.18,210060544882.82
600276,2022-06-24,32.93,33.52,33.78,32.93,56187700.0,0.0088,1880178800.0,2015.9,213824156224.48
600276,2022-06-27,33.75,35.56,36.08,33.75,111401100.0,0.0175,3917627800.0000005,2135.94,226837320863.44
600276,2022-06-28,35.55,35.66,35.83,34.85,58781600.0,0.0092,2074696800.0,2141.82,227475221090.84
600276,2022-06-29,35.65,35.52,36.78,35.1,82848300.0,0.013000000000000001,2982831300.0,2133.58,226582160772.48
600276,2022-06-30,35.8,37.09,37.48,35.75,86126300.0,0.013500000000000002,3175985600.0,2225.97,236597194342.66
600276,2022-07-01,37.09,38.94,39.0,36.86,100034600.0,0.015700000000000002,3827228100.0,2334.83,248398348549.56
600276,2022-07-04,39.0,41.17,41.5,37.81,141605400.0,0.0222,5671015800.0,2466.05,262623523620.58
600276,2022-07-05,40.59,40.51,41.16,39.83,87550700.0,0.0137,3539004400.0,2436.63,258413382119.74
600276,2022-07-06,40.61,39.42,41.59,39.15,94999100.0,0.0149,3808844900.0,2372.49,251460269641.08
600276,2022-07-07,39.03,38.65,39.4,38.01,71418800.0,0.011200000000000002,2757359900.0,2327.18,246548437890.1
600276,2022-07-08,38.99,38.45,39.3,38.3,46915400.0,0.0074,1815851600.0,2315.41,245272637435.3
600276,2022-07-11,38.46,38.07,38.9,37.28,59025800.0,0.009300000000000001,2234278000.0,2293.05,242848616571.18
600276,2022-07-12,38.06,36.87,38.16,36.86,55511000.0,0.0087,2064586700.0000002,2222.44,235193813842.38
600276,2022-07-13,36.87,36.98,37.2,36.58,37840600.0,0.0059,1396193599.9999998,2228.91,235895504092.52
600276,2022-07-14,37.2,38.53,38.83,37.2,75620600.0,0.011899999999999999,2894945200.0,2320.12,245782957617.22
600276,2022-07-15,38.3,37.24,38.79,37.22,48843600.0,0.0077,1851315700.0,2244.21,237554044683.76
600276,2022-07-18,37.2,37.93,38.05,36.62,38523000.0,0.006,1444454100.0,2284.81,241955556252.82
600276,2022-07-19,37.87,37.64,38.32,37.17,33988900.0,0.0053,1280131200.0,2267.75,240105645593.36
600276,2022-07-20,37.9,38.02,38.46,37.7,35770200.0,0.005600000000000001,1361588900.0000002,2290.11,242529666457.48
600276,2022-07-21,37.95,38.7,38.95,37.68,44110800.0,0.0069,1690511400.0000002,2330.12,246867388003.8
600276,2022-07-22,38.7,39.0,39.65,38.49,52003900.0,0.008199999999999999,2035446500.0,2347.78,248781088686.0
600276,2022-07-25,39.0,38.48,39.38,38.32,26374200.0,0.0040999999999999995,1018720200.0,2317.18,245464007503.52
600276,2022-07-26,38.51,36.17,39.0,36.0,99768400.0,0.015600000000000001,3651388300.0,2181.25,230728512250.58
600276,2022-07-27,36.0,36.23,36.91,35.9,37437900.0,0.0059,1359549300.0,2184.78,231111252387.02
600276,2022-07-28,36.12,36.1,36.49,35.5,43647000.0,0.0068000000000000005,1572673100.0,2177.13,230281982091.4
600276,2022-07-29,36.12,35.29,36.4,35.18,37716200.0,0.0059,1344080500.0,2129.46,225114990249.46
600276,2022-08-01,35.28,35.18,35.58,34.61,26327800.0,0.0040999999999999995,925327300.0,2122.99,224413299999.32
600276,2022-08-02,35.0,34.2,35.0,33.88,45681800.0,0.0072,1564950100.0,2065.32,218161877770.8
600276,2022-08-03,34.24,34.7,35.25,34.24,36713300.0,0.0058,1277925200.0,2094.75,221351378907.8
600276,2022-08-04,34.99,36.71,36.76,34.95,64300200.0,0.0101,2330625000.0,2213.02,234173173478.54
600276,2022-08-05,36.94,38.03,38.09,36.91,59997600.0,0.009399999999999999,2269357400.0,2290.7,242593456480.22
600276,2022-08-08,38.18,38.09,38.55,37.51,34808400.0,0.0055000000000000005,1320758200.0,2294.23,242976196616.66
600276,2022-08-09,38.0,37.33,38.0,37.05,28072000.0,0.0044,1048184800.0,2249.51,238128154888.42
600276,2022-08-10,37.3,36.85,37.55,36.43,32982100.0,0.0052,1213273900.0,2221.26,235066233796.9
600276,2022-08-11,37.0,37.43,37.66,36.62,32924300.0,0.0052,1224963400.0,2255.39,238766055115.82
600276,2022-08-12,37.41,37.44,37.8,37.1,22688700.0,0.0036,849341900.0,2255.98,238829845138.56
600276,2022-08-15,37.37,36.9,37.65,36.88,25924800.0,0.0040999999999999995,959893200.0000001,2224.2,235385183910.6
600276,2022-08-16,36.9,36.45,37.43,36.36,26536800.0,0.0042,976069800.0,2197.72,232514632887.3
600276,2022-08-17,36.3,36.63,36.86,36.15,25807000.0,0.004,942589800.0,2208.31,233662853296.62
600276,2022-08-18,36.42,36.04,36.6,35.72,27433100.0,0.0043,989327200.0,2173.6,229899241954.96
600276,2022-08-19,35.89,35.9,36.39,35.8,23214500.0,0.0036,836152800.0,2165.36,229006181636.6
600276,2022-08-22,34.51,35.04,35.53,33.6,60442000.0,0.0095,2096241600.0,2114.75,223520239680.96
600276,2022-08-23,35.03,34.62,35.63,34.43,32783000.0,0.0051,1138095500.0,2090.04,220841058725.88
600276,2022-08-24,34.62,34.48,35.25,34.46,27963500.0,0.0044,973119500.0,2081.8,219947998407.52
600276,2022-08-25,34.54,34.99,35.14,33.89,26356400.0,0.0040999999999999995,909505300.0,2111.81,223201289567.26
600276,2022-08-26,35.09,34.77,35.33,34.7,21209500.0,0.0033,740108600.0,2098.86,221797909066.98
600276,2022-08-29,34.15,34.23,34.61,34.05,17626600.0,0.0028000000000000004,604223500.0,2067.09,218353247839.02
600276,2022-08-30,34.26,33.67,34.57,33.4,30931600.0,0.0048,1043745800.0,2034.14,214781006565.58
600276,2022-08-31,33.42,34.66,34.99,33.38,35654600.0,0.005600000000000001,1222592400.0,2092.39,221096218816.84
600276,2022-09-01,34.65,34.34,34.86,34.09,24254700.0,0.0038,838039100.0,2073.56,219054938089.16
600276,2022-09-02,34.49,33.9,35.18,33.7,26619400.0,0.0042,912248100.0,2047.67,216248177088.6
600276,2022-09-05,33.8,33.73,34.1,33.3,22220400.0,0.0034999999999999996,746250000.0,2037.67,215163746702.02
600276,2022-09-06,33.93,33.88,34.2,33.62,18024400.0,0.0028000000000000004,610337300.0,2046.49,216120597043.12
600276,2022-09-07,33.6,33.43,33.72,33.16,24783800.0,0.0039000000000000003,828041600.0,2020.01,213250046019.82
600276,2022-09-08,33.6,33.73,34.4,33.5,27455500.0,0.0043,933286799.9999999,2037.67,215163746702.02
600276,2022-09-09,33.66,34.78,34.87,33.66,41417400.0,0.006500000000000001,1429733400.0,2099.45,221861699089.72
600276,2022-09-13,34.8,35.52,35.65,34.58,36234000.0,0.005699999999999999,1281773100.0,2143.0,226582160772.48
600276,2022-09-14,35.09,35.68,35.82,34.72,29178700.0,0.0046,1030476200.0,2152.41,227602801136.32
600276,2022-09-15,35.89,35.49,35.99,35.4,27519300.0,0.0043,980584400.0,2141.23,226390790704.26
600276,2022-09-16,35.5,34.83,35.68,34.73,31629600.0,0.005,1112700100.0,2102.4,222180649203.42
600276,2022-09-19,34.92,34.69,35.32,34.41,20049500.0,0.0031,697982800.0,2094.16,221287588885.06
600276,2022-09-20,34.71,34.13,34.96,33.95,20223700.0,0.0032,693165000.0,2061.2,217715347611.62
600276,2022-09-21,34.13,33.43,34.23,33.25,29076200.0,0.0046,976866200.0,2020.01,213250046019.82
600276,2022-09-22,33.1,32.64,33.57,32.33,31204600.0,0.0049,1024441000.0,1973.53,208210634223.36
600276,2022-09-23,32.5,32.93,33.66,32.36,34193100.0,0.0054,1132384200.0,1990.59,210060544882.82
600276,2022-09-26,32.93,31.9,33.3,31.88,34576800.0,0.0054,1121133200.0,1929.98,203490172540.6
600276,2022-09-27,32.02,33.65,33.7,31.9,46468100.0,0.0073,1528691600.0,2032.96,214653426520.1
600276,2022-09-28,33.63,33.47,33.99,33.21,29701000.0,0.004699999999999999,999888300.0,2022.37,213505206110.78
600276,2022-09-29,33.89,34.97,35.94,33.59,58271400.0,0.0091,2046418500.0,2110.63,223073709521.78
600276,2022-09-30,34.96,35.1,35.59,34.7,34258800.0,0.0054,1206056700.0,2118.28,223902979817.4
600276,2022-10-10,35.0,34.26,35.35,34.23,31217100.0,0.0049,1078462400.0,2068.85,218544617907.24
600276,2022-10-11,34.55,34.1,34.58,33.85,19941600.0,0.0031,681601700.0,2059.44,217523977543.4
600276,2022-10-12,34.0,33.25,34.12,32.12,41896200.0,0.0066,1378197500.0,2009.42,212101825610.5
600276,2022-10-13,33.1,34.54,34.97,32.95,39785400.0,0.0062,1366707300.0,2085.33,220330738543.96
600276,2022-10-14,35.0,37.99,37.99,34.95,95015700.0,0.0149,3531437700.0,2288.34,242338296389.26
600276,2022-10-17,38.23,39.55,40.4,38.23,141594100.0,0.0222,5591331300.0,2380.14,252289539936.7
600276,2022-10-18,39.55,39.46,40.15,38.78,82703300.0,0.013000000000000001,3263105000.0,2374.84,251715429732.04
600276,2022-10-19,39.45,39.0,39.82,38.5,55016800.0,0.0086,2151997800.0,2347.78,248781088686.0
600276,2022-10-20,38.56,39.18,40.66,38.5,86164600.0,0.013500000000000002,3424168300.0,2358.37,249929309095.32
600276,2022-10-21,38.7,39.97,40.18,38.6,70174600.0,0.011000000000000001,2773911800.0,2404.85,254968720891.78
600276,2022-10-24,40.0,38.98,40.37,38.78,67690500.0,0.0106,2666737000.0,2346.6,248653508640.52
600276,2022-10-25,38.66,38.12,39.07,37.42,50504500.0,0.0079,1931271700.0000002,2295.99,243167566684.88
600276,2022-10-26,38.11,39.72,40.3,38.09,73405800.0,0.0115,2912454099.9999995,2390.14,253373970323.28
600276,2022-10-27,39.72,39.72,40.15,39.2,50758600.0,0.008,2018515300.0,2390.14,253373970323.28
600276,2022-10-28,39.6,38.95,40.39,38.83,56042200.0,0.0088,2216507400.0,2344.83,248462138572.3
600276,2022-10-31,38.16,40.2,40.5,38.15,73643100.0,0.0115,2943740800.0,2418.39,256435891414.8
600276,2022-11-01,40.08,41.49,41.58,39.53,83485600.0,0.0131,3386698900.0,2494.3,264664804348.26
600276,2022-11-02,41.2,41.98,43.21,40.89,94480800.0,0.0148,3990735900.0000005,2523.13,267790515462.52
600276,2022-11-03,41.55,42.09,42.56,41.07,50993500.0,0.008,2126220600.0,2529.6,268492205712.66
600276,2022-11-04,41.8,41.8,42.56,41.65,53343600.0,0.0084,2237835800.0,2512.54,266642295053.2
600276,2022-11-07,41.75,41.99,42.08,41.21,48156300.0,0.0075,2004142700.0,2523.72,267854305485.26
600276,2022-11-08,41.96,40.7,41.96,40.53,58638600.0,0.0092,2398733000.0,2447.81,259625392551.8
600276,2022-11-09,40.7,40.75,41.4,40.43,33197800.0,0.0052,1357326700.0000002,2450.75,259944342665.5
600276,2022-11-10,40.5,40.19,41.15,40.03,31987700.0,0.005,1294465500.0,2417.8,256372101392.06
600276,2022-11-11,41.04,39.22,41.46,39.22,67849700.0,0.0106,2733983000.0,2360.72,250184469186.28
600276,2022-11-14,39.34,40.76,41.13,39.27,56839700.0,0.0089,2296583700.0,2451.34,260008132688.24
600276,2022-11-15,40.77,40.24,40.78,39.75,48004300.0,0.0075,1930623299.9999998,2420.74,256691051505.76
600276,2022-11-16,40.24,40.5,41.58,39.63,47633100.0,0.0075,1936993200.0,2436.04,258349592097.0
600276,2022-11-17,40.3,40.4,41.11,40.0,27768300.0,0.0044,1120911700.0,2430.16,257711691869.6
600276,2022-11-18,40.49,40.27,41.3,40.19,34911300.0,0.0055000000000000005,1417054500.0,2422.51,256882421573.98
600276,2022-11-21,39.8,40.79,41.08,39.2,41837100.0,0.0066,1684539000.0,2453.11,260199502756.46
600276,2022-11-22,40.83,39.92,41.75,39.77,40810000.0,0.0064,1653432500.0,2401.91,254649770778.08
600276,2022-11-23,39.69,39.5,39.89,39.06,27988300.0,0.0044,1104218500.0,2377.2,251970589823.0
600276,2022-11-24,39.62,39.37,40.11,38.81,28407500.0,0.0045000000000000005,1116046400.0,2369.55,251141319527.38
600276,2022-11-25,39.18,39.63,39.8,38.8,24863900.0,0.0039000000000000003,981440200.0,2384.85,252799860118.62
600276,2022-11-28,38.9,39.18,39.47,38.61,26013500.0,0.0040999999999999995,1014566799.9999999,2358.37,249929309095.32
600276,2022-11-29,39.42,40.05,40.22,39.09,27573300.0,0.0043,1099869100.0,2409.56,255479041073.7
600276,2022-11-30,40.05,39.83,40.3,39.6,29326400.0,0.0046,1170428300.0,2396.62,254075660573.42
600276,2022-12-01,40.22,40.47,40.96,39.8,37955800.0,0.006,1530958400.0,2434.28,258158222028.78
600276,2022-12-02,40.43,40.5,40.91,40.23,25060300.0,0.0039000000000000003,1017634100.0,2436.04,258349592097.0
600276,2022-12-05,40.5,39.88,40.86,39.6,45331700.0,0.0070999999999999995,1820773500.0,2399.56,254394610687.12
600276,2022-12-06,39.7,39.88,40.5,39.68,27430800.0,0.0043,1098865500.0,2399.56,254394610687.12
600276,2022-12-07,39.8,40.58,40.88,39.34,39600300.0,0.0062,1594275200.0,2440.75,258859912278.92
600276,2022-12-08,40.57,38.87,40.58,38.86,61277700.0,0.0096,2415374700.0,2340.13,247951818390.38
600276,2022-12-09,38.94,38.82,39.3,38.7,40982700.0,0.0064,1597863500.0,2337.18,247632868276.68
600276,2022-12-12,38.9,38.88,39.55,38.5,37690000.0,0.0059,1469815700.0,2340.71,248015608413.12
600276,2022-12-13,38.89,38.38,39.0,37.86,38460000.0,0.006,1470661700.0000002,2311.29,244826107276.12
600276,2022-12-14,38.38,38.44,38.58,37.8,26294100.0,0.0040999999999999995,1005170500.0,2314.82,245208847412.56
600276,2022-12-15,38.18,37.96,38.8,37.86,21286500.0,0.0033,810989400.0,2286.58,242146926321.04
600276,2022-12-16,37.81,38.0,38.05,37.71,24909200.0,0.0039000000000000003,943216000.0,2288.93,242402086412.0
600276,2022-12-19,38.08,37.19,38.24,37.08,29134500.0,0.0046,1089921500.0,2241.27,237235094570.06
600276,2022-12-20,37.17,36.51,37.48,36.5,27843800.0,0.0044,1023223000.0,2201.25,232897373023.74
600276,2022-12-21,36.51,36.14,36.69,35.93,25131300.0,0.0039000000000000003,910631400.0,2179.48,230537142182.36
600276,2022-12-22,36.45,36.63,37.35,36.26,35620600.0,0.005600000000000001,1309943900.0,2208.31,233662853296.62
600276,2022-12-23,36.31,36.75,36.93,36.2,21684500.0,0.0034000000000000002,793292500.0,2215.38,234428333569.5
600276,2022-12-26,36.71,37.56,38.0,36.68,31640200.0,0.005,1188097300.0,2263.04,239595325411.44
600276,2022-12-27,37.88,37.07,37.89,36.88,32014000.0,0.005,1187739100.0,2234.21,236469614297.18
600276,2022-12-28,36.99,37.4,37.85,36.92,24749500.0,0.0039000000000000003,927033300.0,2253.63,238574685047.6
600276,2022-12-29,37.25,38.13,38.31,37.05,35750800.0,0.005600000000000001,1356125799.9999998,2296.58,243231356707.62
600276,2022-12-30,38.17,38.53,38.85,38.17,28241100.0,0.0044,1088043000.0,2320.12,245782957617.22
600276,2023-01-03,38.62,38.44,39.05,38.11,25756500.0,0.004,991614900.0,2314.82,245208847412.56
600276,2023-01-04,38.63,38.77,38.99,38.41,25766800.0,0.004,997834500.0,2334.24,247313918162.98
600276,2023-01-05,39.0,39.55,39.87,38.71,40846400.0,0.0064,1613986800.0,2380.14,252289539936.7
600276,2023-01-06,39.7,39.31,39.84,39.21,20010700.0,0.0031,787437500.0,2366.02,250758579390.94
600276,2023-01-09,39.28,39.55,39.8,38.77,32836000.0,0.0051,1293593400.0,2380.14,252289539936.7
600276,2023-01-10,39.53,39.38,39.9,39.3,37450800.0,0.0059,1480991400.0000002,2370.14,251205109550.12
600276,2023-01-11,39.38,38.45,39.65,38.33,53157300.0,0.0083,2068893200.0,2315.41,245272637435.3
600276,2023-01-12,38.47,37.79,38.54,37.74,49527700.0,0.0078000000000000005,1882797100.0,2276.57,241062495934.46
600276,2023-01-13,38.45,39.27,39.51,37.84,70816300.0,0.0111,2763485900.0000005,2363.66,250503419299.98
600276,2023-01-16,39.27,43.13,43.2,39.27,137880500.0,0.0216,5856679100.0,2590.8,275126368077.62
600276,2023-01-17,42.79,42.18,43.33,41.88,84431200.0,0.0132,3578996599.9999995,2534.9,269066315917.32
600276,2023-01-18,42.28,41.57,42.66,41.33,54131300.0,0.0085,2257341200.0,2499.01,265175124530.18
600276,2023-01-19,42.16,43.64,44.77,41.66,109486400.0,0.0172,4757344100.0,2620.81,278379659237.36
600276,2023-01-20,43.68,43.54,44.88,43.39,53246500.0,0.0083,2337576300.0,2614.93,277741759009.96
600276,2023-01-30,43.9,43.25,44.44,43.09,49662300.0,0.0078000000000000005,2164334300.0,2597.86,275891848350.5
600276,2023-01-31,43.27,42.21,43.8,42.14,40917600.0,0.0064,1742219000.0,2536.67,269257685985.54
600276,2023-02-01,42.23,42.64,42.7,41.98,39641400.0,0.0062,1680608299.9999998,2561.97,272000656963.36
600276,2023-02-02,42.7,43.0,44.1,42.45,65348700.0,0.0102,2842278100.0,2583.15,274297097782.0
600276,2023-02-03,43.07,42.8,43.59,42.72,49801800.0,0.0078000000000000005,2146527100.0,2571.38,273021297327.2
600276,2023-02-06,42.8,42.49,42.97,41.9,37917300.0,0.0059,1603885900.0,2553.14,271043806622.26
600276,2023-02-07,42.39,42.1,43.18,41.84,30763300.0,0.0048,1303480000.0,2530.19,268555995735.4
600276,2023-02-08,42.19,42.96,43.5,42.15,42394900.0,0.0066,1824844400.0,2580.8,274041937691.04
600276,2023-02-09,42.82,43.65,43.87,42.67,37302200.0,0.0058,1623294400.0,2621.4,278443449260.1
600276,2023-02-10,43.64,43.6,43.96,43.23,27970000.0,0.0044,1220159200.0,2618.46,278124499146.4
600276,2023-02-13,44.31,44.97,45.99,44.31,65267700.0,0.0102,2952332000.0,2699.08,286863732261.78
600276,2023-02-14,44.93,45.22,45.4,44.54,32976300.0,0.0052,1484295700.0,2713.79,288458482830.28
600276,2023-02-15,45.2,44.81,45.53,44.45,26947000.0,0.0042,1207715800.0,2689.66,285843091897.94
600276,2023-02-16,44.8,43.79,45.07,43.31,45881500.0,0.0072,2028582900.0,2629.64,279336509578.46
600276,2023-02-17,43.7,44.17,44.9,43.38,39571600.0,0.0062,1758055600.0,2652.0,281760530442.58
600276,2023-02-20,44.16,45.22,45.45,43.69,45992300.0,0.0072,2057766400.0000002,2713.79,288458482830.28
600276,2023-02-21,45.02,44.5,45.44,44.3,33743400.0,0.0053,1509418200.0,2671.42,283865601193.0
600276,2023-02-22,44.4,44.11,44.8,44.0,22247700.0,0.0034999999999999996,987207400.0,2648.47,281377790306.14
600276,2023-02-23,44.02,43.52,44.32,43.18,33706200.0,0.0053,1466260500.0,2613.75,277614178964.48
600276,2023-02-24,43.39,43.19,44.19,43.09,23817800.0,0.0037,1035285500.0,2594.33,275509108214.06
600276,2023-02-27,42.9,43.13,43.4,42.6,27040100.0,0.0042,1165183000.0,2590.8,275126368077.62
600276,2023-02-28,43.23,43.5,44.43,42.92,32849500.0,0.0051,1425000900.0,2612.57,277486598919.0
600276,2023-03-01,43.43,43.77,44.14,43.18,26521300.0,0.0042,1160326100.0,2628.46,279208929532.98
600276,2023-03-02,43.49,43.19,43.77,42.88,23068600.0,0.0036,996391500.0,2594.33,275509108214.06
600276,2023-03-03,43.16,43.4,43.98,43.1,19015600.0,0.003,828331799.9999999,2606.69,276848698691.6
600276,2023-03-06,43.5,43.42,43.76,43.08,21086900.0,0.0033,914437000.0,2607.87,276976278737.08
600276,2023-03-07,43.4,42.12,43.8,42.11,33438700.0,0.0052,1427706800.0,2531.37,268683575780.88
600276,2023-03-08,42.11,41.96,42.33,41.59,27051000.0,0.0042,1132653800.0,2521.95,267662935417.04
600276,2023-03-09,41.93,41.73,42.23,41.7,17677400.0,0.0028000000000000004,741253800.0,2508.42,266195764894.02
600276,2023-03-10,41.36,41.86,42.21,41.33,20826800.0,0.0033,871034000.0,2516.07,267025035189.64
600276,2023-03-13,41.53,41.42,41.9,41.21,25468900.0,0.004,1057253700.0,2490.18,264218274189.08
600276,2023-03-14,41.42,41.48,42.46,41.28,33139500.0,0.0052,1385033700.0,2493.71,264601014325.52
600276,2023-03-15,41.85,41.38,42.27,41.26,21209600.0,0.0033,883570399.9999999,2487.83,263963114098.12
600276,2023-03-16,41.15,41.19,41.95,41.06,18424800.0,0.0029,764647500.0,2476.64,262751103666.06
600276,2023-03-17,41.55,40.82,41.79,40.7,38771600.0,0.0060999999999999995,1594954400.0,2454.87,260390872824.68
600276,2023-03-20,40.88,40.4,41.09,40.09,33513300.0,0.0053,1356733000.0,2430.16,257711691869.6
600276,2023-03-21,40.35,41.6,41.78,40.35,33389700.0,0.0052,1381649400.0,2500.77,265366494598.4
600276,2023-03-22,41.61,42.63,42.76,41.61,33114400.0,0.0052,1400488400.0,2561.38,271936866940.62
600276,2023-03-23,42.59,42.67,42.96,42.29,26265600.0,0.0040999999999999995,1119244800.0,2563.73,272192027031.58
600276,2023-03-24,42.6,41.7,42.87,41.63,25985600.0,0.0040999999999999995,1090995000.0,2506.66,266004394825.8
600276,2023-03-27,41.7,43.28,43.3,40.9,46930100.0,0.0074,1997213200.0,2599.63,276083218418.72
600276,2023-03-28,43.09,43.0,43.2,42.32,26161100.0,0.0040999999999999995,1120913300.0,2583.15,274297097782.0
600276,2023-03-29,43.35,43.16,43.46,42.78,18357600.0,0.0029,791915399.9999999,2592.57,275317738145.84
600276,2023-03-30,43.16,43.01,43.25,42.51,20674700.0,0.0032,886710500.0,2583.74,274360887804.74
600276,2023-03-31,43.01,42.82,43.44,42.5,22069800.0,0.0034999999999999996,946650500.0,2572.56,273148877372.68
600276,2023-04-03,42.65,42.56,43.18,42.4,24411400.0,0.0038,1040547899.9999999,2557.26,271490336781.44
600276,2023-04-04,42.56,43.15,43.16,42.1,33852700.0,0.0053,1440361500.0,2591.98,275253948123.1
600276,2023-04-06,43.2,42.78,43.25,42.3,28035300.0,0.0044,1195281100.0,2570.21,272893717281.72
600276,2023-04-07,42.79,45.15,45.3,42.79,67000900.0,0.0105,2995405600.0,2709.67,288011952671.1
600276,2023-04-10,45.15,46.27,46.69,44.9,66272000.0,0.0104,3063903600.0,2775.57,295156435217.98
600276,2023-04-11,46.2,46.01,46.66,45.72,32702600.0,0.0051,1506697800.0,2760.27,293497894626.74
600276,2023-04-12,46.1,45.63,47.35,45.56,33600900.0,0.0053,1550776099.9999998,2737.91,291073873762.62
600276,2023-04-13,45.63,47.35,47.75,45.47,64601100.0,0.0101,3044670900.0000005,2839.13,302045757673.9
600276,2023-04-14,47.94,47.72,48.63,47.0,60488000.0,0.0095,2891168200.0,2860.9,304405988515.28
600276,2023-04-17,47.8,49.29,50.3,47.8,80331200.0,0.0126,3968648900.0,2953.28,314421022085.46
600276,2023-04-18,49.3,48.93,49.7,48.38,37630600.0,0.0059,1838343900.0000002,2932.1,312124581266.82
600276,2023-04-19,48.8,48.66,49.2,48.41,26782000.0,0.0042,1302379000.0,2916.21,310402250652.84
600276,2023-04-20,48.5,47.8,48.91,47.53,41476600.0,0.006500000000000001,1987867000.0,2865.61,304916308697.2
600276,2023-04-21,47.8,47.32,48.35,47.32,40835500.0,0.0064,1952335300.0,2837.36,301854387605.68
600276,2023-04-24,47.33,48.35,49.32,47.33,60310500.0,0.0095,2925086200.0,2897.97,308424759947.9
600276,2023-04-25,48.35,47.98,48.96,47.28,43867200.0,0.0069,2110863200.0,2876.2,306064529106.52
600276,2023-04-26,48.0,48.2,48.77,47.02,36025500.0,0.005600000000000001,1727777600.0,2889.14,307467909606.8
600276,2023-04-27,48.18,48.2,48.75,47.41,40053800.0,0.0063,1928356600.0,2889.14,307467909606.8
600276,2023-04-28,48.2,48.65,48.95,47.83,28298300.0,0.0044,1371262000.0,2915.62,310338460630.1
600276,2023-05-04,48.55,49.27,49.9,48.48,43250700.0,0.0068000000000000005,2136055100.0,2952.11,314293442039.98
600276,2023-05-05,49.38,47.47,49.48,47.08,42260800.0,0.0066,2016143900.0000002,2846.19,302811237946.78
600276,2023-05-08,47.47,46.51,47.6,46.07,46805200.0,0.0073,2173812800.0,2789.7,296687395763.74
600276,2023-05-09,46.39,45.93,46.82,45.7,28953600.0,0.0045000000000000005,1338170000.0,2755.57,292987574444.82
600276,2023-05-10,46.0,46.35,46.7,45.65,25166500.0,0.0039000000000000003,1164998600.0,2780.28,295666755399.9
600276,2023-05-11,46.35,46.43,47.99,46.21,28621800.0,0.0045000000000000005,1342559200.0000002,2784.99,296177075581.82
600276,2023-05-12,46.44,45.51,46.87,45.37,36376700.0,0.005699999999999999,1664150300.0,2730.85,290308393489.74
600276,2023-05-15,45.51,47.44,47.61,45.5,32602500.0,0.0051,1521748700.0,2844.42,302619867878.56
600276,2023-05-16,49.1,49.13,49.71,48.7,58884600.0,0.0092,2901294200.0,2943.87,313400381721.62
600276,2023-05-17,49.25,48.5,49.35,48.16,27133100.0,0.0043,1319909100.0,2906.8,309381610289.0
600276,2023-05-18,48.5,48.02,48.87,47.78,22902200.0,0.0036,1103908800.0,2878.55,306319689197.48
600276,2023-05-19,48.08,49.13,49.75,48.08,34109300.0,0.0053,1678079000.0,2943.87,313400381721.62
600276,2023-05-22,49.18,48.7,50.2,48.33,29133000.0,0.0046,1429544000.0,2918.56,310657410743.8
600276,2023-05-23,48.75,49.1,49.9,48.74,32898300.0,0.0052,1627857000.0,2942.1,313209011653.4
600276,2023-05-24,49.1,47.96,49.18,47.63,28712000.0,0.0045000000000000005,1381356200.0,2875.02,305936949061.04
600276,2023-05-25,47.67,48.06,48.25,47.18,18370500.0,0.0029,878653600.0,2880.9,306574849288.44
600276,2023-05-26,47.95,48.4,49.05,47.89,17498600.0,0.0027,849836900.0,2900.91,308743710061.6
600276,2023-05-29,48.45,48.3,49.03,47.83,21862500.0,0.0034000000000000002,1056765399.9999999,2895.03,308105809834.2
600276,2023-05-30,48.3,48.29,49.2,47.3,34762700.0,0.0054,1679739700.0,2894.44,308042019811.46
600276,2023-05-31,48.5,45.55,48.63,45.01,85934900.0,0.013500000000000002,3959239699.9999995,2733.21,290563553580.7
600276,2023-06-01,45.56,45.93,46.89,45.45,45827600.0,0.0072,2118563599.9999998,2755.57,292987574444.82
600276,2023-06-02,46.18,46.03,46.84,45.87,28695000.0,0.0045000000000000005,1327951600.0,2761.45,293625474672.22
600276,2023-06-05,46.2,46.5,46.9,46.04,27091100.0,0.0042,1259519900.0,2789.11,296623605741.0
600276,2023-06-06,46.54,46.31,47.17,46.15,26782000.0,0.0042,1253088400.0,2777.93,295411595308.94
600276,2023-06-07,46.3,45.5,46.69,45.35,24821800.0,0.0039000000000000003,1135394700.0,2730.26,290244603467.0
600276,2023-06-08,45.5,45.59,45.68,44.85,22328400.0,0.0034999999999999996,1009002600.0,2744.97,290818713671.66
600276,2023-06-09,45.34,45.79,46.15,45.11,31495700.0,0.0049,1435337100.0,2756.74,292094514126.46
600276,2023-06-12,45.63,44.7,45.63,43.7,49949400.0,0.0078000000000000005,2227022800.0,2692.6,285141401647.8
600276,2023-06-13,44.61,45.0,45.34,44.27,19618000.0,0.0031,879416600.0,2710.25,287055102330.0
600276,2023-06-14,45.1,46.0,46.38,44.82,41155600.0,0.006500000000000001,1890579200.0000002,2769.09,293434104604.0
600276,2023-06-15,46.4,46.93,46.99,46.04,31730100.0,0.005,1477898000.0,2823.82,299366576718.82
600276,2023-06-16,46.8,47.5,48.48,46.7,38034400.0,0.006,1814534600.0,2857.36,303002608015.0
600276,2023-06-19,47.5,46.88,47.88,46.63,21812700.0,0.0034000000000000002,1023984100.0,2820.88,299047626605.12
600276,2023-06-20,46.97,46.78,47.49,46.7,14896700.0,0.0023,699887000.0,2814.99,298409726377.72
600276,2023-06-21,46.51,46.4,47.17,46.4,17086300.0,0.0027,798760500.0,2792.63,295985705513.6
600276,2023-06-26,46.28,46.36,47.08,45.68,21400000.0,0.0034000000000000002,989068500.0,2790.28,295730545422.64
600276,2023-06-27,46.18,45.95,46.8,45.83,18978400.0,0.003,876672300.0,2766.15,293115154490.3
600276,2023-06-28,46.13,46.2,46.4,45.71,21520300.0,0.0034000000000000002,992111200.0,2780.86,294709905058.8
600276,2023-06-29,46.15,47.05,47.44,46.1,30295000.0,0.004699999999999999,1423288100.0,2830.88,300132056991.7
600276,2023-06-30,46.9,47.9,48.48,46.86,28356200.0,0.0044,1360379400.0,2880.9,305554208924.6
600276,2023-07-03,47.92,47.36,47.92,47.03,20398400.0,0.0032,967058800.0,2849.12,302109547696.64
600276,2023-07-04,47.3,48.85,50.5,46.51,84157100.0,0.0132,4123867400.0,2936.8,311614261084.9
600276,2023-07-05,48.85,49.19,49.85,48.53,46108300.0,0.0072,2275614500.0,2956.81,313783121858.06
600276,2023-07-06,49.16,48.11,49.2,47.89,25224800.0,0.004,1219395800.0,2893.25,306893799402.14
600276,2023-07-07,48.0,48.39,48.59,47.81,17226800.0,0.0027,831988600.0,2909.73,308679920038.86
600276,2023-07-10,48.38,47.61,48.49,47.36,21679400.0,0.0034000000000000002,1034168000.0,2863.83,303704298265.14
600276,2023-07-11,48.0,48.24,48.56,47.21,24212800.0,0.0038,1164154700.0,2900.9,307723069697.76
600276,2023-07-12,48.24,47.77,48.4,47.55,14681100.0,0.0023,703955300.0,2873.25,304724938628.98
600276,2023-07-13,47.94,48.01,48.2,47.5,24604000.0,0.0039000000000000003,1180018600.0,2887.37,306255899174.74
600276,2023-07-14,47.98,47.52,47.99,47.5,13461000.0,0.0021,641623000.0,2858.54,303130188060.48
600276,2023-07-17,47.52,47.2,47.52,46.73,21394400.0,0.0034000000000000002,1006066400.0,2839.71,301088907332.8
600276,2023-07-18,47.4,47.2,47.85,47.0,12113500.0,0.0019,572775300.0,2839.71,301088907332.8
600276,2023-07-19,47.0,46.69,47.37,46.55,19415000.0,0.003,909126300.0,2809.7,297835616173.06
600276,2023-07-20,46.99,45.96,47.4,45.87,18098800.0,0.0028000000000000004,840875000.0,2766.74,293178944513.04
600276,2023-07-21,46.03,45.93,46.3,45.65,20976600.0,0.0033,963680900.0,2764.97,292987574444.82
600276,2023-07-24,45.9,47.29,48.0,45.89,47398800.0,0.0074,2245495200.0,2845.0,301663017537.46
600276,2023-07-25,47.75,47.76,47.9,47.13,24909800.0,0.0039000000000000003,1185933100.0,2872.66,304661148606.24
600276,2023-07-26,47.77,48.08,48.16,47.55,16778800.0,0.0026,805101300.0,2891.49,306702429333.92
600276,2023-07-27,48.33,48.11,48.47,47.8,16225500.0,0.0025,780565500.0,2893.25,306893799402.14
600276,2023-07-28,47.88,49.05,49.2,47.59,37757300.0,0.0059,1831117100.0,2948.57,312890061539.7
600276,2023-07-31,49.04,44.58,49.33,44.22,135924200.0,0.0213,6226335100.0,2685.53,284375921374.92
600276,2023-08-01,44.31,43.38,44.31,42.3,134400100.0,0.021099999999999997,5837540200.0,2614.92,276721118646.12
600276,2023-08-02,43.25,42.28,43.99,42.06,93481900.0,0.0147,4002903500.0,2550.19,269704216144.72
600276,2023-08-03,41.85,42.27,42.89,41.18,79188800.0,0.0124,3340548100.0,2549.6,269640426121.98
600276,2023-08-04,42.55,41.07,42.67,41.0,106460900.0,0.0167,4420471100.0,2478.99,261985623393.18
600276,2023-08-07,40.66,39.13,40.66,38.56,134789300.0,0.021099999999999997,5280883500.0,2364.83,249610358981.62
600276,2023-08-08,38.6,40.14,40.69,38.58,97417700.0,0.015300000000000001,3876529300.0,2424.27,256053151278.36
600276,2023-08-09,39.9,40.21,40.67,39.8,57386300.0,0.009000000000000001,2309143100.0,2428.39,256499681437.54
600276,2023-08-10,40.21,39.9,40.38,39.6,35595300.0,0.005600000000000001,1420732100.0,2410.14,254522190732.6
600276,2023-08-11,39.96,39.2,40.23,39.2,33789800.0,0.0053,1337250900.0,2368.95,250056889140.8
600276,2023-08-14,38.83,40.62,40.79,38.8,60279000.0,0.009399999999999999,2413358900.0,2452.51,259115072369.88
600276,2023-08-15,40.61,40.5,41.1,39.98,42658200.0,0.0067,1726457700.0,2445.45,258349592097.0
600276,2023-08-16,40.39,41.01,41.91,40.25,63040900.0,0.009899999999999999,2598200500.0,2475.46,261602883256.74
600276,2023-08-17,40.72,40.57,40.86,40.1,39559900.0,0.0062,1599099700.0,2449.57,258796122256.18
600276,2023-08-18,40.5,39.95,40.58,39.8,26186200.0,0.0040999999999999995,1051772600.0,2413.09,254841140846.3
600276,2023-08-21,37.96,38.8,39.33,37.1,60792100.0,0.0095,2340167400.0,2345.41,247505288231.2
600276,2023-08-22,39.15,39.15,39.4,38.33,43538600.0,0.0068000000000000005,1693144200.0000002,2366.01,249737939027.1
600276,2023-08-23,39.1,38.7,39.31,38.68,25817100.0,0.004,1006532600.0,2339.53,246867388003.8
600276,2023-08-24,38.71,40.44,40.88,38.4,47773700.0,0.0075,1910733100.0,2441.92,257966851960.56
600276,2023-08-25,40.26,40.72,41.33,40.16,43030600.0,0.0067,1756092200.0,2458.4,259752972597.28
600276,2023-08-28,42.99,41.92,43.35,41.52,72210200.0,0.0113,3043511400.0,2529.01,267407775326.08
600276,2023-08-29,41.91,42.25,42.49,41.6,37699700.0,0.0059,1588977300.0,2548.43,269512846076.5
600276,2023-08-30,42.5,42.15,42.5,42.0,25350400.0,0.004,1070521300.0,2542.54,268874945849.1
600276,2023-08-31,42.15,41.78,42.24,41.7,25963300.0,0.0040999999999999995,1088210700.0,2520.77,266514715007.72
600276,2023-09-01,41.85,41.53,42.02,41.43,16531300.0,0.0026,688552600.0,2506.06,264919964439.22
600276,2023-09-04,41.93,41.2,41.97,41.1,32468800.0,0.0051,1341074600.0,2486.64,262814893688.8
600276,2023-09-05,41.21,41.21,41.58,41.09,20244400.0,0.0032,837077300.0,2487.23,262878683711.54
600276,2023-09-06,41.01,40.73,41.19,40.6,21181600.0,0.0033,864434700.0,2458.98,259816762620.02
600276,2023-09-07,40.88,40.29,40.88,39.93,28664900.0,0.0045000000000000005,1152145100.0,2433.09,257010001619.46
600276,2023-09-08,40.25,40.58,40.61,40.0,17849700.0,0.0028000000000000004,720117200.0,2450.16,258859912278.92
600276,2023-09-11,40.75,43.0,43.16,40.75,75735700.0,0.011899999999999999,3231973800.0,2592.56,274297097782.0
600276,2023-09-12,42.81,42.91,43.18,42.68,26204300.0,0.0040999999999999995,1124850900.0,2587.26,273722987577.34
600276,2023-09-13,42.85,42.2,43.08,42.01,22314100.0,0.0034999999999999996,946141600.0,2545.49,269193895962.8
600276,2023-09-14,42.33,42.59,42.79,42.05,23008900.0,0.0036,977473300.0,2568.43,271681706849.66
600276,2023-09-15,42.7,43.6,43.95,42.35,66959100.0,0.0105,2917106900.0,2627.87,278124499146.4
600276,2023-09-18,43.61,44.36,44.95,43.59,47897400.0,0.0075,2129867000.0,2672.59,282972540874.64
600276,2023-09-19,44.36,44.63,44.82,44.09,25726600.0,0.004,1144955600.0,2688.48,284694871488.62
600276,2023-09-20,44.5,44.35,44.6,43.88,21810400.0,0.0034000000000000002,964374299.9999999,2672.0,282908750851.9
600276,2023-09-21,44.35,43.89,44.39,43.78,19223800.0,0.003,845940900.0,2644.93,279974409805.86
600276,2023-09-22,43.97,44.06,44.14,43.4,28240800.0,0.0044,1236954500.0,2654.94,281058840192.44
600276,2023-09-25,44.1,44.85,45.05,43.71,40740300.0,0.0064,1820689400.0,2701.42,286098251988.9
600276,2023-09-26,44.8,44.7,45.08,44.15,27301800.0,0.0043,1216854600.0,2692.6,285141401647.8
600276,2023-09-27,44.68,45.31,45.68,44.65,35724300.0,0.005600000000000001,1617557700.0,2728.49,289032593034.94
600276,2023-09-28,45.55,44.94,45.88,44.76,25130700.0,0.0039000000000000003,1135092300.0,2706.72,286672362193.56
600276,2023-10-09,44.89,44.76,45.2,44.12,33142200.0,0.0052,1475154900.0,2696.13,285524141784.24
600276,2023-10-10,44.92,44.37,44.99,44.28,16601900.0,0.0026,740031400.0,2673.18,283036330897.38
600276,2023-10-11,44.7,45.05,45.57,44.7,32957700.0,0.0052,1488505900.0,2713.19,287374052443.7
600276,2023-10-12,45.6,44.95,45.65,44.7,24460800.0,0.0038,1099547100.0,2707.31,286736152216.3
600276,2023-10-13,44.58,44.65,45.12,44.37,18751300.0,0.0029,837370900.0,2689.65,284822451534.1
600276,2023-10-16,44.82,44.23,45.12,44.1,21440000.0,0.0034000000000000002,953935300.0,2664.94,282143270579.02
600276,2023-10-17,44.23,44.47,44.53,43.6,21429300.0,0.0034000000000000002,943523900.0,2679.06,283674231124.78
600276,2023-10-18,44.48,43.82,44.49,43.76,15701100.0,0.0025,690070200.0,2640.81,279527879646.68
600276,2023-10-19,43.66,43.41,44.08,43.2,26274700.0,0.0040999999999999995,1145345800.0,2616.69,276912488714.34
600276,2023-10-20,43.12,42.72,43.5,42.55,30303400.0,0.0048,1296586800.0,2576.08,272510977145.28
600276,2023-10-23,42.73,43.07,43.36,42.33,22463200.0,0.0034999999999999996,964201600.0,2596.68,274743627941.18
600276,2023-10-24,43.06,43.23,43.5,42.61,26085600.0,0.0040999999999999995,1124684900.0,2606.1,275764268305.02
600276,2023-10-25,43.69,43.17,43.87,43.06,27514500.0,0.0043,1192763500.0,2602.56,275381528168.58
600276,2023-10-26,43.89,44.45,44.85,43.45,41809200.0,0.0066,1856368700.0,2677.89,283546651079.3
600276,2023-10-27,44.26,45.4,45.55,43.88,41407200.0,0.006500000000000001,1862059500.0,2733.79,289606703239.6
600276,2023-10-30,45.45,46.58,47.0,45.2,55065400.0,0.0086,2552988900.0,2803.22,297133925922.92
600276,2023-10-31,48.53,47.94,48.78,47.23,70656900.0,0.0111,3387726500.0,2883.25,305809369015.56
600276,2023-11-01,47.95,47.97,48.18,47.29,33568700.0,0.0053,1601908900.0000002,2885.02,306000739083.78
600276,2023-11-02,48.17,47.9,48.2,47.71,20514200.0,0.0032,983703300.0,2880.9,305554208924.6
600276,2023-11-03,47.8,47.51,48.1,47.4,21283800.0,0.0033,1015296100.0,2857.95,303066398037.74
600276,2023-11-06,48.49,48.33,48.88,48.16,37813800.0,0.0059,1834312500.0,2906.2,308297179902.42
600276,2023-11-07,48.5,48.43,48.81,48.18,26149200.0,0.0040999999999999995,1270647900.0,2912.09,308935080129.82
600276,2023-11-08,48.47,49.28,49.74,48.47,31846600.0,0.005,1567457000.0,2962.1,314357232062.72
600276,2023-11-09,49.14,48.38,49.37,48.27,29470000.0,0.0046,1431770200.0,2909.14,308616130016.12
600276,2023-11-10,48.1,48.39,48.68,48.03,18655800.0,0.0029,902627100.0000001,2909.73,308679920038.86
600276,2023-11-13,48.51,47.3,48.64,47.06,33864100.0,0.0053,1606447200.0,2845.59,301726807560.2
600276,2023-11-14,47.37,47.04,47.68,46.8,20678800.0,0.0032,973364200.0,2830.29,300068266968.96
600276,2023-11-15,47.68,47.33,47.98,47.16,15672200.0,0.0025,743383300.0,2847.36,301918177628.42
600276,2023-11-16,47.03,46.8,47.48,46.76,13957600.0,0.0022,655045900.0,2816.17,298537306423.2
600276,2023-11-17,46.79,47.14,47.33,46.68,21179900.0,0.0033,995487700.0,2836.18,300706167196.36
600276,2023-11-20,47.21,47.49,47.98,46.96,23108000.0,0.0036,1096914500.0,2856.77,302938817992.26
600276,2023-11-21,47.6,47.58,48.08,47.31,20546600.0,0.0032,981885800.0,2862.07,303512928196.92
600276,2023-11-22,47.58,47.14,47.67,47.14,12690200.0,0.002,600591000.0,2836.18,300706167196.36
600276,2023-11-23,47.15,47.17,47.27,46.65,12684700.0,0.002,596480200.0,2837.94,300897537264.58
600276,2023-11-24,47.01,46.93,47.21,46.72,14647100.0,0.0023,688379100.0,2823.82,299366576718.82
600276,2023-11-27,46.92,46.8,47.1,46.42,18443200.0,0.0029,863329200.0,2816.17,298537306423.2
600276,2023-11-28,46.7,47.5,47.5,46.58,20418000.0,0.0032,963092899.9999999,2857.36,303002608015.0
600276,2023-11-29,47.5,47.67,47.9,47.33,17545400.0,0.0028000000000000004,835534000.0,2867.36,304087038401.58
600276,2023-11-30,47.7,48.02,48.08,47.43,21598300.0,0.0034000000000000002,1034052600.0,2887.96,306319689197.48
600276,2023-12-01,47.95,46.58,48.13,45.83,40816600.0,0.0064,1904555700.0,2803.22,297133925922.92
600276,2023-12-04,46.56,45.99,46.64,45.5,27686100.0,0.0043,1277259200.0,2768.5,293370314581.26
600276,2023-12-05,45.83,45.25,46.3,45.15,26579100.0,0.0042,1213967600.0,2724.96,288649852898.5
600276,2023-12-06,45.22,45.41,46.02,44.85,22028900.0,0.0034999999999999996,1000552800.0,2734.38,289670493262.34
600276,2023-12-07,45.48,44.78,45.75,44.73,23743800.0,0.0037,1069538400.0,2697.3,285651721829.72
600276,2023-12-08,44.77,45.59,45.66,44.65,29241300.0,0.0046,1326068400.0,2744.97,290818713671.66
600276,2023-12-11,45.37,46.53,46.6,45.06,26769500.0,0.0042,1225504500.0,2800.28,296814975809.22
600276,2023-12-12,46.53,45.8,46.66,45.45,21297000.0,0.0033,974828700.0,2757.32,292158304149.2
600276,2023-12-13,45.54,45.62,46.09,45.52,18676400.0,0.0029,856154200.0,2746.73,291010083739.88
600276,2023-12-14,46.08,45.73,46.19,45.57,19406100.0,0.003,890571700.0,2753.21,291711773990.02
600276,2023-12-15,45.75,44.66,45.84,44.45,25906600.0,0.0040999999999999995,1163993200.0,2690.24,284886241556.84
600276,2023-12-18,44.59,45.49,45.78,44.18,24478600.0,0.0038,1110849300.0,2739.08,290180813444.26
600276,2023-12-19,45.41,44.78,45.44,44.21,21434700.0,0.0034000000000000002,958138800.0,2697.3,285651721829.72
600276,2023-12-20,44.7,44.23,45.18,44.19,18982100.0,0.003,846390800.0,2664.94,282143270579.02
600276,2023-12-21,44.18,44.49,44.63,44.05,18835200.0,0.003,835984100.0,2680.24,283801811170.26
600276,2023-12-22,44.48,44.01,44.57,43.51,24235800.0,0.0038,1067834299.9999999,2651.99,280739890078.74
600276,2023-12-25,44.01,44.0,44.55,43.9,13361200.0,0.0021,590059400.0,2651.4,280676100056.0
600276,2023-12-26,44.0,43.98,44.07,43.3,15055400.0,0.0024,657505399.9999999,2650.23,280548520010.52
600276,2023-12-27,43.9,44.09,44.21,43.36,21601500.0,0.0034000000000000002,947551000.0,2656.7,281250210260.66
600276,2023-12-28,44.1,44.75,44.85,43.93,30763400.0,0.0048,1370257500.0,2695.54,285460351761.5
600276,2023-12-29,44.88,45.23,45.4,44.65,24238000.0,0.0038,1094134400.0,2723.78,288522272853.02
600276,2024-01-02,45.24,44.47,45.44,44.36,18260800.0,0.0029,815829100.0,2679.06,283674231124.78
600276,2024-01-03,44.21,44.23,44.88,44.05,14669400.0,0.0023,651690500.0,2664.94,282143270579.02
600276,2024-01-04,44.3,43.79,44.34,42.88,33904500.0,0.0053,1468337400.0,2639.05,279336509578.46
600276,2024-01-05,43.31,41.95,43.5,41.28,49522700.0,0.0078000000000000005,2085701600.0,2530.77,267599145394.3
600276,2024-01-08,41.8,41.11,41.8,41.0,30009100.0,0.004699999999999999,1238699600.0,2481.35,262240783484.14
600276,2024-01-09,41.15,41.2,41.56,40.88,21174900.0,0.0033,872816799.9999999,2486.64,262814893688.8
600276,2024-01-10,41.2,41.5,41.99,40.77,20674600.0,0.0032,860280399.9999999,2504.29,264728594371.0
600276,2024-01-11,41.51,41.48,41.85,41.18,18972000.0,0.003,788171100.0,2503.12,264601014325.52
600276,2024-01-12,41.21,41.1,41.6,40.92,13270100.0,0.0021,548157600.0,2480.76,262176993461.4
600276,2024-01-15,40.7,41.51,41.9,40.68,14893500.0,0.0023,617603000.0,2504.88,264792384393.74
600276,2024-01-16,41.2,41.41,41.65,40.8,18657700.0,0.0029,768555399.9999999,2499.0,264154484166.34
600276,2024-01-17,41.13,40.11,41.29,40.11,24023200.0,0.0038,974124299.9999999,2422.5,255861781210.14
600276,2024-01-18,40.0,41.29,41.4,39.47,38716500.0,0.0060999999999999995,1559153299.9999998,2491.94,263389003893.46
600276,2024-01-19,41.09,41.41,41.6,40.81,31739500.0,0.005,1309874300.0,2499.0,264154484166.34
600276,2024-01-22,41.4,40.78,41.7,40.13,34937700.0,0.0055000000000000005,1430463200.0,2461.93,260135712733.72
600276,2024-01-23,40.68,40.3,40.92,40.23,20886200.0,0.0033,846394299.9999999,2433.68,257073791642.2
600276,2024-01-24,40.68,40.52,40.73,39.5,25004200.0,0.0039000000000000003,1001342700.0,2446.63,258477172142.48
600276,2024-01-25,40.84,41.2,41.2,40.05,27891200.0,0.0044,1134727000.0,2486.64,262814893688.8
600276,2024-01-26,40.9,40.3,41.22,40.01,30280000.0,0.004699999999999999,1230888900.0,2433.68,257073791642.2
600276,2024-01-29,40.25,39.25,40.55,39.03,28105100.0,0.0044,1112608500.0,2371.89,250375839254.5
600276,2024-01-30,39.22,38.69,39.44,38.56,23301300.0,0.0037,905581900.0,2338.94,246803597981.06
600276,2024-01-31,38.4,37.45,38.6,37.22,38059700.0,0.006,1433750400.0,2265.98,238893635161.3
600276,2024-02-01,37.2,37.16,38.06,36.88,30023500.0,0.004699999999999999,1122310500.0,2248.91,237043724501.84
600276,2024-02-02,37.22,35.95,37.67,35.51,36047500.0,0.005699999999999999,1317464800.0,2177.71,229325131750.3
600276,2024-02-05,35.98,37.4,37.96,35.79,49793900.0,0.0078000000000000005,1835851300.0,2263.03,238574685047.6
600276,2024-02-06,37.4,41.0,41.05,37.2,56819500.0,0.0089,2272656900.0,2474.87,261539093234.0
600276,2024-02-07,41.25,41.84,41.86,40.51,52212400.0,0.008199999999999999,2164428900.0,2524.3,266897455144.16
600276,2024-02-08,41.84,41.87,42.55,41.18,37994400.0,0.006,1579175799.9999998,2526.07,267088825212.38
600276,2024-02-19,41.86,41.66,42.17,41.05,25380800.0,0.004,1055722600.0,2513.71,265749234734.84
600276,2024-02-20,41.73,41.86,42.23,41.51,21225500.0,0.0033,889338500.0,2525.48,267025035189.64
600276,2024-02-21,41.88,42.22,42.46,41.45,29901500.0,0.004699999999999999,1260180500.0,2546.66,269321476008.28
600276,2024-02-22,42.0,42.43,42.54,41.96,17530100.0,0.0027,740956900.0,2559.02,270661066485.82
600276,2024-02-23,42.43,42.39,42.86,41.88,22950600.0,0.0036,971812500.0,2556.67,270405906394.86
600276,2024-02-26,42.21,42.08,42.49,41.8,18878200.0,0.003,796444400.0,2538.42,268428415689.92
600276,2024-02-27,42.1,42.27,42.33,41.84,17616100.0,0.0028000000000000004,740889100.0,2549.6,269640426121.98
600276,2024-02-28,42.47,42.23,43.59,42.23,34011800.0,0.0053,1458671600.0,2547.25,269385266031.02
600276,2024-02-29,42.22,42.64,42.85,42.1,25340800.0,0.004,1076844700.0,2571.38,272000656963.36
600276,2024-03-01,42.64,42.52,42.92,42.1,21563700.0,0.0034000000000000002,916978900.0,2564.32,271235176690.48
600276,2024-03-04,42.52,43.9,43.98,42.46,37656800.0,0.0059,1640672100.0,2645.52,280038199828.6
600276,2024-03-05,43.9,44.56,44.7,43.62,37120000.0,0.0058,1643167900.0,2684.36,284248341329.44
600276,2024-03-06,44.65,43.96,44.9,43.7,21699100.0,0.0034000000000000002,957082000.0,2649.05,280420939965.04
600276,2024-03-07,43.9,41.95,43.96,41.6,45743300.0,0.0072,1939466500.0,2530.77,267599145394.3
600276,2024-03-08,41.94,41.89,42.7,41.62,27741800.0,0.0043,1164468600.0,2527.24,267216405257.86
600276,2024-03-11,41.9,43.6,43.7,41.68,32546700.0,0.0051,1400965900.0,2627.87,278124499146.4
600276,2024-03-12,43.71,44.93,45.29,43.2,43141000.0,0.0068000000000000005,1921884800.0,2706.13,286608572170.82
600276,2024-03-13,45.0,44.68,45.03,44.16,20749500.0,0.0033,924209600.0000001,2691.42,285013821602.32
600276,2024-03-14,49.0,47.03,49.15,46.51,109924500.0,0.0172,5248912800.0,2829.7,300004476946.22
600276,2024-03-15,46.98,47.13,47.95,46.5,43857900.0,0.0069,2069250000.0,2835.59,300642377173.62
600276,2024-03-18,47.0,47.28,47.68,46.45,29791400.0,0.004699999999999999,1406103900.0000002,2844.41,301599227514.72
600276,2024-03-19,46.91,45.97,47.33,45.9,27204800.0,0.0043,1262475400.0,2767.33,293242734535.78
600276,2024-03-20,45.66,45.63,45.91,45.31,22501400.0,0.0034999999999999996,1025230399.9999999,2747.32,291073873762.62
600276,2024-03-21,45.85,45.63,46.07,45.45,18335700.0,0.0029,839240700.0000001,2747.32,291073873762.62
600276,2024-03-22,45.54,45.93,46.0,45.1,24225400.0,0.0038,1103378300.0,2764.97,292987574444.82
600276,2024-03-25,45.95,46.16,46.82,45.81,23262000.0,0.0036,1078638200.0,2778.51,294454744967.84
600276,2024-03-26,46.1,46.27,46.59,45.87,20006100.0,0.0031,925152100.0000001,2784.98,295156435217.98
600276,2024-03-27,46.2,45.91,46.35,45.7,15566800.0,0.0024,716342100.0000001,2763.8,292859994399.34
600276,2024-03-28,45.91,46.21,46.86,45.54,21401900.0,0.0034000000000000002,993801300.0,2781.45,294773695081.54
600276,2024-03-29,46.21,45.97,46.37,45.4,18703800.0,0.0029,857879400.0,2767.33,293242734535.78
600276,2024-04-01,45.98,46.32,46.8,45.98,20222400.0,0.0032,937070900.0,2787.92,295475385331.68
600276,2024-04-02,46.2,45.46,46.69,45.06,22490300.0,0.0034999999999999996,1024255800.0,2737.32,289989443376.04
600276,2024-04-03,45.1,44.76,45.33,44.52,23690400.0,0.0037,1064081600.0,2696.13,285524141784.24
600276,2024-04-08,44.8,45.4,45.87,44.8,23626800.0,0.0037,1071343500.0,2733.79,289606703239.6
600276,2024-04-09,45.4,45.54,45.63,44.28,21527200.0,0.0034000000000000002,967808500.0,2742.03,290499763557.96
600276,2024-04-10,45.54,45.45,45.98,44.9,16353100.0,0.0026,744122700.0,2736.73,289925653353.3
600276,2024-04-11,45.05,44.94,45.49,44.63,18609200.0,0.0029,837102500.0,2706.72,286672362193.56
600276,2024-04-12,44.8,44.09,45.35,43.95,22211900.0,0.0034999999999999996,987099200.0,2656.7,281250210260.66
600276,2024-04-15,44.14,44.56,45.15,44.09,22027800.0,0.0034999999999999996,984050800.0,2684.36,284248341329.44
600276,2024-04-16,44.33,44.26,44.65,43.79,23385700.0,0.0037,1033684500.0,2666.7,282334640647.24
600276,2024-04-17,44.35,44.39,44.78,43.84,23275600.0,0.0036,1032367300.0,2674.35,283163910942.86
600276,2024-04-18,45.2,42.35,45.5,42.2,59016800.0,0.009300000000000001,2541878700.0,2554.31,270150746303.9
600276,2024-04-19,42.0,41.68,42.34,41.22,38425500.0,0.006,1601560700.0,2514.89,265876814780.32
600276,2024-04-22,41.99,41.86,42.17,41.46,27806400.0,0.0044,1163955000.0,2525.48,267025035189.64
600276,2024-04-23,41.86,44.07,44.27,41.8,49366100.0,0.0077,2134259100.0,2655.52,281122630215.18
600276,2024-04-24,43.96,43.7,44.2,43.4,21625200.0,0.0034000000000000002,946244200.0,2633.75,278762399373.8
600276,2024-04-25,43.7,44.3,44.97,43.5,24469100.0,0.0038,1085861400.0,2669.06,282589800738.2
600276,2024-04-26,44.2,45.61,45.79,44.17,34278300.0,0.0054,1550025300.0,2746.14,290946293717.14
600276,2024-04-29,45.6,46.18,46.86,45.53,34279600.0,0.0054,1586424700.0,2779.69,294582325013.32
600276,2024-04-30,46.39,46.16,46.85,45.85,19250200.0,0.003,893082200.0,2778.51,294454744967.84
600276,2024-05-06,46.93,47.16,47.87,46.42,32582400.0,0.0051,1541063599.9999998,2837.35,300833747241.84
600276,2024-05-07,47.16,47.23,47.5,47.02,20378000.0,0.0032,964125300.0,2841.47,301280277401.02
600276,2024-05-08,47.26,46.42,47.37,46.25,26129200.0,0.0040999999999999995,1217235000.0,2793.81,296113285559.08
600276,2024-05-09,46.51,46.9,47.23,46.31,17514700.0,0.0027,820722400.0,2822.05,299175206650.6
600276,2024-05-10,46.79,46.48,47.05,46.19,15577300.0,0.0024,725489800.0,2797.34,296496025695.52
600276,2024-05-13,46.48,45.53,46.78,45.37,29175700.0,0.0046,1338054200.0000002,2741.44,290435973535.22
600276,2024-05-14,45.53,45.33,45.78,45.22,19723700.0,0.0031,897260500.0,2729.67,289160173080.42
600276,2024-05-15,45.34,44.67,45.42,44.53,15942900.0,0.0025,713466000.0,2690.83,284950031579.58
600276,2024-05-16,45.0,44.69,45.11,44.4,23437700.0,0.0037,1048106900.0,2692.01,285077611625.06
600276,2024-05-17,45.5,44.75,46.23,44.07,37685500.0,0.0059,1689843500.0,2695.54,285460351761.5
600276,2024-05-20,44.28,43.81,44.79,43.48,39702300.0,0.0062,1742797500.0,2640.22,279464089623.94
600276,2024-05-21,43.72,43.8,44.16,43.42,24438300.0,0.0038,1071157300.0,2639.64,279400299601.2
600276,2024-05-22,43.9,43.54,43.96,43.4,25238800.0,0.004,1100081600.0,2624.34,277741759009.96
600276,2024-05-23,43.54,43.05,43.59,42.9,19702400.0,0.0031,848668300.0,2595.5,274616047895.7
600276,2024-05-24,43.05,42.44,43.18,42.38,22038400.0,0.0034999999999999996,939654299.9999999,2559.61,270724856508.56
600276,2024-05-27,42.33,42.7,42.9,41.82,30678200.0,0.0048,1300950800.0,2574.91,272383397099.8
600276,2024-05-28,42.7,43.27,43.59,42.36,37427900.0,0.0059,1616893200.0,2608.45,276019428395.98
600276,2024-05-29,43.25,43.02,43.48,42.95,16676700.0,0.0026,719612100.0000001,2593.74,274424677827.48
600276,2024-05-30,43.05,42.88,43.24,42.54,13247700.0,0.0021,567669900.0,2585.5,273531617509.12
600276,2024-05-31,43.4,42.36,43.59,42.36,22865100.0,0.0036,980570399.9999999,2554.9,270214536326.64
600276,2024-06-03,42.22,42.5,42.69,42.07,18780100.0,0.0029,796785100.0,2563.14,271107596645.0
600276,2024-06-04,42.45,43.83,44.0,42.36,35813900.0,0.005600000000000001,1561008500.0,2641.4,279591669669.42
600276,2024-06-05,43.83,43.92,44.3,43.69,18067600.0,0.0028000000000000004,794605399.9999999,2646.7,280165779874.08
600276,2024-06-06,43.65,42.91,44.1,42.8,22586900.0,0.0034999999999999996,978566400.0,2587.26,273722987577.34
600276,2024-06-07,42.99,42.15,43.26,42.15,23854700.0,0.0037,1013241200.0,2542.54,268874945849.1
600276,2024-06-11,42.0,42.72,42.81,41.7,25112100.0,0.0039000000000000003,1062111799.9999999,2576.08,272510977145.28
600276,2024-06-12,42.73,42.1,42.73,41.91,21850500.0,0.0034000000000000002,922178800.0,2539.6,268555995735.4
600276,2024-06-13,42.1,42.06,42.43,41.53,20729800.0,0.0032,872698900.0,2537.25,268300835644.44
600276,2024-06-14,41.9,41.9,42.1,41.08,41537200.0,0.006500000000000001,1729630300.0,2527.83,267280195280.6
600276,2024-06-17,41.6,42.53,42.7,41.59,24198100.0,0.0038,1024367300.0,2564.9,271298966713.22
600276,2024-06-18,42.5,41.97,42.71,41.81,20392300.0,0.0032,860147200.0,2531.95,267726725439.78
600276,2024-06-19,42.0,41.36,42.26,41.21,20101100.0,0.0032,836081500.0,2496.06,263835534052.64
600276,2024-06-20,41.34,40.6,41.77,40.58,24782700.0,0.0039000000000000003,1013799900.0,2451.33,258987492324.4
600276,2024-06-21,40.7,40.04,40.8,39.77,36455300.0,0.005699999999999999,1459102900.0,2418.38,255415251050.96
600276,2024-06-24,40.0,40.29,40.64,39.54,27893000.0,0.0044,1123508500.0,2433.09,257010001619.46
600276,2024-06-25,40.51,39.7,40.58,39.45,22459000.0,0.0034999999999999996,895023400.0,2398.37,253246390277.8
600276,2024-06-26,39.69,39.9,40.04,39.43,22323500.0,0.0034999999999999996,887607500.0,2410.14,254522190732.6
600276,2024-06-27,39.85,39.24,39.85,39.0,27183800.0,0.0043,1064851500.0,2371.31,250312049231.76
600276,2024-06-28,39.2,38.46,39.44,38.33,30925800.0,0.0048,1199640500.0,2325.41,245336427458.04
600276,2024-07-01,38.45,38.27,38.47,37.8,23890900.0,0.0037,911326400.0,2314.23,244124417025.98
600276,2024-07-02,38.23,37.47,38.25,37.24,31084700.0,0.0049,1168354200.0,2267.15,239021215206.78
600276,2024-07-03,37.6,38.67,39.6,37.33,55275900.0,0.0087,2137709000.0,2337.77,246676017935.58
600276,2024-07-04,38.67,38.45,39.45,38.33,28925700.0,0.0045000000000000005,1120476900.0,2324.82,245272637435.3
600276,2024-07-05,38.46,40.03,40.3,38.1,49365300.0,0.0077,1942122100.0,2417.79,255351461028.22
600276,2024-07-08,39.2,39.21,40.1,38.44,49986800.0,0.0078000000000000005,1964892400.0,2369.54,250120679163.54
600276,2024-07-09,39.12,38.99,39.48,38.01,40106300.0,0.0063,1555216700.0000002,2356.6,248717298663.26
600276,2024-07-10,39.0,39.41,39.79,38.88,20232300.0,0.0032,796385800.0,2381.31,251396479618.34
600276,2024-07-11,39.79,40.6,41.14,39.3,37980200.0,0.006,1538773500.0,2451.33,258987492324.4
600276,2024-07-12,40.84,41.27,41.5,40.48,31501000.0,0.0049,1296947600.0,2502.51,263261423847.98
600276,2024-07-15,41.0,40.78,41.29,40.46,20711000.0,0.0032,845176100.0,2473.68,260135712733.72
600276,2024-07-16,40.65,40.95,41.06,40.42,22626800.0,0.0034999999999999996,924082600.0,2483.68,261220143120.3
600276,2024-07-17,40.58,41.74,42.15,40.5,35683200.0,0.005600000000000001,1488713800.0,2530.17,266259554916.76
600276,2024-07-18,41.8,42.15,42.42,41.7,30712200.0,0.0048,1292463100.0,2554.29,268874945849.1
600276,2024-07-19,42.08,42.23,42.48,41.93,27751100.0,0.0044,1171709500.0,2559.0,269385266031.02
600276,2024-07-22,42.22,42.77,43.1,41.85,32570300.0,0.0051,1391175500.0,2590.78,272829927258.98
600276,2024-07-23,42.73,41.41,42.82,41.35,36689700.0,0.0058,1532779500.0,2510.75,264154484166.34
600276,2024-07-24,41.29,41.4,42.06,41.2,20035200.0,0.0031,832921600.0,2510.16,264090694143.6
600276,2024-07-25,41.22,41.46,41.88,40.7,21908000.0,0.0034000000000000002,908502700.0,2513.69,264473434280.04
600276,2024-07-26,41.46,41.07,41.58,40.59,22115800.0,0.0034999999999999996,907315000.0,2490.74,261985623393.18
600276,2024-07-29,41.02,40.49,41.36,40.39,23478900.0,0.0037,956395700.0000001,2456.61,258285802074.26
600276,2024-07-30,40.5,40.0,40.66,39.62,24261500.0,0.0038,969474000.0,2427.78,255160090960.0
600276,2024-07-31,39.99,42.21,42.36,39.7,39572400.0,0.0062,1638778200.0,2557.82,269257685985.54
600276,2024-08-01,42.19,41.95,42.5,41.75,17431300.0,0.0027,733290100.0,2542.52,267599145394.3
600276,2024-08-02,41.89,42.17,42.98,41.8,25582000.0,0.004,1085720000.0,2555.47,269002525894.58
600276,2024-08-05,42.17,42.65,43.58,42.11,32358800.0,0.0051,1386017900.0,2583.72,272064446986.1
600276,2024-08-06,42.63,42.91,43.18,42.48,21771500.0,0.0034000000000000002,931702100.0000001,2599.01,273722987577.34
600276,2024-08-07,42.88,42.15,42.89,42.11,17729300.0,0.0028000000000000004,751651400.0,2554.29,268874945849.1
600276,2024-08-08,42.11,42.58,42.89,42.11,16488700.0,0.0026,700866799.9999999,2579.6,271617916826.92
600276,2024-08-09,42.7,42.42,43.3,42.41,15598400.0,0.0024,666579200.0,2570.18,270597276463.08
600276,2024-08-12,42.22,43.63,43.96,42.21,33283500.0,0.0052,1447922100.0,2641.38,278315869214.62
600276,2024-08-13,43.6,42.67,43.6,42.4,22723600.0,0.0036,973012200.0,2584.89,272192027031.58
600276,2024-08-14,42.95,42.5,42.98,42.09,14184700.0,0.0022,602382900.0,2574.89,271107596645.0
600276,2024-08-15,42.38,42.92,43.65,42.32,21424700.0,0.0034000000000000002,921651500.0,2599.6,273786777600.08
600276,2024-08-16,42.6,43.12,43.21,42.3,15694300.0,0.0025,673487400.0,2611.37,275062578054.88
600276,2024-08-19,43.21,42.11,43.6,41.77,23967300.0,0.0038,1014833500.0,2551.94,268619785758.14
600276,2024-08-20,42.1,42.25,42.38,41.8,15398700.0,0.0024,648578600.0,2560.18,269512846076.5
600276,2024-08-21,42.19,42.31,42.8,42.04,16231300.0,0.0025,688060000.0,2563.71,269895586212.94
600276,2024-08-22,43.21,43.93,44.27,42.63,53734800.0,0.0084,2349925900.0,2659.04,280229569896.82
600276,2024-08-23,43.68,43.62,43.95,43.08,27750900.0,0.0044,1208091000.0,2640.79,278252079191.88
600276,2024-08-26,43.61,43.32,43.8,42.8,24522500.0,0.0038,1059543400.0,2623.14,276338378509.68
600276,2024-08-27,43.27,43.6,43.98,43.11,22626800.0,0.0034999999999999996,987526000.0,2639.62,278124499146.4
600276,2024-08-28,43.6,43.5,44.08,43.15,20622700.0,0.0032,896690800.0,2633.73,277486598919.0
600276,2024-08-29,43.48,44.32,44.55,43.3,30523000.0,0.0048,1349314900.0,2681.99,282717380783.68
600276,2024-08-30,44.44,44.13,44.5,43.93,31328000.0,0.0049,1385994600.0,2670.8,281505370351.62
600276,2024-09-02,44.01,43.9,44.37,43.02,25800800.0,0.004,1128406300.0,2657.27,280038199828.6
600276,2024-09-03,43.88,44.58,45.2,43.72,31648000.0,0.005,1415250799.9999998,2697.28,284375921374.92
600276,2024-09-04,44.38,44.51,45.15,44.17,21257700.0,0.0033,949655600.0,2693.17,283929391215.74
600276,2024-09-05,44.66,45.0,45.18,44.42,19863900.0,0.0031,892416900.0,2722.0,287055102330.0
600276,2024-09-06,45.15,44.4,45.15,44.4,14147600.0,0.0022,632592200.0,2686.69,283227700965.6
600276,2024-09-09,44.4,44.55,45.42,44.3,25601700.0,0.004,1144505500.0,2695.52,284184551306.7
600276,2024-09-10,44.4,44.48,44.7,43.71,19918300.0,0.0031,883221400.0,2691.4,283738021147.52
600276,2024-09-11,44.3,45.43,45.55,44.11,29157800.0,0.0046,1318678700.0,2747.3,289798073307.82
600276,2024-09-12,45.23,44.97,45.78,44.75,18657800.0,0.0029,842058800.0,2720.23,286863732261.78
600276,2024-09-13,44.95,44.77,45.3,44.4,19509700.0,0.0031,874100300.0,2708.47,285587931806.98
600276,2024-09-18,44.89,45.12,45.59,44.78,17507900.0,0.0027,791075200.0,2729.06,287820582602.88
600276,2024-09-19,45.13,45.0,45.33,44.4,22401200.0,0.0034999999999999996,1006154000.0,2722.0,287055102330.0
600276,2024-09-20,44.9,42.71,44.9,42.32,66915600.0,0.0105,2879104800.0,2587.25,272447187122.54
600276,2024-09-23,42.88,42.71,43.48,42.52,28475400.0,0.0045000000000000005,1219950800.0,2587.25,272447187122.54
600276,2024-09-24,43.38,43.66,43.72,42.24,43328100.0,0.0068000000000000005,1866263500.0,2643.15,278507239282.84
600276,2024-09-25,44.01,43.84,44.65,43.69,43382500.0,0.0068000000000000005,1914228800.0,2653.74,279655459692.16
600276,2024-09-26,44.14,46.46,46.5,43.71,47693300.0,0.0075,2151506400.0,2807.91,296368445650.04
600276,2024-09-27,47.38,48.68,48.9,46.95,38062100.0,0.006,1826081200.0,2938.55,310529830698.32
600276,2024-09-30,50.2,52.3,52.74,50.0,101848200.0,0.016,5250200800.0,3151.56,333621818930.2
600276,2024-10-08,57.53,56.01,57.53,53.4,119259500.0,0.0187,6658937500.0,3369.87,357287917366.74
600276,2024-10-09,55.0,51.68,55.0,51.56,90059100.0,0.0141,4785337000.0,3115.08,329666837520.32
600276,2024-10-10,51.68,52.57,53.82,51.68,58528100.0,0.0092,3089484900.0,3167.45,335344149544.18
600276,2024-10-11,52.13,50.2,52.57,49.68,49542200.0,0.0078000000000000005,2518858600.0,3027.99,320225914154.8
600276,2024-10-14,50.5,51.39,51.67,50.06,39584100.0,0.0062,2016817800.0,3098.01,327816926860.86
600276,2024-10-15,51.39,50.6,52.62,50.55,36326400.0,0.005699999999999999,1870266600.0,3051.53,322777515064.4
600276,2024-10-16,49.89,49.18,50.68,49.01,39738800.0,0.0062,1971863400.0,2967.97,313719331835.32
600276,2024-10-17,49.3,49.22,50.53,49.22,34296300.0,0.0054,1711600400.0,2970.32,313974491926.28
600276,2024-10-18,49.0,50.48,51.51,48.76,53672600.0,0.0084,2684309699.9999995,3044.47,322012034791.52
600276,2024-10-21,50.6,50.56,51.07,49.33,47185200.0,0.0074,2372525700.0,3049.17,322522354973.44
600276,2024-10-22,50.21,50.76,51.79,50.21,40107700.0,0.0063,2046102400.0,3060.94,323798155428.24
600276,2024-10-23,50.83,50.69,51.18,50.14,37059700.0,0.0058,1875687400.0,3056.82,323351625269.06
600276,2024-10-24,50.6,48.67,50.6,47.82,90154700.0,0.0141,4383045900.0,2937.96,310466040675.58
600276,2024-10-25,48.6,48.0,48.6,46.72,94314900.0,0.0148,4498732100.0,2898.53,306192109152.0
600276,2024-10-28,48.03,48.59,48.9,47.97,57114100.0,0.009000000000000001,2769377000.0,2933.25,309955720493.66
600276,2024-10-29,48.62,48.18,48.91,48.1,39770000.0,0.0062,1926235100.0,2909.12,307340329561.32
600276,2024-10-30,48.18,47.2,48.48,46.96,47548500.0,0.0075,2256717300.0,2851.46,301088907332.8
600276,2024-10-31,47.21,46.6,47.4,46.56,45672200.0,0.0072,2138254400.0,2816.15,297261505968.4
600276,2024-11-01,46.72,47.56,48.5,46.72,61995900.0,0.0097,2962180400.0,2872.64,303385348151.44
600276,2024-11-04,48.1,47.99,48.39,47.26,40659200.0,0.0064,1942430900.0,2897.94,306128319129.26
600276,2024-11-05,47.62,48.68,48.84,47.5,51437000.0,0.008100000000000001,2489509400.0,2938.55,310529830698.32
600276,2024-11-06,48.71,48.75,49.68,48.25,53755800.0,0.0084,2624774500.0,2942.67,310976360857.5
600276,2024-11-07,48.6,50.0,50.0,48.41,58406600.0,0.0092,2882919300.0,3016.22,318950113700.0
600276,2024-11-08,50.1,49.5,50.5,49.15,65231400.0,0.0102,3240522900.0,2986.8,315760612563.0
600276,2024-11-11,48.99,49.43,49.67,48.3,58679200.0,0.0092,2870267500.0,2982.68,315314082403.82
600276,2024-11-12,49.43,49.29,50.78,49.05,76735700.0,0.012,3839811100.0,2974.44,314421022085.46
600276,2024-11-13,49.16,49.35,50.26,49.06,40914100.0,0.0064,2023644100.0,2977.97,314803762221.9
600276,2024-11-14,49.27,48.45,49.7,48.43,38909200.0,0.0060999999999999995,1911897000.0,2925.01,309062660175.3
600276,2024-11-15,48.27,47.7,48.7,47.7,33087000.0,0.0052,1593427800.0,2880.88,304278408469.8
600276,2024-11-18,47.71,47.2,48.06,47.0,30353600.0,0.0048,1443825200.0,2851.46,301088907332.8
600276,2024-11-19,47.24,47.43,47.8,46.84,26030500.0,0.0040999999999999995,1230951500.0,2864.99,302556077855.82
600276,2024-11-20,47.44,50.46,50.79,47.44,109567400.0,0.0172,5459304200.0,3043.29,321884454746.04
600276,2024-11-21,50.31,50.19,50.97,49.75,48847500.0,0.0077,2454422700.0,3027.4,320162124132.06
600276,2024-11-22,50.19,48.27,50.63,48.2,50154800.0,0.0079,2463628900.0,2914.42,307914439765.98
600276,2024-11-25,48.6,47.76,49.49,47.76,43612900.0,0.0068000000000000005,2119573800.0,2884.41,304661148606.24
600276,2024-11-26,47.86,48.68,49.56,47.8,39975600.0,0.0063,1955082300.0,2938.55,310529830698.32
600276,2024-11-27,48.62,49.99,50.2,48.58,57454400.0,0.009000000000000001,2862205800.0,3015.63,318886323677.26
600276,2024-11-28,49.95,49.7,50.75,49.32,36721000.0,0.0058,1836357900.0,2998.57,317036413017.8
600276,2024-11-29,50.11,50.69,51.3,49.8,69304100.0,0.0109,3512492300.0,3056.82,323351625269.06
600276,2024-12-02,50.6,50.45,50.79,50.02,41976500.0,0.0066,2116109000.0,3042.7,321820664723.3
600276,2024-12-03,50.35,49.63,50.41,49.53,39619700.0,0.0062,1972432300.0,2994.45,316589882858.62
600276,2024-12-04,49.65,49.4,49.98,49.25,25826000.0,0.004,1281641900.0,2980.91,315122712335.6
600276,2024-12-05,49.42,48.95,49.45,48.45,29810800.0,0.004699999999999999,1454359600.0,2954.43,312252161312.3
600276,2024-12-06,48.95,49.53,49.8,48.84,34229100.0,0.0054,1688375600.0,2988.56,315951982631.22
600276,2024-12-09,49.98,49.38,50.09,49.06,27661400.0,0.0043,1368832200.0,2979.74,314995132290.12
600276,2024-12-10,50.25,48.13,50.25,47.61,102210000.0,0.016,4957092800.0,2906.18,307021379447.62
600276,2024-12-11,47.86,48.15,48.17,47.51,42944900.0,0.0067,2056039700.0,2907.36,307148959493.1
600276,2024-12-12,48.15,48.04,48.15,47.6,36160900.0,0.005699999999999999,1732532800.0,2900.89,306447269242.96
600276,2024-12-13,47.8,46.59,47.91,46.56,65077700.0,0.0102,3061020000.0,2815.56,297197715945.66
600276,2024-12-16,46.58,46.07,46.58,45.8,35407900.0,0.005600000000000001,1630463500.0,2784.96,293880634763.18
600276,2024-12-17,46.05,46.5,46.97,45.9,31587500.0,0.005,1470663500.0,2810.27,296623605741.0
600276,2024-12-18,46.7,46.59,47.05,46.53,24714000.0,0.0039000000000000003,1154970100.0,2815.56,297197715945.66
600276,2024-12-19,46.18,46.54,46.66,45.88,21746100.0,0.0034000000000000002,1007125000.0,2812.62,296878765831.96
600276,2024-12-20,46.54,46.25,46.88,46.22,26073300.0,0.0040999999999999995,1212975600.0,2795.55,295028855172.5
600276,2024-12-23,46.25,45.85,46.33,45.51,36192700.0,0.005699999999999999,1660614900.0,2772.02,292477254262.9
600276,2024-12-24,45.85,46.33,46.66,45.78,29399100.0,0.0046,1362414900.0,2800.26,295539175354.42
600276,2024-12-25,46.56,46.62,47.0,46.33,31525800.0,0.0049,1472155100.0,2817.33,297389086013.88
600276,2024-12-26,46.5,46.11,46.54,45.76,25582800.0,0.004,1178284100.0,2787.32,294135794854.14
600276,2024-12-27,46.2,46.1,46.36,45.9,21250500.0,0.0033,980779100.0,2786.73,294072004831.4
600276,2024-12-30,46.29,46.14,46.76,46.05,25626700.0,0.004,1186680500.0,2789.08,294327164922.36
600276,2024-12-31,46.13,45.9,46.57,45.85,38816600.0,0.0060999999999999995,1793640700.0,2774.96,292796204376.6
600276,2025-01-02,45.88,44.95,46.1,44.7,34813200.0,0.0055000000000000005,1575496099.9999998,2719.06,286736152216.3
600276,2025-01-03,45.0,44.36,45.17,44.16,27387300.0,0.0043,1223704200.0,2684.34,282972540874.64
600276,2025-01-06,44.75,45.01,45.11,44.38,30148100.0,0.004699999999999999,1351231000.0,2722.59,287118892352.74
600276,2025-01-07,45.05,44.04,45.09,44.01,25742200.0,0.004,1139218000.0,2665.51,280931260146.96
600276,2025-01-08,44.05,43.55,44.18,42.95,35032700.0,0.0055000000000000005,1524946400.0000002,2636.68,277805549032.7
600276,2025-01-09,43.58,43.08,43.87,43.06,25776800.0,0.004,1116825900.0,2609.02,274807417963.92
600276,2025-01-10,43.06,42.67,43.41,42.53,26575200.0,0.0042,1138717500.0,2584.89,272192027031.58
600276,2025-01-13,42.51,42.81,43.17,42.4,19112900.0,0.003,819457400.0,2593.13,273085087349.94
600276,2025-01-14,42.81,44.29,44.41,42.81,33775500.0,0.0053,1481294700.0,2680.22,282526010715.46
600276,2025-01-15,44.26,43.88,44.28,43.66,18496500.0,0.0029,810780000.0,2656.09,279910619783.12
600276,2025-01-16,44.08,42.9,44.15,42.86,31015800.0,0.0049,1344908200.0,2598.43,273659197554.6
600276,2025-01-17,42.5,42.84,43.08,42.44,20061200.0,0.0031,857835000.0,2594.9,273276457418.16
600276,2025-01-20,43.29,44.52,45.36,43.28,55860300.0,0.0088,2490393200.0,2693.75,283993181238.48
600276,2025-01-21,44.85,45.13,45.3,44.55,35398000.0,0.0055000000000000005,1593272400.0,2729.65,287884372625.62
600276,2025-01-22,45.03,44.43,45.24,44.24,21075100.0,0.0033,939501100.0,2688.46,283419071033.82
600276,2025-01-23,44.55,43.96,44.82,43.77,28608200.0,0.0045000000000000005,1264462600.0,2660.8,280420939965.04
600276,2025-01-24,43.87,44.64,45.15,43.82,35046100.0,0.0055000000000000005,1569811200.0,2700.82,284758661511.36
600276,2025-01-27,44.8,44.65,45.18,44.58,19306800.0,0.003,864900100.0,2701.4,284822451534.1
600276,2025-02-05,44.67,44.01,44.8,43.87,27440700.0,0.0043,1209865800.0,2663.74,280739890078.74
600276,2025-02-06,44.13,44.36,44.55,43.67,25217700.0,0.004,1113529300.0,2684.34,282972540874.64
600276,2025-02-07,44.36,45.29,46.33,44.0,50542200.0,0.0079,2283393400.0,2739.06,288905012989.46
600276,2025-02-10,45.5,44.88,45.5,44.67,37889200.0,0.0059,1702769300.0,2714.94,286289622057.12
600276,2025-02-11,45.0,44.19,45.1,44.05,31067800.0,0.0049,1376208100.0,2674.34,281888110488.06
600276,2025-02-12,44.2,44.44,44.55,44.02,25175700.0,0.0039000000000000003,1113067400.0,2689.05,283482861056.56
600276,2025-02-13,44.3,44.64,45.06,44.06,37862500.0,0.0059,1692124000.0,2700.82,284758661511.36
600276,2025-02-14,44.62,45.5,45.77,44.56,52217400.0,0.008199999999999999,2363013500.0,2751.42,290244603467.0
600276,2025-02-17,45.8,45.26,46.31,44.95,55765300.0,0.0087,2543137900.0,2737.3,288713642921.24
600276,2025-02-18,45.31,44.82,45.77,44.66,35021900.0,0.0055000000000000005,1582024400.0,2711.41,285906881920.68
600276,2025-02-19,44.74,44.71,45.18,44.2,36761100.0,0.0058,1642055700.0,2704.93,285205191670.54
600276,2025-02-20,44.75,46.5,46.98,44.75,85405800.0,0.0134,3962875900.0000005,2810.27,296623605741.0
600276,2025-02-21,46.7,48.28,48.48,46.53,97511800.0,0.015300000000000001,4658378200.0,2915.01,307978229788.72
600276,2025-02-24,48.4,48.09,48.65,47.6,53308100.0,0.0084,2562457600.0,2903.83,306766219356.66
600276,2025-02-25,47.64,47.37,48.25,47.17,35433200.0,0.005600000000000001,1689640400.0,2861.46,302173337719.38
600276,2025-02-26,47.6,47.55,47.74,46.95,32811300.0,0.0051,1551997400.0,2872.05,303321558128.7
600276,2025-02-27,47.4,47.91,48.36,47.19,36908100.0,0.0058,1768169600.0,2893.24,305617998947.34
600276,2025-02-28,47.71,45.96,48.1,45.81,49161500.0,0.0077,2294571500.0,2778.49,293178944513.04
600276,2025-03-03,45.95,45.92,46.81,45.77,31894600.0,0.005,1476383000.0,2776.14,292923784422.08
600276,2025-03-04,45.81,45.86,46.09,45.38,24333700.0,0.0038,1113598200.0,2772.61,292541044285.64
600276,2025-03-05,45.86,45.98,46.12,45.46,25267000.0,0.004,1157331500.0,2779.67,293306524558.52
600276,2025-03-06,46.3,46.52,46.86,46.05,33138900.0,0.0052,1539946200.0,2811.44,296751185786.48
600276,2025-03-07,46.4,45.68,46.4,45.52,33661400.0,0.0053,1544840700.0,2762.01,291392823876.32
600276,2025-03-10,45.82,45.49,46.16,45.0,34360600.0,0.0054,1561460700.0,2750.83,290180813444.26
600276,2025-03-11,45.05,45.34,45.49,44.95,29153500.0,0.0046,1317152200.0,2742.01,289223963103.16
600276,2025-03-12,45.38,45.0,45.79,44.95,33955100.0,0.0053,1533371099.9999998,2722.0,287055102330.0
600276,2025-03-13,45.05,45.03,45.28,44.77,24334900.0,0.0038,1095003500.0,2723.76,287246472398.22
600276,2025-03-14,45.12,46.54,46.87,44.88,57320700.0,0.009000000000000001,2648874600.0,2812.62,296878765831.96
600276,2025-03-17,47.32,46.48,47.35,46.38,27743100.0,0.0043,1295638300.0,2809.09,296496025695.52
600276,2025-03-18,46.88,46.5,47.48,46.42,30830900.0,0.0048,1443933599.9999998,2810.27,296623605741.0
600276,2025-03-19,46.52,47.29,48.12,46.3,48516200.0,0.0076,2295409200.0,2856.75,301663017537.46
600276,2025-03-20,47.2,46.63,47.47,46.48,32518800.0,0.0051,1521454300.0,2817.92,297452876036.62
600276,2025-03-21,46.4,44.85,46.63,44.83,54153800.0,0.0085,2458827800.0,2713.17,286098251988.9
600276,2025-03-24,44.86,44.35,45.04,44.2,32707600.0,0.0051,1454999400.0,2683.75,282908750851.9
600276,2025-03-25,44.47,44.87,45.02,44.23,22910500.0,0.0036,1026660600.0,2714.35,286225832034.38
600276,2025-03-26,46.2,46.23,46.94,46.07,61103600.0,0.0096,2832596100.0,2794.38,294901275127.02
600276,2025-03-27,46.08,48.39,48.42,45.6,86863200.0,0.013600000000000001,4127696700.0,2921.48,308679920038.86
600276,2025-03-28,48.39,48.61,49.53,48.39,77299800.0,0.0121,3782798000.0,2934.43,310083300539.14
600276,2025-03-31,48.98,49.2,50.08,48.85,78316600.0,0.0123,3863528300.0,2969.15,313846911880.8
600276,2025-04-01,49.2,51.8,52.5,48.91,135906300.0,0.0213,6963773600.0,3122.14,330432317793.2
600276,2025-04-02,51.32,50.85,51.76,50.66,63187900.0,0.009899999999999999,3230471800.0,3066.24,324372265632.9
600276,2025-04-03,50.41,51.04,51.6,50.41,51785800.0,0.008100000000000001,2643033100.0,3077.42,325584276064.96
600276,2025-04-07,48.8,48.7,49.85,46.76,115503300.0,0.0181,5580749500.0,2939.72,310657410743.8
600276,2025-04-08,48.8,48.7,49.29,47.26,98764600.0,0.0155,4739094900.0,2939.72,310657410743.8
600276,2025-04-09,47.73,48.22,48.22,45.86,97520000.0,0.015300000000000001,4574095300.0,2911.48,307595489652.28
600276,2025-04-10,48.97,48.5,49.09,47.86,73171300.0,0.0115,3541702199.9999995,2927.95,309381610289.0
600276,2025-04-11,48.16,48.38,48.68,47.8,42579800.0,0.0067,2053266800.0,2920.89,308616130016.12
600276,2025-04-14,48.38,48.87,50.0,48.1,57183400.0,0.009000000000000001,2811326100.0,2949.73,311741841130.38
600276,2025-04-15,48.6,48.27,48.93,47.92,32628900.0,0.0051,1571241600.0,2914.42,307914439765.98
600276,2025-04-16,48.4,48.9,48.9,47.36,45534400.0,0.0070999999999999995,2184411100.0,2951.49,311933211198.6
600276,2025-04-17,48.54,48.78,48.87,48.32,30390000.0,0.0048,1477059100.0,2944.43,311167730925.72
600276,2025-04-18,48.58,48.0,48.92,47.86,25330200.0,0.004,1217785100.0,2898.53,306192109152.0
600276,2025-04-21,47.7,49.17,49.4,47.63,37068000.0,0.0058,1811287000.0,2967.38,313655541812.58
600276,2025-04-22,49.04,50.97,51.3,49.04,61789200.0,0.0097,3116791000.0,3073.3,325137745905.78
600276,2025-04-23,50.96,51.09,51.45,50.62,38543000.0,0.006,1964625799.9999998,3080.36,325903226178.66
600276,2025-04-24,50.97,51.13,51.72,50.42,33607700.0,0.0053,1721477000.0,3082.71,326158386269.62
600276,2025-04-25,51.68,50.27,52.0,49.97,52432900.0,0.008199999999999999,2660677000.0,3032.11,320672444313.98
600276,2025-04-28,49.68,49.97,50.15,49.0,39621000.0,0.0062,1969933599.9999998,3014.46,318758743631.78
600276,2025-04-29,49.71,49.6,49.73,48.88,34667000.0,0.0054,1708826500.0,2992.68,316398512790.4
600276,2025-04-30,49.45,51.1,51.36,49.3,42933800.0,0.0067,2173618400.0,3080.95,325967016201.4
600276,2025-05-06,52.1,51.0,52.18,50.73,38543900.0,0.006,1971966000.0,3075.06,325329115974.0
600276,2025-05-07,52.1,51.51,52.25,51.01,39728800.0,0.0062,2044498599.9999998,3105.08,328582407133.74
600276,2025-05-08,51.22,51.56,51.73,51.03,29014800.0,0.0045000000000000005,1493108299.9999998,3108.02,328901357247.44
600276,2025-05-09,51.56,52.81,52.99,51.45,58603700.0,0.0092,3078537800.0000005,3181.57,336875110089.94
600276,2025-05-12,52.0,50.69,52.0,50.2,84391200.0,0.0132,4279425900.0000005,3056.82,323351625269.06
600276,2025-05-13,51.19,51.23,52.23,50.88,51913200.0,0.008100000000000001,2667979500.0,3088.6,326796286497.02
600276,2025-05-14,51.02,52.9,53.25,51.01,62634700.0,0.0098,3280790300.0000005,3186.87,337449220294.6
600276,2025-05-15,52.9,53.69,53.95,52.7,53361500.0,0.0084,2853103000.0,3233.36,342488632091.06
600276,2025-05-16,53.49,53.85,54.0,52.9,38217700.0,0.006,2047406400.0000002,3242.77,343509272454.9
600276,2025-05-19,53.8,53.45,54.33,53.05,35019100.0,0.0055000000000000005,1875209000.0,3219.23,340957671545.3
600276,2025-05-20,54.29,54.45,55.15,53.79,59335700.0,0.009300000000000001,3233612000.0,3278.08,347336673819.3
600276,2025-05-21,54.28,55.94,56.5,54.03,61240300.0,0.0096,3398156900.0,3365.76,356841387207.56
600276,2025-05-22,56.0,55.6,56.36,55.16,41314600.0,0.006500000000000001,2298821700.0,3345.75,354672526434.4
600276,2025-05-23,55.9,54.5,56.0,54.3,54184000.0,0.0085,2981192900.0,3292.77,359891953033.0
600276,2025-05-26,54.2,53.35,54.63,53.06,53228400.0,0.0083,2850955800.0,3225.1,352297902647.9
600276,2025-05-27,53.22,53.42,54.09,53.13,36032300.0,0.005600000000000001,1930051300.0,3229.22,352760149193.08
600276,2025-05-28,53.59,54.25,54.93,53.33,35805000.0,0.005600000000000001,1943962400.0,3278.06,358241072514.5
600276,2025-05-29,54.15,54.1,54.59,53.86,35485300.0,0.005600000000000001,1924548700.0,3269.24,357250544203.4
600276,2025-05-30,54.29,54.74,55.66,54.25,47142200.0,0.0074,2590435200.0,3306.9,361476798330.76
600276,2025-06-03,54.74,54.88,55.78,54.25,43445000.0,0.0068000000000000005,2397345700.0,3315.13,362401291421.12
600276,2025-06-04,54.84,55.29,55.84,54.61,36859300.0,0.0058,2038925100.0,3339.26,365108735471.46
600276,2025-06-05,55.1,53.88,55.1,53.55,49527300.0,0.0078000000000000005,2675359800.0,3256.29,355797769347.12
600276,2025-06-06,53.9,53.8,54.18,53.38,34453400.0,0.0054,1849933000.0,3251.58,355269487581.2
600276,2025-06-09,54.0,54.36,55.79,53.78,65690600.0,0.0103,3607525600.0,3284.53,358967459942.64
600276,2025-06-10,54.38,55.13,55.8,54.38,48073500.0,0.0075,2654117500.0,3329.85,364052171939.62
600276,2025-06-11,55.0,54.71,55.81,54.55,37773600.0,0.0059,2080608900.0000002,3305.13,361278692668.54
600276,2025-06-12,54.4,55.82,56.2,54.0,49318800.0,0.0077,2730556500.0,3370.45,368608602170.68
600276,2025-06-13,55.69,53.89,56.06,53.56,66023800.0,0.0104,3593704500.0,3256.88,355863804567.86
600276,2025-06-16,53.41,53.76,54.08,53.1,39224100.0,0.0060999999999999995,2100282400.0,3249.23,355005346698.24
600276,2025-06-17,54.0,51.84,54.21,51.6,69518000.0,0.0109,3648258400.0000005,3136.25,342326584316.16
600276,2025-06-18,51.7,51.81,52.23,51.32,33409500.0,0.0052,1728559100.0,3134.48,342128478653.94
600276,2025-06-19,51.84,51.58,52.39,51.31,37316700.0,0.0058,1930536900.0,3120.95,340609668576.92
600276,2025-06-20,51.75,51.76,52.33,51.63,24060800.0,0.0038,1249132900.0,3131.54,341798302550.24
600276,2025-06-23,51.68,51.96,52.18,51.2,31328100.0,0.0049,1620281099.9999998,3143.31,343119006965.04
600276,2025-06-24,52.09,52.15,52.5,51.73,45103500.0,0.0070999999999999995,2347207000.0,3154.49,346129973429.1
600276,2025-06-25,52.15,52.95,53.03,51.31,53648200.0,0.0084,2799316500.0,3201.56,351439733328.3
600276,2025-06-26,52.6,52.08,52.95,51.9,39226900.0,0.0060999999999999995,2050704900.0,3150.37,345665369437.92
600276,2025-06-27,51.91,51.95,52.07,51.67,28776500.0,0.0045000000000000005,1492711800.0,3142.72,344802533454.3
600276,2025-06-30,51.91,51.9,52.19,50.99,44535500.0,0.006999999999999999,2292910200.0,3139.78,344470673460.6
600276,2025-07-01,51.89,52.46,52.74,51.8,39772500.0,0.0062,2084478400.0,3172.73,348187505390.04
600276,2025-07-02,52.4,52.25,53.44,52.1,32571200.0,0.0051,1714632100.0,3160.37,346793693416.5
600276,2025-07-03,52.26,52.47,52.58,51.81,29367800.0,0.0046,1536828900.0000002,3173.32,348253877388.78
600276,2025-07-04,52.61,53.26,53.79,52.6,47792300.0,0.0075,2548289600.0,3219.81,353497265289.24
600276,2025-07-07,53.38,52.65,53.59,52.56,28638800.0,0.0045000000000000005,1516132800.0,3183.91,349448573366.1
600276,2025-07-08,52.69,53.4,53.69,52.5,35926300.0,0.005600000000000001,1916547600.0,3228.04,354426473271.6
600276,2025-07-09,53.4,57.19,57.94,53.02,115821200.0,0.0182,6507788400.0,3451.06,379581460794.06
600276,2025-07-10,57.13,57.6,58.28,56.61,90371600.0,0.014199999999999999,5204345900.0,3475.19,382302712742.4
600276,2025-07-11,57.51,56.9,58.12,56.88,65863200.0,0.0103,3779524300.0,3434.0,377656672830.6
600276,2025-07-14,56.75,57.21,58.05,56.56,47375800.0,0.0074,2714468300.0,3452.24,379714204791.54
600276,2025-07-15,57.25,57.22,57.53,56.52,43692800.0,0.0068000000000000005,2491977100.0,3452.83,379780576790.28
600276,2025-07-16,57.65,57.22,58.9,57.04,39819100.0,0.0062,2293530500.0,3452.83,379780576790.28
600276,2025-07-17,56.9,57.73,57.9,56.84,44414600.0,0.006999999999999999,2553187400.0,3482.84,383165548726.02
600276,2025-07-18,58.21,58.76,59.86,57.9,66098600.0,0.0104,3881474099.9999995,3543.45,390001864596.24
600276,2025-07-21,58.5,58.0,58.8,57.68,50944200.0,0.008,2960736599.9999995,3498.73,384957592692.0
600276,2025-07-22,58.0,57.41,58.85,57.2,47557000.0,0.0075,2753253600.0,3464.01,381041644766.34
600276,2025-07-23,57.2,57.13,58.08,56.87,42529500.0,0.0067,2440208200.0,3447.53,379183228801.62
600276,2025-07-24,57.44,57.5,57.98,56.95,46583400.0,0.0073,2670846700.0,3469.31,381638992755.0
600276,2025-07-25,57.5,56.4,57.55,56.35,50539400.0,0.0079,2873987100.0,3404.58,374338072893.6
600276,2025-07-28,60.1,62.04,62.04,59.66,163009600.0,0.0256,9943549100.0,3736.46,411771880182.96
600276,2025-07-29,63.0,63.8,65.43,62.13,168276900.0,0.0264,10731327200.0,3840.02,423453351961.2
600276,2025-07-30,63.81,63.59,64.73,62.65,98084900.0,0.0154,6247901700.0,3827.67,422059539987.66
600276,2025-07-31,63.4,62.9,64.25,62.5,74203900.0,0.0116,4690208200.0,3787.06,417479872074.6
600276,2025-08-01,62.83,61.31,63.58,60.76,73465500.0,0.0115,4545894500.0,3693.5,406926724274.94
600276,2025-08-04,60.6,62.0,62.05,60.0,68961300.0,0.0108,4217834699.9999995,3734.1,411506392188.0
600276,2025-08-05,62.11,62.3,62.46,61.56,54144300.0,0.0085,3356911200.0,3751.76,413497552150.2
600276,2025-08-06,62.19,61.58,62.55,61.38,57247900.0,0.009000000000000001,3539622199.9999995,3709.39,408718768240.92
600276,2025-08-07,61.25,60.81,62.1,60.7,50476400.0,0.0079,3088025800.0,3664.08,403608124337.94
600276,2025-08-08,60.7,60.99,61.13,60.0,36297100.0,0.005699999999999999,2203721900.0,3674.67,404802820315.26
600276,2025-08-11,60.99,61.07,61.42,60.68,42575200.0,0.0067,2600063200.0,3679.38,405333796305.18
600276,2025-08-12,61.32,60.85,61.45,60.26,39183500.0,0.0060999999999999995,2380971100.0,3666.43,403873612332.9
600276,2025-08-13,60.85,62.61,63.51,60.85,81529600.0,0.0128,5079201600.0,3770.0,415555084111.14
600276,2025-08-14,62.85,62.82,63.6,62.36,57126600.0,0.009000000000000001,3597162000.0,3782.36,416948896084.68
600276,2025-08-15,62.64,63.4,64.27,62.46,61493300.0,0.0096,3908038800.0,3816.49,420798472011.6
600276,2025-08-18,63.4,63.08,63.95,62.81,72885800.0,0.011399999999999999,4616557100.0,3797.66,418674568051.92
600276,2025-08-19,63.4,61.69,65.4,61.63,99770000.0,0.015600000000000001,6322095600.000001,3715.86,409448860227.06
600276,2025-08-20,61.66,62.85,62.97,61.11,65042400.0,0.0102,4025484200.0,3784.12,417148012080.9
600276,2025-08-21,63.98,63.99,65.33,62.95,85862900.0,0.013500000000000002,5507421600.0,3851.2,424714419937.26
600276,2025-08-22,64.71,64.98,65.2,63.83,63771900.0,0.01,4115097199.9999995,3909.46,431285247812.52
600276,2025-08-25,64.98,66.26,66.4,64.37,84923400.0,0.013300000000000001,5551997700.0,3984.78,439780863651.24
600276,2025-08-26,66.2,65.3,66.2,65.0,57512900.0,0.009000000000000001,3761929200.0,3928.29,433409151772.2
600276,2025-08-27,65.01,63.05,65.71,63.04,83616900.0,0.0131,5375767200.0,3795.89,418475452055.7
600276,2025-08-28,62.95,63.03,63.22,61.41,71590200.0,0.011200000000000002,4469129600.0,3794.71,418342708058.22
600276,2025-08-29,63.03,66.23,66.87,63.03,102318600.0,0.016,6677635300.0,3983.02,439581747655.02
600276,2025-09-01,66.4,68.35,68.88,65.92,87218100.0,0.0137,5917826700.0,4107.77,453652611387.9
600276,2025-09-02,69.8,68.87,70.77,67.8,108449000.0,0.017,7512721700.0,4138.36,457103955322.38
600276,2025-09-03,68.8,71.98,73.42,68.8,112936900.0,0.0177,8078844900.0,4321.37,477745646930.52
600276,2025-09-04,71.27,68.65,71.58,67.5,110289400.0,0.0173,7625423199.999999,4125.42,455643771350.1
600276,2025-09-05,69.0,72.47,72.98,69.0,93647900.0,0.0147,6663122800.0,4350.2,480997874868.78
600276,2025-09-08,73.0,72.31,73.87,71.64,74820900.0,0.011699999999999999,5423039900.0,4340.79,479935922888.94
600276,2025-09-09,72.17,71.09,74.04,70.48,76767000.0,0.012,5517534700.0,4269.0,471838539042.66
600276,2025-09-10,70.84,70.32,71.77,70.08,46820400.0,0.0073,3306783000.0,4223.69,466727895139.68
600276,2025-09-11,66.58,68.29,68.47,64.0,194235900.0,0.0304,12928573400.0,4104.23,453254379395.46
600276,2025-09-12,68.28,69.01,69.51,67.86,83121500.0,0.013000000000000001,5710845400.0,4146.6,458033163304.74
600276,2025-09-15,68.85,69.1,69.69,68.26,61188200.0,0.0096,4225790400.0,4151.9,458630511293.4
600276,2025-09-16,69.1,69.15,69.34,68.34,43458200.0,0.0068000000000000005,2991348400.0000005,4154.84,458962371287.1
600276,2025-09-17,69.3,70.13,70.8,69.3,58603400.0,0.0092,4103135900.0000005,4212.51,465466827163.62
600276,2025-09-18,70.56,71.09,73.12,69.9,86563900.0,0.013600000000000001,6173830300.0,4269.0,471838539042.66
600276,2025-09-19,71.1,69.65,71.24,69.49,52439200.0,0.008199999999999999,3681125700.0,4184.26,462280971224.1
600276,2025-09-22,70.49,71.05,72.7,70.4,57654200.0,0.009000000000000001,4118513300.0,4266.65,471573051047.7
600276,2025-09-23,71.0,69.7,71.19,68.5,56133000.0,0.0088,3909219699.9999995,4187.21,462612831217.8
600276,2025-09-24,69.7,70.11,70.38,69.3,39530200.0,0.0062,2763214600.0,4211.33,465334083166.14
600276,2025-09-25,72.4,72.27,73.08,71.55,73903900.0,0.0116,5347121400.0,4338.44,479670434893.98
600276,2025-09-26,70.8,70.08,71.37,69.23,69904500.0,0.011000000000000001,4900954400.0,4209.57,465134967169.92
600276,2025-09-29,69.79,69.2,69.79,67.76,64799100.0,0.0102,4442889500.0,4157.78,459294231280.8
600276,2025-09-30,69.0,71.55,71.58,68.8,57945100.0,0.0091,4079739699.9999995,4296.07,474891650984.7
600276,2025-10-09,71.56,71.15,71.66,69.11,59279300.0,0.009300000000000001,4173571900.0,4272.53,472236771035.1
600276,2025-10-10,70.38,68.2,70.88,67.85,70610100.0,0.0111,4868800900.0,4098.94,452657031406.8
600276,2025-10-13,66.0,66.98,68.03,65.7,53228700.0,0.0083,3555005500.0,4027.15,444559647560.52
600276,2025-10-14,67.61,64.27,67.66,63.7,70294700.0,0.011000000000000001,4593967600.0,3867.68,426572835901.98
600276,2025-10-15,64.2,66.4,66.42,63.68,51123200.0,0.008,3335928400.0000005,3993.02,440710071633.6
600276,2025-10-16,66.43,66.84,68.5,65.72,46037800.0,0.0072,3096812000.0,4018.91,443630439578.16
600276,2025-10-17,66.85,65.1,67.4,65.0,34950700.0,0.0055000000000000005,2298728200.0,3916.52,432081711797.4
600276,2025-10-20,65.99,65.13,66.51,64.83,32671700.0,0.0051,2146357400.0,3918.29,432280827793.62
600276,2025-10-21,65.5,66.0,66.58,65.14,36956000.0,0.0058,2436269500.0,3969.48,438055191684.0
600276,2025-10-22,66.25,65.26,66.79,65.01,39804800.0,0.0062,2610971800.0,3925.94,433143663777.24
600276,2025-10-23,65.01,65.14,65.43,64.02,34278500.0,0.0054,2219041400.0,3918.88,432347199792.36
600276,2025-10-24,65.26,65.5,66.36,65.01,37275300.0,0.0058,2441099900.0,3940.06,434736591747.0
600276,2025-10-27,66.55,67.01,67.85,66.51,50892500.0,0.008,3413538800.0,4028.91,444758763556.74
600276,2025-10-28,65.22,63.62,65.46,63.5,108209000.0,0.017,6923383000.0,3829.43,422258655983.88
600276,2025-10-29,63.6,64.02,64.48,62.71,56217500.0,0.0088,3577122199.9999995,3852.97,424913535933.48
600276,2025-10-30,64.02,62.88,64.02,62.87,60874000.0,0.0095,3856500500.0,3785.89,417347128077.12
600276,2025-10-31,63.36,64.15,65.49,63.2,83706400.0,0.0131,5386074700.0,3860.62,425776371917.1
600276,2025-11-03,64.96,63.4,64.99,62.82,46030600.0,0.0072,2924454200.0,3816.49,420798472011.6
600276,2025-11-04,63.42,61.92,63.45,61.55,51561000.0,0.008100000000000001,3215841300.0,3729.4,410975416198.08
600276,2025-11-05,61.3,61.96,62.49,61.22,33438100.0,0.0052,2074291400.0000002,3731.75,411240904193.04
600276,2025-11-06,61.95,62.42,62.5,61.47,25252400.0,0.004,1567372100.0,3758.82,414294016135.08
600276,2025-11-07,62.0,61.58,62.49,61.5,27065400.0,0.0042,1670989000.0,3709.39,408718768240.92
600276,2025-11-10,61.57,61.83,61.93,60.96,39624800.0,0.0062,2431973900.0,3724.1,410378068209.42
600276,2025-11-11,61.95,61.06,62.2,61.0,27516000.0,0.0043,1687561600.0,3678.79,405267424306.44
600276,2025-11-12,61.09,62.1,62.86,61.09,51426800.0,0.008100000000000001,3203516800.0,3739.99,412170112175.4
600276,2025-11-13,62.69,63.56,63.79,62.23,50831800.0,0.008,3211808900.0,3825.9,421860423991.44
600276,2025-11-14,63.45,62.9,63.9,62.76,31950400.0,0.005,2021555100.0,3787.06,417479872074.6
600276,2025-11-17,62.89,61.8,63.05,61.41,31538500.0,0.0049,1952561600.0,3722.34,410178952213.2
600276,2025-11-18,61.61,61.78,62.85,61.52,21910100.0,0.0034000000000000002,1359324800.0,3721.16,410046208215.72
600276,2025-11-19,61.5,61.11,61.78,61.02,21116200.0,0.0033,1295307100.0,3681.73,405599284300.14
600276,2025-11-20,61.23,60.63,61.65,60.54,25348000.0,0.004,1544020799.9999998,3653.49,402413428360.62
600276,2025-11-21,60.33,59.5,61.1,59.31,44733500.0,0.006999999999999999,2679336100.0,3586.99,394913392503.0
600276,2025-11-24,60.04,60.66,61.1,59.96,34397300.0,0.0054,2083464700.0,3655.25,402612544356.84
600276,2025-11-25,61.1,60.88,61.61,60.53,26504500.0,0.0042,1620797700.0,3668.2,404072728329.12
600276,2025-11-26,61.5,62.36,62.8,61.03,43986200.0,0.0069,2739532800.0000005,3755.29,413895784142.64
600276,2025-11-27,62.6,62.09,62.96,61.94,25730800.0,0.004,1604386099.9999998,3739.4,412103740176.66
600276,2025-11-28,62.36,62.08,62.36,61.61,20277600.0,0.0032,1257510600.0,3738.81,412037368177.92
600276,2025-12-01,62.08,61.94,62.09,61.06,25483100.0,0.004,1567868100.0,3730.57,411108160195.56
600276,2025-12-02,61.9,61.12,61.9,61.0,18230600.0,0.0029,1115986000.0,3682.32,405665656298.88
600276,2025-12-03,61.1,60.97,61.55,60.7,19853000.0,0.0031,1211358000.0,3673.5,404670076317.78
600276,2025-12-04,61.01,61.25,61.49,60.97,18040800.0,0.0028000000000000004,1103403600.0,3689.97,406528492282.5
600276,2025-12-05,61.19,61.62,61.79,60.7,23117600.0,0.0036,1418751000.0,3711.74,408984256235.88
600276,2025-12-08,62.6,62.46,63.55,61.92,50861800.0,0.008,3186857199.9999995,3761.17,414559504130.04
600276,2025-12-09,62.32,63.08,64.15,62.3,49359300.0,0.0077,3131342800.0000005,3797.66,418674568051.92
600276,2025-12-10,63.15,63.38,63.56,62.27,28896000.0,0.0045000000000000005,1820981700.0000002,3815.31,420665728014.12
600276,2025-12-11,63.56,63.4,63.94,63.11,24706100.0,0.0039000000000000003,1569053200.0,3816.49,420798472011.6
600276,2025-12-12,63.28,63.28,63.28,62.26,31562900.0,0.0049,1984535400.0,3809.43,420002008026.72
600276,2025-12-15,62.68,61.38,62.68,61.38,29007200.0,0.0045000000000000005,1796682700.0,3697.62,407391328266.12
600276,2025-12-16,61.38,59.15,61.49,58.68,52378500.0,0.008199999999999999,3112549400.0,3566.4,392590372547.1
600276,2025-12-17,59.35,60.3,60.8,59.01,33041800.0,0.0052,1980882800.0,3634.07,400223152402.2
600276,2025-12-18,60.05,60.0,60.57,59.95,17930900.0,0.0028000000000000004,1078752400.0,3616.42,398231992440.0
600276,2025-12-19,60.07,60.85,61.38,59.91,28835800.0,0.0045000000000000005,1753822200.0,3666.43,403873612332.9
600276,2025-12-22,60.81,60.93,61.5,60.33,23670900.0,0.0037,1444845700.0,3671.14,404404588322.82
600276,2025-12-23,60.85,61.8,62.56,60.84,32919100.0,0.0052,2037549700.0,3722.34,410178952213.2
600276,2025-12-24,61.67,61.23,62.0,61.08,25050200.0,0.0039000000000000003,1539580700.0,3688.79,406395748285.02
600276,2025-12-25,61.22,61.4,61.66,61.03,15518200.0,0.0024,952122300.0,3698.8,407524072263.6
600276,2025-12-26,61.3,61.06,61.66,60.6,21430800.0,0.0034000000000000002,1311044200.0000002,3678.79,405267424306.44
600276,2025-12-29,61.06,60.51,61.27,60.41,28575200.0,0.0045000000000000005,1737055900.0,3646.43,401616964375.74
600276,2025-12-30,60.4,60.18,60.6,59.9,25330500.0,0.004,1525944000.0,3627.01,399426688417.32
600276,2025-12-31,60.16,59.57,60.36,59.5,26827900.0,0.0042,1603948700.0,3591.11,395377996494.18
600276,2026-01-05,60.06,63.08,63.49,59.99,85117000.0,0.013300000000000001,5316701700.0,3797.66,418674568051.92
600276,2026-01-06,63.36,63.06,63.48,62.4,46352500.0,0.0073,2919198700.0,3796.48,418541824054.44
600276,2026-01-07,63.01,63.85,64.8,63.0,52465200.0,0.008199999999999999,3364332700.0,3842.97,423785211954.9
600276,2026-01-08,65.0,63.6,65.05,63.03,44774900.0,0.006999999999999999,2854769500.0,3828.26,422125911986.4
600276,2026-01-09,63.58,63.78,64.2,62.8,42635800.0,0.0067,2709908700.0,3838.85,423320607963.72
600276,2026-01-12,64.1,63.85,64.3,63.21,42877000.0,0.0067,2735494000.0,3842.97,423785211954.9
600276,2026-01-13,64.3,64.52,65.83,64.05,74034000.0,0.0116,4818680900.0,3882.39,428232135870.48
600276,2026-01-14,64.55,63.61,65.6,63.2,62925500.0,0.009899999999999999,4049394400.0,3828.84,422192283985.14
600276,2026-01-15,63.18,63.17,63.83,62.7,46761200.0,0.0073,2956591599.9999995,3802.95,419271916040.58
600276,2026-01-16,63.35,61.94,63.52,61.66,52378600.0,0.008199999999999999,3262750200.0,3730.57,411108160195.56
600276,2026-01-19,61.8,61.12,62.38,60.66,47389100.0,0.0074,2909640700.0,3682.32,405665656298.88
600276,2026-01-20,61.13,60.5,61.65,60.4,42775500.0,0.0067,2599009100.0,3645.84,401550592377.0
600276,2026-01-21,60.51,60.1,60.88,59.86,54603500.0,0.0086,3291737400.0,3622.3,398895712427.4
600276,2026-01-22,60.36,59.44,60.36,59.3,53706800.0,0.0084,3203889200.0,3583.46,394515160510.56
600276,2026-01-23,59.73,58.99,60.27,58.76,80804300.0,0.0127,4801931300.0,3556.98,391528420567.26
600276,2026-01-26,58.99,58.16,59.16,58.05,72732900.0,0.011399999999999999,4244912100.0,3508.14,386019544671.84
600276,2026-01-27,58.39,57.2,58.49,57.14,63725500.0,0.01,3659971200.0,3451.65,379647832792.8
600276,2026-01-28,57.44,56.55,57.8,56.3,87875000.0,0.0138,4992876600.0,3413.4,375333652874.7
600276,2026-01-29,56.35,58.11,58.37,56.08,113782500.0,0.0178,6528912300.0,3505.2,385687684678.14
600276,2026-01-30,58.0,58.16,59.79,57.76,85204500.0,0.0134,4988191700.0,3508.14,386019544671.84
600276,2026-02-02,57.76,56.49,58.33,56.31,60958000.0,0.0096,3482011300.0,3409.87,374935420882.26
600276,2026-02-03,57.0,57.47,57.69,56.5,49883500.0,0.0078000000000000005,2850875700.0,3467.54,381439876758.78
600276,2026-02-04,57.3,57.6,57.7,56.23,48924300.0,0.0077,2781889099.9999995,3475.19,382302712742.4
600276,2026-02-05,57.5,58.16,58.47,57.3,51774600.0,0.008100000000000001,3003455300.0000005,3508.14,386019544671.84
600276,2026-02-06,57.74,57.31,58.15,57.24,36090400.0,0.005699999999999999,2078633900.0000002,3458.13,380377924778.94
600276,2026-02-09,57.75,57.45,57.89,57.0,36611700.0,0.005699999999999999,2100347800.0,3466.36,381307132761.3
600276,2026-02-10,57.46,58.4,59.04,57.05,64886100.0,0.0102,3782365000.0,3522.27,387612472641.6
600276,2026-02-11,58.4,58.9,59.95,58.35,57368000.0,0.009000000000000001,3389452500.0,3551.69,390931072578.6
600276,2026-02-12,58.6,58.74,59.49,58.5,34869000.0,0.0055000000000000005,2051201500.0,3542.27,389869120598.76
600276,2026-02-13,58.76,58.23,59.05,58.13,34356800.0,0.0054,2009040600.0,3512.26,386484148663.02
600276,2026-02-24,58.31,58.01,58.48,57.72,33898100.0,0.0053,1967938000.0,3499.32,385023964690.74
600276,2026-02-25,57.98,57.86,58.2,57.58,42157900.0,0.0066,2436801400.0,3490.49,384028384709.64
600276,2026-02-26,57.86,56.72,58.1,56.6,50898700.0,0.008,2904851200.0,3423.41,376461976853.28
600276,2026-02-27,56.62,56.56,57.27,56.3,36364100.0,0.005699999999999999,2063125400.0,3413.99,375400024873.44
600276,2026-03-02,55.58,54.54,56.08,54.2,74206200.0,0.0116,4067670800.0,3295.13,361992881127.96
600276,2026-03-03,54.7,53.61,55.33,53.45,60139900.0,0.009399999999999999,3257388800.0,3240.4,355820285245.14
600276,2026-03-04,53.22,52.98,53.9,52.67,47151800.0,0.0074,2502294700.0,3203.33,351638849324.52
600276,2026-03-05,53.41,53.72,54.84,53.1,48486000.0,0.0076,2609662200.0,3246.87,356550377231.28
600276,2026-03-06,53.6,55.56,55.67,53.4,62911900.0,0.009899999999999999,3465527800.0000005,3355.15,368762824999.44
600276,2026-03-09,54.78,54.94,55.18,54.05,42623300.0,0.0067,2329596400.0,3318.66,364647761077.56
600276,2026-03-10,55.3,56.55,56.75,55.3,47360500.0,0.0074,2669120600.0,3413.4,375333652874.7
600276,2026-03-11,56.45,55.83,56.55,55.6,32125900.0,0.005,1795447700.0,3371.04,370554868965.42
600276,2026-03-12,55.8,55.3,56.04,55.23,26669100.0,0.0042,1480023599.9999998,3339.85,367037153032.2
600276,2026-03-13,55.3,55.11,55.63,54.95,24416400.0,0.0038,1347312500.0,3328.67,365776085056.14
600276,2026-03-16,55.21,55.59,56.05,54.52,30775100.0,0.0048,1706961099.9999998,3356.91,368961940995.66
600276,2026-03-17,55.69,56.3,57.44,55.38,50411100.0,0.0079,2853748300.0,3398.69,373674352906.2
600276,2026-03-18,56.26,56.88,57.08,56.02,39379300.0,0.0062,2228050300.0,3432.82,377523928833.12
600276,2026-03-19,56.17,56.02,57.03,55.91,34364700.0,0.0054,1935908100.0,3382.22,371815936941.48
600276,2026-03-20,56.19,55.14,56.76,55.05,34739500.0,0.0054,1936270300.0,3330.43,365975201052.36
600276,2026-03-23,54.18,52.78,54.35,52.41,48770200.0,0.0076,2600360800.0,3191.56,350311409349.72
600276,2026-03-24,53.27,53.64,53.74,52.81,34835500.0,0.0055000000000000005,1854905799.9999998,3242.17,356019401241.36
600276,2026-03-25,54.0,54.1,54.86,53.84,41152600.0,0.006500000000000001,2230992200.0,3269.24,359072513183.4
600276,2026-03-26,53.28,51.63,54.1,51.54,64941700.0,0.0102,3412838800.0,3123.89,342678629494.62
600276,2026-03-27,51.3,55.18,55.48,51.11,99119600.0,0.0155,5393542900.0,3332.79,366240689047.32
600276,2026-03-30,54.73,55.76,56.1,54.61,69727100.0,0.0109,3866003900.0,3366.92,370090264974.24
600276,2026-03-31,55.86,55.22,57.38,55.2,69292400.0,0.0109,3885745200.0,3335.14,366506177042.28
600276,2026-04-01,56.03,57.73,57.78,55.6,100551700.0,0.0158,5750559300.000001,3482.84,383165548726.02
600276,2026-04-02,57.74,57.37,58.35,57.01,76517000.0,0.012,4415860400.0,3461.66,380776156771.38
600276,2026-04-03,56.98,56.38,56.99,56.1,45491600.0,0.0070999999999999995,2569467000.0,3403.4,374205328896.12
600276,2026-04-07,56.51,56.12,56.85,55.0,40146700.0,0.0063,2244163300.0,3388.1,372479656928.88
600276,2026-04-08,57.01,57.45,57.64,55.91,73446300.0,0.0115,4189267300.0,3466.36,381307132761.3
600276,2026-04-09,56.92,56.96,57.97,56.71,48075500.0,0.0075,2749696400.0,3437.53,378054904823.04
600276,2026-04-10,57.5,57.06,58.14,56.8,58779500.0,0.0092,3371850900.0000005,3443.41,378718624810.44
600276,2026-04-13,56.6,55.2,56.64,55.01,79604400.0,0.0125,4431612900.0,3333.96,366373433044.8
600276,2026-04-14,55.35,56.18,56.31,54.8,57445700.0,0.009000000000000001,3184393100.0,3391.63,372877888921.32
600276,2026-04-15,57.94,57.73,58.45,57.04,102948000.0,0.0161,5945432700.0,3482.84,383165548726.02
600276,2026-04-16,57.98,57.47,58.0,57.02,57671800.0,0.009000000000000001,3311971300.0,3467.54,381439876758.78
600276,2026-04-17,57.2,56.33,57.2,56.01,63252400.0,0.009899999999999999,3567405900.0000005,3400.46,373873468902.42
600276,2026-04-20,56.33,56.34,56.68,55.83,43304900.0,0.0068000000000000005,2433980900.0,3401.05,373939840901.16
600276,2026-04-21,56.35,55.75,56.76,55.55,43275100.0,0.0068000000000000005,2420276800.0,3366.33,370023892975.5
600276,2026-04-22,55.6,55.44,55.94,54.94,52356300.0,0.008199999999999999,2894035200.0,3348.09,367966361014.56
600276,2026-04-23,56.03,56.4,57.96,56.03,96393800.0,0.0151,5474037200.0,3404.58,374338072893.6
600276,2026-04-24,56.5,56.05,56.75,55.32,55779800.0,0.0087,3129630500.0,3383.98,372015052937.7
600276,2026-04-27,56.06,55.38,56.07,55.2,45553000.0,0.0070999999999999995,2523081200.0,3344.56,367568129022.12
600276,2026-04-28,55.38,54.84,57.35,54.8,90312000.0,0.014199999999999999,5056516300.0,3312.78,363984041090.16
600276,2026-04-29,54.83,54.99,55.08,54.2,59150900.0,0.009300000000000001,3232737400.0,3321.61,364979621071.26
600276,2026-04-30,55.04,53.88,55.04,53.81,71248500.0,0.011200000000000002,3855730700.0,3256.29,357612329211.12
600276,2026-05-06,53.98,53.63,54.11,53.4,66574800.0,0.0104,3573491900.0,3241.58,355953029242.62
600276,2026-05-07,53.88,53.68,54.43,53.4,62345200.0,0.0098,3352802199.9999995,3244.52,356284889236.32
600276,2026-05-08,53.88,52.8,53.92,52.68,80241500.0,0.0126,4253912500.0,3192.74,350444153347.2
600276,2026-05-11,52.8,53.52,53.79,52.12,102306300.0,0.016,5425541100.0,3235.11,355222937256.48
600276,2026-05-12,53.53,56.11,58.87,52.75,246540000.0,0.038599999999999995,13832346399.999998,3387.51,372413284930.14
600276,2026-05-13,56.11,55.86,57.26,55.66,132779100.0,0.0208,7453651600.0,3372.8,370753984961.64
600276,2026-05-14,55.8,54.32,56.74,54.28,91722700.0,0.0144,5058298400.0,3282.18,360532697155.68
600276,2026-05-15,54.08,53.99,55.66,53.75,76598900.0,0.012,4173748500.0,3262.76,358342421197.26
600276,2026-05-18,53.78,52.43,53.8,52.19,78660900.0,0.0123,4141536200.0,3170.97,347988389393.82
600276,2026-05-19,52.3,51.59,52.91,51.33,69909500.0,0.011000000000000001,3627118900.0,3121.54,342413141499.66
600276,2026-05-20,51.51,50.95,51.96,50.38,82704600.0,0.013000000000000001,4207608500.0,3083.88,338165333580.3
600276,2026-05-21,51.03,51.45,52.79,50.88,99402500.0,0.015600000000000001,5157539000.0,3113.3,341483933517.3
600276,2026-05-22,51.55,50.47,51.58,50.4,67762000.0,0.0106,3439250100.0,3055.63,334979477640.78
600276,2026-05-25,50.01,49.43,50.02,49.02,83835500.0,0.0131,4132036900.0,2994.43,328076789771.82
600276,2026-05-26,49.08,49.2,50.17,48.8,71374600.0,0.011200000000000002,3526003700.0,2980.9,326550233800.8
600276,2026-05-27,48.88,50.37,51.3,48.45,96115300.0,0.0151,4800578700.0,3061.52,334315757653.38
600276,2026-05-28,50.06,48.0,50.58,47.85,97869700.0,0.015300000000000001,4764526100.0,2922.05,318585593952.0
600276,2026-05-29,48.02,50.19,50.52,47.62,130040500.0,0.0204,6428005500.0,3050.92,333121061676.06
600276,2026-06-01,50.32,49.17,51.2,49.0,94665300.0,0.0148,4730298000.0,2990.9,326351117804.58
600276,2026-06-02,48.82,48.4,49.1,47.9,61144300.0,0.0096,2958268000.0,2945.59,321240473901.6
600276,2026-06-03,48.1,47.2,48.18,47.2,81536400.0,0.0128,3874213900.0,2874.98,313275834052.8
600276,2026-06-04,47.0,46.63,47.88,46.51,63924900.0,0.01,3002777700.0,2841.44,309492630124.62
600276,2026-06-05,47.48,47.08,48.72,47.0,93026400.0,0.0146,4447209400.0,2867.92,312479370067.92
600276,2026-06-08,46.6,45.94,47.72,45.55,68421100.0,0.010700000000000001,3166674099.9999995,2800.84,304912962211.56
600276,2026-06-09,46.34,46.38,46.6,45.26,62128600.0,0.0097,2856659900.0,2826.73,307833330156.12
600276,2026-06-10,46.1,47.01,47.38,45.91,62157600.0,0.0097,2901932500.0,2863.8,312014766076.74
600276,2026-06-11,46.7,46.98,47.2,46.22,47337400.0,0.0074,2211880800.0,2862.03,311815650080.52
600276,2026-06-12,47.2,48.49,48.95,46.56,100299000.0,0.015700000000000002,4824609000.0,2950.89,321837821890.26
600276,2026-06-15,48.44,47.88,48.8,47.62,66940800.0,0.0105,3219757500.0,2914.99,317789129967.12
600276,2026-06-16,47.6,47.35,48.09,47.14,50293500.0,0.0079,2385274200.0,2883.81,314271414033.9
600276,2026-06-17,47.37,46.99,47.66,46.78,51823900.0,0.008100000000000001,2440284400.0,2862.62,311882022079.26
600276,2026-06-18,46.99,48.42,49.5,46.61,118592800.0,0.018600000000000002,5748480200.0,2946.77,321373217899.08
600276,2026-06-22,48.2,49.36,49.41,47.3,94632100.0,0.0148,4576625200.0,3002.08,327612185780.64
600276,2026-06-23,49.18,48.98,50.92,48.8,107582700.0,0.0169,5376611899.999999,2979.72,325090049828.52
600276,2026-06-24,48.98,50.25,51.36,48.93,135881200.0,0.0213,6874481899.999999,3054.45,333519293668.5
600276,2026-06-25,49.86,50.04,50.8,48.66,105138600.0,0.0165,5219089400.0,3042.1,332125481694.96
600276,2026-06-26,50.46,48.67,50.73,48.62,74961700.0,0.0118,3706726900.0,2961.48,323032517867.58
600276,2026-06-29,49.01,52.93,53.31,48.43,172756200.0,0.0271,8958581300.0,3212.16,351306989330.82
600276,2026-06-30,52.97,52.04,53.45,51.7,114641300.0,0.018000000000000002,6000711400.0,3159.78,345399881442.96
600276,2026-07-01,51.61,53.78,54.08,50.22,156930800.0,0.0246,8235118700.0,3262.17,356948609223.72
600276,2026-07-02,53.8,53.49,55.45,53.09,132023800.0,0.0207,7141714100.0,3245.11,355023821260.26
600276,2026-07-03,54.55,54.45,55.15,53.28,109867100.0,0.0172,5951497700.0,3301.6,361395533139.3
600276,2026-07-06,54.4,56.77,57.77,53.77,179698200.0,0.0282,10153086400.0,3438.12,376793836846.98
600276,2026-07-07,56.4,55.36,56.5,54.88,107722100.0,0.0169,5989364900.0,3355.15,367435385024.64
600276,2026-07-08,55.57,54.01,56.76,53.99,95782700.0,0.015,5273411200.0,3275.71,358475165194.74
600276,2026-07-09,53.2,55.61,55.77,52.85,110832200.0,0.0174,6049882800.0,3369.86,369094684993.14
600276,2026-07-10,54.6,55.75,57.48,54.55,133618900.0,0.0209,7492062000.0,3378.1,370023892975.5
600276,2026-07-13,55.11,55.75,56.22,54.78,93029300.0,0.0146,5152853200.0,3378.1,370023892975.5
600276,2026-07-14,55.75,54.82,55.98,54.27,96629200.0,0.0151,5314265800.0,3323.37,363851297092.68
600276,2026-07-15,54.26,57.5,58.0,54.26,194169700.0,0.0304,10991590800.0,3481.07,381638992755.0
600276,2026-07-16,56.81,55.99,57.4,55.51,122008400.0,0.0191,6880194399.999999,3392.22,371616820945.26
600276,2026-07-17,56.0,53.19,56.17,53.02,116181700.0,0.0182,6283258300.0,3227.46,353032661298.06
600276,2026-07-20,52.97,55.57,55.78,52.9,113306900.0,0.0178,6214720000.0,3367.51,368829196998.18
600276,2026-07-21,55.99,54.93,55.99,53.76,96439000.0,0.0151,5269033300.0,3329.85,364581389078.82
600276,2026-07-22,54.35,55.39,56.49,54.27,85979800.0,0.013500000000000002,4767071600.0,3356.91,367634501020.86
600276,2026-07-23,55.39,54.91,55.75,53.9,79998900.0,0.0125,4377851100.0,3328.67,364448645081.34
600276,2026-07-24,55.0,53.45,55.08,53.0,70483700.0,0.011000000000000001,3790751100.0,3242.76,354758333265.3
600276,2026-07-27,53.9,53.6,54.56,52.88,55245200.0,0.0087,2964873300.0,3251.58,355753913246.4
600276,2026-07-28,53.45,53.29,53.88,52.53,47979500.0,0.0075,2542729500.0,3233.34,353696381285.46
600276,2026-07-29,54.0,53.89,54.44,52.72,68465700.0,0.010700000000000001,3686520300.0000005,3268.65,357678701209.86
600276,2026-07-30,54.05,54.65,54.69,53.3,73587900.0,0.0115,3975428200.0,3313.37,362722973114.1
600276,2026-07-31,53.7,54.08,54.45,53.5,57808200.0,0.0091,3124597600.0,3279.83,358939769185.92
600276,2026-08-03,53.87,53.0,54.32,52.86,61609900.0,0.0097,3275809000.0,3216.28,351771593322.0
600276,2026-08-04,53.28,53.42,54.35,53.05,73006900.0,0.011399999999999999,3913843900.0,3240.99,354559217269.08
600276,2026-08-05,53.43,53.54,53.79,52.88,67092500.0,0.0105,3583246000.0,3248.05,355355681253.96
600276,2026-08-06,53.65,52.11,53.81,52.0,89863100.0,0.0141,4727889100.0,3163.9,345864485434.14
600276,2026-08-07,52.0,54.62,54.62,51.82,141931500.0,0.0222,7600965900.0,3311.6,362523857117.88
600276,2026-08-10,55.0,54.18,55.88,53.63,118365700.0,0.018600000000000002,6470269900.0,3285.71,359603489173.32
600276,2026-08-11,53.79,54.97,55.8,53.76,120761700.0,0.0189,6656983300.0,3332.2,364846877073.78
600276,2026-08-12,54.63,54.36,55.36,54.1,74881200.0,0.011699999999999999,4084685100.0,3296.3,360798185150.64
600276,2026-08-13,54.05,53.76,55.28,53.67,97590000.0,0.015300000000000001,5313853199.999999,3261.0,356815865226.24
600276,2026-08-14,53.68,52.62,53.75,52.2,87325100.0,0.0137,4615118900.0,3193.91,349249457369.88
600276,2026-08-17,52.49,52.87,53.63,51.85,66853000.0,0.0105,3527625700.0,3208.63,350908757338.38
600276,2026-08-18,52.72,52.37,53.03,52.07,59840400.0,0.009399999999999999,3137378700.0,3179.2,347590157401.38
600276,2026-08-19,52.67,52.66,52.68,52.02,63799200.0,0.01,3340675800.0,3196.27,349514945364.84
600276,2026-08-20,51.0,49.5,51.53,48.16,238741600.0,0.0374,11929918500.0,3010.32,328541393763.0
600276,2026-08-21,48.51,47.74,48.8,47.55,127415300.0,0.02,6108715100.0,2906.75,316859921984.76
600276,2026-08-24,47.54,46.76,48.08,46.47,86002300.0,0.013500000000000002,4047756800.0,2849.09,310355466108.24
600276,2026-08-25,46.53,46.49,46.88,46.22,77014300.0,0.0121,3583609000.0,2833.2,308563422142.26
600276,2026-08-26,46.49,46.74,47.48,46.49,78295400.0,0.0123,3679128500.0,2847.91,310222722110.76
600276,2026-08-27,46.78,47.61,47.62,46.5,77849500.0,0.012199999999999999,3667194000.0,2899.11,315997086001.14
600276,2026-08-28,47.58,47.32,47.67,47.1,53239700.0,0.0083,2522685000.0,2882.04,314072298037.68
600276,2026-08-31,47.17,46.07,47.17,45.88,89275900.0,0.013999999999999999,4126674300.0,2808.48,305775798195.18
600276,2026-09-01,46.05,46.23,46.4,45.9,46474000.0,0.0073,2146398900.0000002,2817.9,306837750175.02
600276,2026-09-02,46.23,45.57,46.32,45.49,54828800.0,0.0086,2509384100.0,2779.06,302457198258.18
600276,2026-09-03,45.6,45.96,46.09,45.36,50291700.0,0.0079,2300358100.0,2802.01,305045706209.04
600276,2026-09-04,45.97,46.02,46.41,45.9,48980300.0,0.0077,2260815700.0,2805.54,305443938201.48
600276,2026-09-07,46.02,46.26,46.33,45.71,39419700.0,0.0062,1815380900.0,2819.67,307036866171.24
600276,2026-09-08,46.2,45.71,46.2,45.56,58914300.0,0.0092,2694774200.0,2787.3,303386406240.54
600276,2026-09-09,45.6,44.71,45.6,44.64,71694400.0,0.011200000000000002,3214392300.0,2728.46,296749206366.54
600276,2026-09-10,44.45,42.93,44.46,42.82,103781400.0,0.0163,4488705800.0,2623.71,284934990590.82
600276,2026-09-11,42.65,42.67,42.76,41.89,80255100.0,0.0126,3393509200.0,2608.41,283209318623.58
600276,2026-09-14,42.35,43.15,43.19,42.01,52623200.0,0.008199999999999999,2253034300.0,2636.66,286395174563.1
600276,2026-09-15,43.16,43.13,43.49,42.99,37573500.0,0.0059,1625245799.9999998,2635.48,286262430565.62
600276,2026-09-16,43.08,43.52,43.6,42.95,41619500.0,0.006500000000000001,1804072200.0,2658.43,288850938516.48
