code,date,open,close,high,low,volume,turnover,amount,close_hfq,market_cap_yuan
601888,2020-12-01,194.0,196.0,198.38,193.2,8706746.0,0.0045000000000000005,1711937200.0,398.49,382685206624.0
601888,2020-12-02,197.42,195.52,199.5,194.03,6043092.0,0.0031,1187616000.0,397.53,381748018362.88
601888,2020-12-03,194.08,194.93,197.28,194.01,5755564.0,0.0029,1126580600.0,396.35,380596057791.92
601888,2020-12-04,194.0,196.43,197.6,192.3,7311364.0,0.0037,1429941200.0,399.35,383524771107.92
601888,2020-12-07,197.0,207.75,208.98,195.5,17817611.0,0.0091,3645248600.0,421.99,405626794266.0
601888,2020-12-08,209.63,208.03,210.3,204.1,8492411.0,0.0044,1761170600.0,422.55,406173487418.32
601888,2020-12-09,207.83,202.33,209.35,202.22,7343258.0,0.0038,1508165200.0,411.15,395044376817.52
601888,2020-12-10,204.24,207.8,209.37,201.12,9114946.0,0.004699999999999999,1887302300.0,422.09,405724418043.2
601888,2020-12-11,210.88,206.0,210.88,202.67,9533017.0,0.0049,1970732700.0,418.49,402209962064.0
601888,2020-12-14,205.81,213.6,216.0,203.01,15376628.0,0.0079,3266180600.0,433.69,417048776198.4
601888,2020-12-15,214.06,218.38,219.7,212.55,12213398.0,0.0063,2655271400.0,443.25,426381609298.72
601888,2020-12-16,220.5,220.36,223.3,217.2,7798420.0,0.004,1719934600.0,447.21,430247510875.84
601888,2020-12-17,220.5,225.49,225.88,219.0,9974441.0,0.0051,2225424400.0,457.47,440263710416.56
601888,2020-12-18,222.78,217.25,224.78,216.85,11464456.0,0.0059,2510594500.0,440.99,424175311934.0
601888,2020-12-21,218.0,229.13,229.9,217.0,12120162.0,0.0062,2735605000.0,464.75,447370721396.72
601888,2020-12-22,229.13,236.95,245.17,226.5,16125032.0,0.0083,3806786900.0,480.39,462639080150.8
601888,2020-12-23,237.0,246.88,255.32,237.0,17086827.0,0.0088,4243747900.0,500.25,482027162302.72
601888,2020-12-24,253.0,252.2,262.49,249.57,12603214.0,0.006500000000000001,3222722199.9999995,510.89,492414332196.8
601888,2020-12-25,250.0,259.0,261.87,246.0,9279388.0,0.0048,2375891800.0,524.49,505691165896.0
601888,2020-12-28,263.88,257.6,264.9,253.91,10264200.0,0.0053,2644445300.0000005,521.69,502957700134.4
601888,2020-12-29,256.0,255.15,259.0,248.2,9836743.0,0.005,2498594700.0,516.79,498174135051.6
601888,2020-12-30,253.1,263.12,266.05,253.1,11246424.0,0.0058,2941588700.0,532.73,513735365137.28
601888,2020-12-31,270.02,282.45,285.8,267.52,14788181.0,0.0076,4111681200.0,571.39,551476717402.8
601888,2021-01-04,282.0,292.25,300.62,281.75,14034748.000000002,0.0072,4127327800.0000005,590.99,570610977734.0
601888,2021-01-05,290.0,293.02,299.69,289.0,11871365.0,0.0060999999999999995,3480973400.0000005,592.53,572114383902.88
601888,2021-01-06,290.0,288.0,293.83,284.02,12638099.0,0.006500000000000001,3640459400.0,582.49,562312956672.0
601888,2021-01-07,293.35,311.0,311.0,290.0,15115316.0,0.0077,4534780300.0,628.49,607219894184.0
601888,2021-01-08,311.0,291.0,311.4,287.0,19617712.0,0.01,5823692600.0,588.49,568170383304.0
601888,2021-01-11,290.0,298.4,306.08,284.1,17050041.0,0.0087,5065001200.0,603.29,582618702329.6
601888,2021-01-12,295.95,319.1,321.86,295.59,12410766.0,0.0064,3857765100.0,644.69,623034946090.4
601888,2021-01-13,318.0,299.99,319.0,292.6,18116575.0,0.009300000000000001,5483084000.0,606.47,585723138444.56
601888,2021-01-14,293.56,280.55,294.34,276.68,24030570.0,0.0123,6809999500.0,567.59,547767013869.2
601888,2021-01-15,279.49,280.01,286.7,272.5,15142460.999999998,0.0078000000000000005,4237712900.0,566.51,546712677075.44
601888,2021-01-18,278.22,274.2,279.0,268.0,17356624.0,0.0089,4748017500.0,554.89,535368794164.8
601888,2021-01-19,277.11,268.15,281.93,268.0,13525147.0,0.0069,3693985600.0,542.79,523556317123.6
601888,2021-01-20,270.27,272.94,274.99,263.0,14038571.0,0.0072,3800141200.0,552.37,532908674979.36
601888,2021-01-21,271.49,272.0,275.98,263.0,19695482.0,0.0101,5298221400.0,550.49,531073347968.0
601888,2021-01-22,272.03,283.0,285.0,270.1,18172016.0,0.009300000000000001,5103052300.0,572.49,552550578952.0
601888,2021-01-25,288.01,308.0,311.0,288.01,23816136.0,0.012199999999999999,7181651400.0,622.49,601362467552.0
601888,2021-01-26,301.55,297.98,305.79,293.92,13339169.0,0.0068000000000000005,3993548600.0,602.45,581798662601.12
601888,2021-01-27,299.1,297.0,299.1,283.03,13233197.0,0.0068000000000000005,3844437400.0,600.49,579885236568.0
601888,2021-01-28,289.57,287.0,295.15,285.6,9000755.0,0.0046,2608105500.0,580.49,560360481128.0
601888,2021-01-29,292.9,294.0,300.88,290.01,13404385.0,0.0069,3954648900.0,594.49,574027809936.0
601888,2021-02-01,307.9,306.0,315.87,298.0,20364209.0,0.0104,6250768199.999999,618.49,597457516464.0
601888,2021-02-02,308.4,331.01,333.3,301.11,18185374.0,0.009300000000000001,5839697800.0,668.51,646288929819.44
601888,2021-02-03,330.68,340.98,348.88,328.0,15161444.0,0.0078000000000000005,5170358000.0,688.45,665755110993.12
601888,2021-02-04,335.48,328.94,341.4,321.35,13435147.0,0.0069,4447164500.0,664.37,642247305443.36
601888,2021-02-05,335.08,346.95,353.8,333.0,13760066.0,0.006999999999999999,4763194500.0,700.39,677411389990.8
601888,2021-02-08,347.0,357.99,362.0,343.2,11673965.0,0.006,4138020600.0,722.47,698966719996.56
601888,2021-02-09,361.28,359.73,363.18,349.04,9751513.0,0.005,3477865600.0,725.95,702364027443.12
601888,2021-02-10,358.0,387.86,387.86,356.06,11616904.0,0.006,4374248800.0,782.21,757287164495.84
601888,2021-02-18,395.66,379.9,403.78,372.0,18094953.0,0.009300000000000001,7020478700.0,766.29,741745459165.6
601888,2021-02-19,379.0,371.9,387.56,355.11,14416879.999999998,0.0074,5314429500.0,750.29,726125654813.6
601888,2021-02-22,378.98,339.0,379.0,338.76,21811517.0,0.011200000000000002,7642625100.0,684.49,661889209416.0
601888,2021-02-23,329.88,332.78,343.9,327.8,16034210.0,0.008199999999999999,5351670900.0,672.05,649744811532.32
601888,2021-02-24,335.99,314.63,339.6,311.3,18956382.0,0.0097,6062374900.0,635.75,614307380408.72
601888,2021-02-25,322.0,319.1,326.88,313.53,13418028.0,0.0069,4302677000.0,644.69,623034946090.4
601888,2021-02-26,306.0,307.91,314.65,301.0,15971307.999999998,0.008199999999999999,4907611700.0,622.31,601186744753.04
601888,2021-03-01,314.96,324.56,326.8,314.8,14186312.0,0.0073,4568370000.0,655.61,633695462560.64
601888,2021-03-02,333.0,316.1,334.3,308.85,16173676.0,0.0083,5186296800.0,638.69,617177519458.4
601888,2021-03-03,314.8,324.5,328.71,312.0,10562723.0,0.0054,3393191000.0,655.49,633578314028.0
601888,2021-03-04,317.94,309.63,317.94,300.87,16813634.0,0.0086,5158625400.0,625.75,604545002688.72
601888,2021-03-05,299.8,305.88,312.47,295.0,10901758.0,0.005600000000000001,3321489099.9999995,618.25,597223219398.72
601888,2021-03-08,304.9,278.99,307.54,276.0,21297372.0,0.0109,6166108100.000001,564.47,544721152020.56
601888,2021-03-09,280.0,282.29,295.3,269.9,21144596.0,0.0108,5967938700.0,571.07,551164321315.76
601888,2021-03-10,291.0,299.62,304.88,290.01,16933609.0,0.0087,5057282000.0,605.73,585000722493.28
601888,2021-03-11,299.0,301.78,307.28,295.05,12164834.0,0.0062,3675489500.0,610.05,589218069668.32
601888,2021-03-12,306.3,309.41,314.94,303.01,14059687.0,0.0072,4347307600.0,625.31,604115458069.04
601888,2021-03-15,303.86,297.8,309.0,290.5,12591754.0,0.0064,3756021100.0,602.09,581447217003.2
601888,2021-03-16,299.0,296.57,301.88,285.62,10540830.0,0.0054,3094994000.0,599.63,579045672084.08
601888,2021-03-17,292.95,308.07,309.79,287.11,10521673.0,0.0054,3180866800.0,622.63,601499140840.08
601888,2021-03-18,313.0,312.7,320.25,308.8,11684927.0,0.006,3660965000.0,631.89,610539102608.8
601888,2021-03-19,305.0,306.56,322.6,303.32,12453559.0,0.0064,3877645800.0,619.61,598550902768.64
601888,2021-03-22,306.0,311.65,318.0,301.88,9885122.0,0.0051,3061244900.0,629.79,608489003287.6
601888,2021-03-23,315.0,300.02,315.1,291.01,11764277.0,0.006,3528612000.0,606.53,585781712710.88
601888,2021-03-24,297.0,295.04,303.0,292.6,8490633.0,0.0043,2528291200.0,596.57,576058384501.76
601888,2021-03-25,288.1,299.0,299.3,284.06,10173926.0,0.0052,2959680600.0,604.49,583790187656.0
601888,2021-03-26,300.87,313.43,314.14,299.33,11645534.0,0.006,3588654800.0,633.35,611964409755.92
601888,2021-03-29,312.97,315.85,322.88,306.68,12294615.0,0.0063,3878409099.9999995,638.19,616689400572.4
601888,2021-03-30,313.0,317.88,325.38,311.11,9522877.0,0.0049,3048259099.9999995,642.25,620652925926.72
601888,2021-03-31,316.25,306.08,317.72,301.53,10944626.0,0.005600000000000001,3366921100.0,618.65,597613714507.52
601888,2021-04-01,308.7,321.95,321.95,306.3,8928275.0,0.0046,2807005800.0,650.39,628599501390.8
601888,2021-04-02,321.0,333.5,337.82,320.0,10455159.0,0.0054,3455130000.0,673.49,651150593924.0
601888,2021-04-06,334.98,317.2,334.98,312.67,13886691.0,0.0070999999999999995,4445332900.0,640.89,619325242556.8
601888,2021-04-07,315.91,311.9,316.95,307.0,10251860.0,0.0053,3181247700.0,630.29,608977122173.6
601888,2021-04-08,307.5,312.28,315.0,305.53,8572967.0,0.0044,2662657700.0,631.05,609719062880.32
601888,2021-04-09,310.0,301.6,312.0,301.04,9539539.0,0.0049,2896177600.0,609.69,588866624070.4
601888,2021-04-12,296.01,295.39,304.59,289.0,14637262.0,0.0075,4304374200.0,597.27,576741750942.16
601888,2021-04-13,292.82,265.85,302.88,265.85,23538076.0,0.0121,6553860100.0,538.19,519065623372.4
601888,2021-04-14,260.0,288.2,289.38,260.0,25806610.0,0.0132,7208830699.999999,582.89,562703451780.8
601888,2021-04-15,286.96,283.06,286.96,278.1,10169105.0,0.0052,2864860300.0000005,572.61,552667727484.64
601888,2021-04-16,287.18,285.85,288.16,277.5,9392501.0,0.0048,2662067600.0,578.19,558115134252.4
601888,2021-04-19,285.58,294.5,298.01,283.85,11002066.0,0.005600000000000001,3234317000.0,595.49,575004047708.0
601888,2021-04-20,294.21,292.99,302.47,291.58,10602279.0,0.0054,3142971500.0,592.47,572055809636.56
601888,2021-04-21,288.0,298.66,298.69,287.99,7804830.0,0.004,2307619000.0,603.81,583126345971.04
601888,2021-04-22,297.0,296.0,297.9,283.5,13740587.0,0.006999999999999999,3986803800.0,598.49,577932761024.0
601888,2021-04-23,298.15,299.29,303.27,296.06,10677520.0,0.0055000000000000005,3204828400.0000005,605.07,584356405563.76
601888,2021-04-26,301.0,298.44,309.89,297.3,11224543.0,0.005699999999999999,3422768800.0,603.37,582696801351.36
601888,2021-04-27,301.55,306.98,307.85,299.02,9683443.0,0.005,2955423100.0,620.45,599370942497.12
601888,2021-04-28,306.67,310.0,311.49,295.0,10271619.0,0.0053,3139965200.0,626.49,605267418640.0
601888,2021-04-29,307.22,310.32,316.1,305.0,8852475.0,0.0045000000000000005,2748613800.0,627.13,605892210814.08
601888,2021-04-30,308.08,311.99,317.88,305.0,10035089.0,0.0051,3132228000.0,630.47,609152844972.56
601888,2021-05-06,319.0,295.7,319.0,295.7,13152381.0,0.0067,3972605000.0,597.89,577347018360.8
601888,2021-05-07,295.03,288.0,300.8,287.53,8871386.0,0.0045000000000000005,2602939200.0,582.49,562312956672.0
601888,2021-05-10,289.35,298.89,303.0,289.35,8771814.0,0.0045000000000000005,2618300300.0,604.27,583575415346.16
601888,2021-05-11,294.5,299.0,301.8,292.31,6255937.0,0.0032,1858703400.0,604.49,583790187656.0
601888,2021-05-12,299.39,303.0,304.5,295.01,6179889.0,0.0032,1857947000.0,612.49,591600089832.0
601888,2021-05-13,297.99,295.0,301.77,288.1,9879030.0,0.0051,2900390000.0,596.49,575980285480.0
601888,2021-05-14,297.0,309.58,310.0,293.0,13243688.0,0.0068000000000000005,4032866300.0,625.65,604447378911.52
601888,2021-05-17,313.0,319.39,322.1,310.25,12451300.0,0.0064,3972405800.0,645.27,623601163998.16
601888,2021-05-18,319.31,318.05,322.0,314.0,5509840.0,0.0028000000000000004,1744414000.0,642.59,620984846769.2
601888,2021-05-19,317.37,326.52,329.98,315.12,7313013.0,0.0037,2383748400.0,659.53,637522314626.88
601888,2021-05-20,324.56,325.01,329.8,321.0,7520377.0,0.0039000000000000003,2446860600.0,656.51,634574076555.44
601888,2021-05-21,328.54,318.0,330.1,314.02,7174291.0,0.0037,2294108700.0,642.49,620887222992.0
601888,2021-05-24,318.0,320.29,323.0,313.5,5512583.0,0.0028000000000000004,1756716300.0,647.07,625358391987.76
601888,2021-05-25,322.82,339.28,339.52,320.01,12988839.0,0.0067,4331541400.0,685.05,662435902568.32
601888,2021-05-26,342.0,339.99,348.7,334.9,9024351.0,0.0046,3074087100.0,686.47,663822160204.56
601888,2021-05-27,339.98,344.54,348.3,337.0,8433242.0,0.0043,2896663200.0,695.57,672705923929.76
601888,2021-05-28,342.0,344.29,349.28,339.0,6829905.0,0.0034999999999999996,2357981400.0,695.07,672217805043.76
601888,2021-05-31,342.99,334.5,343.99,329.6,11220941.0,0.005699999999999999,3735633100.0,675.49,653103069468.0
601888,2021-06-01,331.99,334.12,337.31,328.65,8408658.0,0.0043,2805332600.0,674.73,652361128761.28
601888,2021-06-02,336.0,325.3,337.4,324.0,7199074.000000001,0.0037,2359810500.0,657.09,635140294463.2
601888,2021-06-03,327.99,325.84,331.85,322.02,6251916.0,0.0032,2049074900.0,658.17,636194631256.96
601888,2021-06-04,322.01,319.56,325.0,317.0,9845121.0,0.005,3148155200.0,645.61,623933084840.64
601888,2021-06-07,319.92,317.0,319.92,310.63,7789663.0,0.004,2447473600.0,640.49,618934747448.0
601888,2021-06-08,316.74,317.38,324.58,314.47,7978689.0,0.0040999999999999995,2542852700.0,641.25,619676688154.72
601888,2021-06-09,314.3,312.8,319.0,310.96,7121652.0,0.0036,2232948900.0,632.09,610734350163.2
601888,2021-06-10,311.02,313.46,317.37,310.7,7609906.0,0.0039000000000000003,2396773100.0,633.41,612022984022.24
601888,2021-06-11,314.55,311.0,317.0,305.38,9280411.0,0.0048,2875240500.0,628.49,607219894184.0
601888,2021-06-15,310.69,297.68,310.69,295.5,13058715.0,0.0067,3913995700.0,601.85,581212919937.92
601888,2021-06-16,300.5,289.7,301.0,288.2,10592977.0,0.0054,3110465000.0,585.89,565632165096.8
601888,2021-06-17,289.7,286.0,293.94,283.68,12022446.0,0.0062,3449965500.0,578.49,558408005584.0
601888,2021-06-18,285.0,287.48,287.75,276.42,12995060.0,0.0067,3671374699.9999995,581.45,561297669389.12
601888,2021-06-21,285.0,281.98,285.0,274.3,14604664.000000002,0.0075,4073868100.0,570.45,550559053897.12
601888,2021-06-22,283.0,286.49,288.0,274.3,12097595.0,0.0062,3423877600.0,581.47,559364718600.56
601888,2021-06-23,289.0,296.9,300.27,288.98,16655035.999999998,0.0085,4955347800.0,602.29,579689989013.6
601888,2021-06-24,301.5,294.18,302.45,288.51,10296668.0,0.0053,3008152000.0,596.85,574379255533.92
601888,2021-06-25,293.9,296.7,299.5,290.18,9971896.0,0.0051,2954988500.0,601.89,579299493904.8
601888,2021-06-28,301.0,307.83,309.96,301.0,10042096.0,0.0051,3085281100.0,624.15,601030546709.52
601888,2021-06-29,307.93,301.75,309.0,299.01,10345389.0,0.0053,3129803900.0,611.99,589159495402.0
601888,2021-06-30,298.18,300.1,303.98,296.08,6804353.0,0.0034999999999999996,2040071000.0,608.69,585937910754.4
601888,2021-07-01,299.0,300.0,300.09,292.6,8867175.0,0.0045000000000000005,2627435700.0,608.49,585742663200.0
601888,2021-07-02,293.3,281.09,293.3,279.0,17588831.0,0.009000000000000001,4979170900.0,570.67,548821350662.96
601888,2021-07-05,277.5,279.89,284.98,275.5,9135990.0,0.004699999999999999,2560788500.0,568.27,546478380010.16
601888,2021-07-06,283.96,281.5,289.07,275.0,11745092.0,0.006,3300594699.9999995,571.49,549621865636.0
601888,2021-07-07,275.87,275.0,279.93,272.01,13709181.0,0.006999999999999999,3781120200.0,558.49,536930774600.0
601888,2021-07-08,276.99,269.39,277.83,268.0,13472523.000000002,0.0069,3666642300.0,547.27,525977386798.16
601888,2021-07-09,267.99,265.16,271.78,264.4,10727815.0,0.0055000000000000005,2859414800.0,538.81,517718415247.04
601888,2021-07-12,271.0,285.7,287.0,264.12,20329583.0,0.0104,5691852400.0,579.89,557822262920.8
601888,2021-07-13,287.46,288.79,299.0,286.0,15002509.0,0.0077,4390420300.0,586.07,563855412351.76
601888,2021-07-14,288.69,282.3,288.69,280.94,10853475.0,0.005600000000000001,3081845500.0,573.09,551183846071.2
601888,2021-07-15,281.0,284.93,286.66,279.01,7236523.0,0.0037,2053259000.0,578.35,556318856751.92
601888,2021-07-16,285.0,275.0,286.35,274.8,11409698.0,0.0058,3158462100.0,558.49,536930774600.0
601888,2021-07-19,274.48,290.22,290.22,269.0,14758540.0,0.0076,4156961700.0,588.93,566647452379.68
601888,2021-07-20,290.5,293.45,296.67,287.88,14129398.000000002,0.0072,4136828000.0,595.39,572953948386.8
601888,2021-07-21,295.1,284.69,297.67,284.58,13121862.0,0.0067,3782193600.0,577.87,555850262621.36
601888,2021-07-22,282.09,281.96,292.0,279.01,10076274.0,0.0052,2856338200.0,572.41,550520004386.24
601888,2021-07-23,281.95,277.68,283.0,273.53,10553345.0,0.0054,2917578700.0,563.85,542163409057.92
601888,2021-07-26,274.0,262.98,274.0,256.0,19310264.0,0.009899999999999999,5086692600.0,534.45,513462018561.12
601888,2021-07-27,261.2,254.0,265.02,252.99,13390635.999999998,0.0069,3461482400.0,516.49,495928788176.0
601888,2021-07-28,250.1,250.84,259.67,245.0,13724892.000000002,0.006999999999999999,3443777900.0,510.17,489758965456.96
601888,2021-07-29,255.15,258.01,265.5,255.02,14143179.999999998,0.0072,3679353800.0,524.51,503758215107.44
601888,2021-07-30,253.0,241.0,254.44,240.5,18610342.0,0.0095,4555811400.0,490.49,470546606104.0
601888,2021-08-02,227.9,239.35,241.4,224.13,26696827.0,0.0137,6204401300.0,487.19,467325021456.4
601888,2021-08-03,236.36,253.87,255.36,235.74,20157821.0,0.0103,5025146100.0,516.23,495674966355.28
601888,2021-08-04,254.89,255.0,259.0,248.94,14080819.0,0.0072,3561130700.0,518.49,497881263720.0
601888,2021-08-05,255.8,255.0,264.0,250.02,12691262.0,0.006500000000000001,3272173300.0,518.49,497881263720.0
601888,2021-08-06,251.0,252.0,255.4,247.67,9393911.0,0.0048,2358028400.0,512.49,492023837088.0
601888,2021-08-09,252.02,260.4,268.79,252.02,16084698.000000002,0.008199999999999999,4239459400.0,529.29,508424631657.6
601888,2021-08-10,258.0,267.35,268.0,251.44,15715110.0,0.008,4097919800.0,543.19,521994336688.4
601888,2021-08-11,267.5,259.0,268.57,257.98,10147027.0,0.0052,2653005000.0,526.49,505691165896.0
601888,2021-08-12,255.0,253.08,258.48,251.51,8629727.0,0.0044,2189914300.0,514.65,494132510675.52
601888,2021-08-13,251.51,257.65,259.5,251.0,7888155.0,0.004,2021004800.0,523.79,503055323911.6
601888,2021-08-16,259.0,262.84,268.45,257.0,13543553.0,0.0069,3590725700.0,534.17,513188671984.96
601888,2021-08-17,263.33,244.98,267.96,243.72,17444713.0,0.0089,4384062000.0,498.45,478317458769.12
601888,2021-08-18,246.57,235.72,247.26,232.99,18668073.0,0.0096,4407020300.0,479.93,460237535231.68
601888,2021-08-19,235.74,236.09,241.48,229.92,12565888.0,0.0064,2949792400.0,480.67,460959951182.96
601888,2021-08-20,235.12,228.27,235.12,224.14,15636651.999999998,0.008,3576077800.0000005,465.03,445691592428.88
601888,2021-08-23,232.0,232.1,236.99,229.03,11443609.0,0.0059,2675067600.0,472.69,453169573762.4
601888,2021-08-24,234.28,240.1,241.18,231.58,10832803.0,0.0055000000000000005,2583026800.0,488.69,468789378114.4
601888,2021-08-25,242.0,246.94,253.86,239.64,13996876.999999998,0.0072,3465408600.0,502.37,482144310835.36
601888,2021-08-26,247.0,245.14,247.0,237.0,9373510.0,0.0048,2258774400.0,498.77,478629854856.16
601888,2021-08-27,242.0,240.23,246.0,238.18,8293814.999999999,0.0042,1997464400.0,488.95,469043199935.12
601888,2021-08-30,242.3,239.5,243.2,233.2,10993757.0,0.005600000000000001,2610439400.0,487.49,467617892788.0
601888,2021-08-31,240.41,228.29,240.68,221.0,20752651.0,0.0106,4721717600.0,465.07,445730641939.76
601888,2021-09-01,228.79,236.29,240.17,224.0,15478059.0,0.0079,3626276599.9999995,481.07,461350446291.76
601888,2021-09-02,239.0,228.05,241.87,227.07,14689022.0,0.0075,3423609400.0,464.59,445262047809.2
601888,2021-09-03,226.0,236.4,237.0,222.5,13567389.000000002,0.0069,3160015700.0,481.29,461565218601.6
601888,2021-09-06,236.68,243.0,245.7,231.51,17721092.0,0.0091,4269376800.0,494.49,474451557192.0
601888,2021-09-07,243.5,249.56,252.1,243.04,14545009.0,0.0075,3616523500.0,507.61,487259796760.64
601888,2021-09-08,249.59,249.33,250.98,246.05,9793224.0,0.005,2433812300.0,507.15,486810727385.52
601888,2021-09-09,248.66,245.07,250.6,243.1,7395600.999999999,0.0038,1818162300.0,498.63,478493181568.08
601888,2021-09-10,243.18,255.0,255.58,243.18,12979110.0,0.0066,3280476100.0,518.49,497881263720.0
601888,2021-09-13,252.18,251.25,265.0,250.01,14651043.0,0.0075,3767335800.0,510.99,490559480430.0
601888,2021-09-14,251.3,246.85,256.66,246.08,10065409.0,0.0052,2526958400.0,502.19,481968588036.4
601888,2021-09-15,245.01,234.97,245.7,232.4,11989711.0,0.0060999999999999995,2850825100.0,478.43,458773178573.68
601888,2021-09-16,233.0,241.36,241.79,228.48,12893598.0,0.0066,3051284099.9999995,491.21,471249497299.84
601888,2021-09-17,238.03,249.5,252.0,233.08,11981046.0,0.0060999999999999995,2922310900.0000005,507.49,487142648228.0
601888,2021-09-22,245.0,238.12,248.0,236.36,8642789.0,0.0044,2072753299.9999998,484.73,464923476537.28
601888,2021-09-23,234.0,234.6,238.97,233.08,9669938.0,0.005,2273130000.0,477.69,458050762622.4
601888,2021-09-24,233.03,247.0,250.73,232.0,13768632.0,0.0070999999999999995,3377118200.0,502.49,482261459368.0
601888,2021-09-27,248.0,256.72,262.17,247.6,16576768.0,0.0085,4268883400.0000005,521.93,501239521655.68
601888,2021-09-28,255.0,253.98,256.77,246.6,9135249.0,0.004699999999999999,2308453400.0,516.45,495889738665.12
601888,2021-09-29,249.87,251.28,253.7,244.44,8101706.0,0.0040999999999999995,2020772800.0,511.05,490618054696.32
601888,2021-09-30,262.0,260.0,266.0,255.62,16962736.0,0.0087,4443265700.0,528.49,507643641440.0
601888,2021-10-08,272.0,270.3,275.4,267.01,15829328.0,0.008100000000000001,4303197700.0,549.09,527754139543.2
601888,2021-10-11,270.3,263.5,276.19,262.38,12032446.0,0.0062,3233411700.0,535.49,514477305844.0
601888,2021-10-12,265.69,267.2,269.72,261.69,8635991.0,0.0044,2310194600.0,542.89,521701465356.8
601888,2021-10-13,266.0,278.2,278.68,263.02,11012653.0,0.005600000000000001,3015947199.9999995,564.89,543178696340.8
601888,2021-10-14,277.0,273.09,279.37,269.23,9277206.0,0.0048,2535195400.0,554.67,533201546310.96
601888,2021-10-15,273.0,269.55,273.0,263.66,9244602.0,0.004699999999999999,2474570500.0,547.59,526289782885.2
601888,2021-10-18,268.55,259.84,268.55,256.01,9055151.0,0.0046,2351444100.0,528.17,507331245352.96
601888,2021-10-19,259.38,259.12,264.5,258.0,6247065.0,0.0032,1629992600.0,526.73,505925462961.28
601888,2021-10-20,264.35,259.5,266.77,256.3,7267157.000000001,0.0037,1888054300.0,527.49,506667403668.0
601888,2021-10-21,258.0,257.0,260.97,254.23,6680052.0,0.0034000000000000002,1715329800.0,522.49,501786214808.0
601888,2021-10-22,258.94,269.0,272.56,257.55,10969819.0,0.005600000000000001,2916982400.0,546.49,525215921336.0
601888,2021-10-25,266.03,264.47,267.93,261.06,7456203.0,0.0038,1960368599.9999998,537.43,516371207121.68
601888,2021-10-26,265.0,265.0,270.47,263.33,5130310.0,0.0026,1362585799.9999998,538.49,517406019160.0
601888,2021-10-27,262.0,258.0,262.0,257.65,5554989.0,0.0028000000000000004,1438538900.0000002,524.49,503738690352.0
601888,2021-10-28,257.25,264.48,266.6,256.83,6905781.0,0.0034999999999999996,1819180700.0,537.45,516390731877.12
601888,2021-10-29,262.08,268.46,271.5,262.0,8157649.000000001,0.0042,2177787000.0,545.41,524161584542.24
601888,2021-11-01,246.24,241.61,247.0,241.61,9605400.0,0.0049,2328676000.0,491.71,471737616185.84
601888,2021-11-02,230.0,222.88,233.0,217.95,47707725.0,0.024399999999999998,10732992000.0,454.25,435167749246.72
601888,2021-11-03,224.88,228.3,229.85,222.9,18054446.0,0.0092,4103398500.0,465.09,445750166695.2
601888,2021-11-04,230.85,233.66,236.65,230.7,11617874.0,0.006,2717028800.0,475.81,456215435611.04
601888,2021-11-05,235.15,230.78,235.5,230.08,7807141.0,0.004,1812521099.9999998,470.05,450592306044.32
601888,2021-11-08,230.9,229.42,236.6,228.51,9814735.0,0.005,2271535000.0,467.33,447936939304.48
601888,2021-11-09,231.66,227.62,231.66,225.4,6814899.000000001,0.0034999999999999996,1551439300.0,463.73,444422483325.28
601888,2021-11-10,228.61,227.11,228.77,222.77,6693828.999999999,0.0034000000000000002,1510850600.0,462.71,443426720797.84
601888,2021-11-11,226.0,228.8,231.18,225.0,6329651.0,0.0032,1445539400.0,466.09,446726404467.2
601888,2021-11-12,233.31,223.56,233.48,222.03,10804723.0,0.0055000000000000005,2429975800.0,455.61,436495432616.64
601888,2021-11-15,228.94,229.88,230.0,223.0,10355377.0,0.0053,2359867500.0,468.25,448835078054.72
601888,2021-11-16,230.0,234.0,236.0,228.51,9302240.0,0.0048,2170333600.0,476.49,456879277296.0
601888,2021-11-17,232.3,230.44,233.31,229.66,5347140.0,0.0027,1235433100.0,469.37,449928464359.36
601888,2021-11-18,228.45,224.1,228.5,223.9,7982773.0,0.0040999999999999995,1797312600.0,456.69,437549769410.4
601888,2021-11-19,224.0,225.3,226.68,223.38,5137619.0,0.0026,1156644800.0,459.09,439892740063.2
601888,2021-11-22,224.1,223.56,226.5,222.5,9772199.0,0.005,2184699200.0,455.61,436495432616.64
601888,2021-11-23,224.0,220.5,225.6,218.18,12074034.0,0.0062,2668308300.0,449.49,430520857452.0
601888,2021-11-24,220.0,220.99,221.69,218.56,7474261.0,0.0038,1645521000.0,450.47,431477570468.56
601888,2021-11-25,220.0,211.8,221.1,211.5,17979134.0,0.0092,3862184000.0,432.09,413534320219.2
601888,2021-11-26,210.85,211.32,213.87,207.0,9146624.0,0.004699999999999999,1926550100.0,431.13,412597131958.08
601888,2021-11-29,204.98,203.3,209.0,201.28,20097560.0,0.0103,4095370400.0,415.09,396938278095.2
601888,2021-11-30,204.0,205.45,209.89,204.0,11632280.0,0.006,2403797700.0,419.39,401136100514.8
601888,2021-12-01,204.0,202.89,206.0,201.31,9407130.0,0.0048,1906373000.0,414.27,396137763122.16
601888,2021-12-02,202.5,201.82,204.8,201.81,6278143.0,0.0032,1272913200.0,412.13,394048614290.08
601888,2021-12-03,202.13,204.06,204.38,197.2,12599793.0,0.006500000000000001,2534763900.0,416.61,398422159508.64
601888,2021-12-06,209.16,211.99,213.6,207.0,19812543.0,0.0101,4178501700.0,432.47,413905290572.56
601888,2021-12-07,211.6,213.0,214.57,209.1,10172085.0,0.0052,2160458100.0,434.49,415877290872.0
601888,2021-12-08,212.5,215.46,216.23,210.18,10093732.0,0.0052,2167111700.0,439.41,420680380710.24
601888,2021-12-09,215.9,228.38,230.04,215.0,24182974.0,0.0124,5465320000.0,465.25,445906364738.72
601888,2021-12-10,226.03,229.68,231.5,226.0,13579619.0,0.006999999999999999,3110904300.0,467.85,448444582945.92
601888,2021-12-13,231.0,229.2,234.8,228.0,10507701.0,0.0054,2430628600.0,466.89,447507394684.8
601888,2021-12-14,226.9,228.0,230.5,226.0,8337858.0,0.0043,1899538500.0,464.49,445164424032.0
601888,2021-12-15,227.93,223.29,229.5,223.29,7794460.000000001,0.004,1754103400.0,455.07,435968264219.76
601888,2021-12-16,224.88,225.05,225.88,220.2,7300221.000000001,0.0037,1630349300.0,458.59,439404621177.2
601888,2021-12-17,224.88,217.28,224.88,217.01,9594492.0,0.0049,2103207000.0,443.05,424233886200.32
601888,2021-12-20,212.0,212.5,217.0,211.81,7811831.0,0.004,1670160799.9999998,433.49,414901053100.0
601888,2021-12-21,214.6,215.0,217.14,213.58,5118842.0,0.0026,1102044900.0,438.49,419782241960.0
601888,2021-12-22,217.88,212.01,218.99,210.6,7908132.000000001,0.0040999999999999995,1686463700.0,432.51,413944340083.44
601888,2021-12-23,213.03,210.35,213.99,209.07,7925980.0,0.0040999999999999995,1668350300.0,429.19,410703230680.4
601888,2021-12-24,210.0,217.9,219.47,206.0,11830193.0,0.0060999999999999995,2522862400.0,444.29,425444421037.6
601888,2021-12-27,217.0,220.0,220.99,216.28,8392723.0,0.0043,1837323100.0,448.49,429544619680.0
601888,2021-12-28,220.0,222.72,225.86,219.21,9446621.0,0.0048,2109087500.0,453.93,434855353159.68
601888,2021-12-29,222.0,215.98,222.79,214.49,7576311.0,0.0039000000000000003,1645674800.0,440.45,421695667993.12
601888,2021-12-30,215.76,217.5,220.23,215.48,5950006.0,0.003,1299196300.0,443.49,424663430820.0
601888,2021-12-31,219.34,219.41,221.5,216.66,6169115.0,0.0032,1352592700.0,447.31,428392659109.04
601888,2022-01-04,221.68,214.06,222.47,210.59,11143443.0,0.005699999999999999,2383922200.0,436.61,417946914948.64
601888,2022-01-05,214.1,214.2,218.5,211.53,9493875.0,0.0049,2036222800.0,436.89,418220261524.8
601888,2022-01-06,211.12,210.11,213.9,207.5,9327694.0,0.0048,1957378299.9999998,428.71,410234636549.84
601888,2022-01-07,209.98,207.78,212.6,206.9,6991135.000000001,0.0036,1463731099.9999998,424.05,405685368532.32
601888,2022-01-10,204.0,207.11,207.8,194.28,13997810.0,0.0072,2813601800.0,422.71,404377209917.84
601888,2022-01-11,204.03,201.21,205.88,200.0,9160645.0,0.004699999999999999,1851608900.0000002,410.91,392857604208.24
601888,2022-01-12,201.0,212.0,213.79,201.0,12977521.0,0.0066,2715587500.0,432.49,413924815328.0
601888,2022-01-13,212.91,207.03,213.66,206.65,7009396.000000001,0.0036,1470628700.0,422.55,404221011874.32
601888,2022-01-14,205.5,200.49,205.5,200.2,9697009.0,0.005,1957433700.0,409.47,391451821816.56
601888,2022-01-17,190.0,190.43,196.04,187.79,21138579.0,0.0108,4056995500.0,389.35,371809917843.92
601888,2022-01-18,191.99,190.71,192.95,188.0,9853726.0,0.005,1880747400.0,389.91,372356610996.24
601888,2022-01-19,189.2,188.62,191.66,185.12,9189528.0,0.004699999999999999,1731091099.9999998,385.73,368275937109.28
601888,2022-01-20,188.03,193.88,194.77,187.02,11368650.0,0.0058,2187758700.0,396.25,378545958470.72
601888,2022-01-21,197.0,200.66,203.0,196.8,15563149.0,0.008,3112539300.0,409.81,391783742659.04
601888,2022-01-24,204.0,207.3,209.98,202.2,11905571.0,0.0060999999999999995,2462726600.0,423.09,404748180271.2
601888,2022-01-25,205.01,206.63,210.86,204.7,10381817.0,0.0053,2162184700.0,421.75,403440021656.72
601888,2022-01-26,207.35,207.35,209.0,203.37,7104769.0,0.0036,1462685500.0,423.19,404845804048.4
601888,2022-01-27,207.0,203.7,208.5,201.62,7441510.000000001,0.0038,1527117400.0,415.89,397719268312.8
601888,2022-01-28,206.75,206.56,214.48,203.4,14243291.0,0.0073,2975884099.9999995,421.61,403303348368.64
601888,2022-02-07,214.6,210.81,217.0,208.37,10561734.0,0.0054,2242957600.0,430.11,411601369430.64
601888,2022-02-08,210.74,210.38,212.49,204.96,7143578.999999999,0.0037,1483621400.0000002,429.25,410761804946.72
601888,2022-02-09,209.51,212.6,215.1,206.8,9139946.0,0.004699999999999999,1927562400.0,433.69,415096300654.4
601888,2022-02-10,212.97,224.0,225.18,210.8,17647856.0,0.009000000000000001,3869996400.0,456.49,437354521856.0
601888,2022-02-11,221.2,225.43,230.5,221.16,15691423.000000002,0.008,3548097400.0,459.35,440146561883.92
601888,2022-02-14,229.88,227.5,231.88,224.0,14155273.000000002,0.0073,3234608800.0,463.49,444188186260.0
601888,2022-02-15,225.0,222.84,225.0,218.87,9773345.0,0.005,2171354000.0,454.17,435089650224.96
601888,2022-02-16,224.1,224.2,228.08,221.0,6213690.0,0.0032,1392784400.0,456.89,437745016964.8
601888,2022-02-17,224.0,220.53,225.53,218.7,6899614.999999999,0.0034999999999999996,1525881900.0,449.55,430579431718.32
601888,2022-02-18,218.5,221.35,222.88,218.01,4183630.0000000005,0.0021,924054800.0,451.19,432180461664.4
601888,2022-02-21,219.0,215.55,220.0,214.68,5925666.0,0.003,1282804700.0,439.59,420856103509.2
601888,2022-02-22,213.26,210.8,213.39,208.0,7768752.0,0.004,1635319700.0,430.09,411581844675.2
601888,2022-02-23,211.08,210.89,212.53,206.66,6500623.0,0.0033,1361054300.0,430.27,411757567474.16
601888,2022-02-24,208.5,203.99,210.0,201.6,10087131.0,0.0052,2066748700.0,416.47,398285486220.56
601888,2022-02-25,206.58,210.12,212.89,205.55,8538927.0,0.0044,1794524300.0,428.73,410254161305.28
601888,2022-02-28,208.0,202.5,210.1,201.58,10711033.0,0.0055000000000000005,2183403200.0,413.49,395376297660.0
601888,2022-03-01,202.05,208.25,208.6,200.51,10037612.0,0.0051,2063187600.0,424.99,406603032038.0
601888,2022-03-02,206.2,202.5,206.48,201.18,7769225.999999999,0.004,1576069900.0,413.49,395376297660.0
601888,2022-03-03,204.99,198.27,207.99,197.25,15664295.000000002,0.008,3161735800.0,405.03,387117326108.88
601888,2022-03-04,195.0,201.45,203.0,194.0,9533347.0,0.0049,1907422600.0,411.39,393326198338.8
601888,2022-03-07,197.2,188.28,198.0,186.41,18719771.0,0.0096,3555237100.0,385.05,367612095424.32
601888,2022-03-08,191.1,189.5,197.15,188.02,13530759.0,0.0069,2611402700.0,387.49,369994115588.0
601888,2022-03-09,192.0,187.83,192.5,180.98,12736599.0,0.006500000000000001,2376359700.0,384.15,366733481429.52
601888,2022-03-10,192.0,186.77,192.55,186.22,10805072.0,0.0055000000000000005,2035085600.0,382.03,364663857352.88
601888,2022-03-11,185.0,186.6,189.96,179.01,13169503.0,0.0067,2420959400.0,381.69,364331936510.4
601888,2022-03-14,178.88,171.0,179.0,170.6,23636327.0,0.0121,4127953300.0,350.49,333873318024.0
601888,2022-03-15,167.58,160.0,169.78,159.89,19612022.0,0.01,3214909099.9999995,328.49,312396087040.0
601888,2022-03-16,163.8,170.0,170.58,161.72,19115351.0,0.0098,3175698600.0,348.49,331920842480.0
601888,2022-03-17,176.66,175.5,180.08,171.5,19061060.0,0.0098,3355257100.0,359.49,342659457972.0
601888,2022-03-18,175.5,176.45,177.39,173.1,9196495.0,0.004699999999999999,1616455600.0,361.39,344514309738.8
601888,2022-03-21,175.8,172.95,175.99,171.11,8126963.0,0.0042,1407798599.9999998,354.39,337680645334.8
601888,2022-03-22,169.95,170.15,173.0,168.33,7640862.0,0.0039000000000000003,1300898000.0,348.79,332213713811.6
601888,2022-03-23,171.5,169.11,171.93,168.22,7420857.000000001,0.0038,1259504200.0,346.71,330183139245.84
601888,2022-03-24,168.0,166.62,168.8,165.6,7225312.0,0.0037,1204627000.0,341.73,325321475141.28
601888,2022-03-25,167.33,162.85,168.9,162.5,7524638.0,0.0039000000000000003,1241733200.0,334.19,317960642340.4
601888,2022-03-28,157.82,159.5,161.97,157.08,9803836.0,0.005,1562455900.0,327.49,311419849268.0
601888,2022-03-29,159.81,156.1,161.65,155.73,8267156.0,0.0042,1304886700.0,320.69,304781432418.4
601888,2022-03-30,159.22,167.2,168.39,156.88,15229175.0,0.0078000000000000005,2480408800.0,342.89,326453910956.8
601888,2022-03-31,164.02,164.37,167.1,163.4,8257219.0,0.0042,1361564200.0000002,337.23,320928405167.28
601888,2022-04-01,162.64,174.26,177.3,162.22,19300100.0,0.009899999999999999,3331938300.0,357.01,340238388297.44
601888,2022-04-06,168.2,164.1,168.6,163.0,20632200.0,0.0106,3419982000.0,336.69,320401236770.4
601888,2022-04-07,161.8,164.95,167.4,161.37,12995700.0,0.0067,2144947600.0,338.39,322060840982.8
601888,2022-04-08,163.91,164.48,165.7,160.81,9303600.0,0.0048,1519190799.9999998,337.45,321143177477.12
601888,2022-04-11,161.19,156.11,161.19,153.59,16885400.0,0.0086,2644726599.9999995,320.71,304800957173.84
601888,2022-04-12,157.8,171.72,171.72,157.55,19192800.0,0.0098,3168752199.9999995,351.93,335279100415.68
601888,2022-04-13,175.8,172.0,176.8,169.72,23182400.0,0.011899999999999999,4015525200.0,352.49,335825793568.0
601888,2022-04-14,174.76,181.58,185.1,174.76,23491900.0,0.012,4253569900.0,371.65,354530509279.52
601888,2022-04-15,178.3,182.24,185.8,177.17,14388200.0,0.0074,2626712000.0,372.97,355819143138.56
601888,2022-04-18,179.02,180.88,181.99,177.51,7792400.0,0.004,1399944300.0,370.25,353163776398.72
601888,2022-04-19,178.6,178.63,183.67,177.03,12167300.0,0.0062,2189459800.0,365.75,348770706424.72
601888,2022-04-20,178.34,182.26,186.0,174.76,14627900.0,0.0075,2656381500.0,373.01,355858192649.44
601888,2022-04-21,179.1,175.16,181.77,173.5,12306400.0,0.0063,2175255800.0,358.81,341995616287.04
601888,2022-04-22,174.0,176.98,178.99,171.32,10400300.0,0.0053,1825978800.0,362.45,345549121777.12
601888,2022-04-25,168.38,173.49,181.3,166.1,20419400.0,0.0105,3588737500.0,355.47,338734982128.56
601888,2022-04-26,175.0,180.02,185.05,175.0,20267000.0,0.0104,3655558200.0,368.53,351484647430.88
601888,2022-04-27,178.5,183.99,185.33,177.0,18030700.0,0.0092,3275885100.0,376.47,359235975340.56
601888,2022-04-28,181.0,181.58,187.66,178.0,15936000.0,0.008199999999999999,2909670500.0,371.65,354530509279.52
601888,2022-04-29,182.8,181.99,183.5,174.3,16288800.0,0.0083,2917724200.0,372.47,355331024252.56
601888,2022-05-05,179.0,179.74,182.8,175.44,12301200.0,0.0063,2207277300.0,367.97,350937954278.56
601888,2022-05-06,174.0,163.69,175.23,161.88,21378000.0,0.0109,3576514800.0,335.87,319600721797.36
601888,2022-05-09,159.5,160.0,163.6,156.22,13538200.0,0.0069,2157599600.0,328.49,312396087040.0
601888,2022-05-10,156.0,165.95,168.4,155.18,15165000.0,0.0078000000000000005,2477067800.0,340.39,324013316526.8
601888,2022-05-11,166.95,176.65,179.49,166.95,21362900.0,0.0109,3720667800.0000005,361.79,344904804847.6
601888,2022-05-12,173.55,171.95,174.85,170.36,8189100.0,0.0042,1412509700.0,352.39,335728169790.8
601888,2022-05-13,173.5,173.0,174.0,170.11,6517000.0,0.0033,1121365000.0,354.49,337778269112.0
601888,2022-05-16,174.55,174.32,178.0,171.88,10117400.0,0.0052,1767318500.0,357.13,340355536830.08
601888,2022-05-17,173.98,174.92,176.68,172.58,6881300.0,0.0034999999999999996,1201129100.0,358.33,341527022156.48
601888,2022-05-18,175.7,170.35,175.94,168.15,9499700.0,0.0049,1625549300.0,349.19,332604208920.4
601888,2022-05-19,166.0,167.8,169.45,165.32,8477900.0,0.0043,1417758000.0,344.09,327625396283.2
601888,2022-05-20,169.16,175.75,176.0,169.16,13699600.0,0.006999999999999999,2385927500.0,359.99,343147576858.0
601888,2022-05-23,176.03,166.77,176.5,166.45,19099900.0,0.0098,3220303600.0,342.03,325614346472.88
601888,2022-05-24,167.24,164.4,168.2,163.98,9224000.0,0.004699999999999999,1531477200.0,337.29,320986979433.6
601888,2022-05-25,163.05,165.65,167.1,162.43,9507700.0,0.0049,1565762800.0,339.79,323427573863.6
601888,2022-05-26,165.69,163.05,166.9,161.0,11989000.0,0.0060999999999999995,1953119300.0,334.59,318351137449.2
601888,2022-05-27,165.3,164.95,168.6,164.0,11774700.0,0.006,1957997500.0,338.39,322060840982.8
601888,2022-05-30,169.89,172.0,172.52,166.3,17570500.0,0.009000000000000001,2993308400.0000005,352.49,335825793568.0
601888,2022-05-31,171.0,176.7,177.89,169.6,18613600.0,0.0095,3261895500.0,361.89,345002428624.8
601888,2022-06-01,178.0,175.92,179.8,175.33,12698200.0,0.006500000000000001,2254678700.0,360.33,343479497700.48
601888,2022-06-02,175.0,175.39,176.66,174.61,8656500.0,0.0044,1518497200.0,359.27,342444685662.16
601888,2022-06-06,177.0,180.97,181.53,172.42,14791700.0,0.0076,2632981500.0,370.43,353339499197.68
601888,2022-06-07,181.82,184.8,186.99,179.5,15664800.0,0.008,2896471599.9999995,378.09,360817480531.2
601888,2022-06-08,188.0,191.56,193.0,186.8,17791600.0,0.0091,3388404900.0,391.61,374016215208.64
601888,2022-06-09,194.01,186.9,194.49,185.29,12169400.0,0.0062,2295700200.0,382.29,364917679173.6
601888,2022-06-10,184.08,187.75,189.4,184.07,11769800.0,0.006,2201439800.0,383.99,366577283386.0
601888,2022-06-13,183.0,178.31,184.49,175.78,18166200.0,0.009300000000000001,3251376000.0,365.11,348145914250.64
601888,2022-06-14,175.5,181.01,181.47,175.01,9746900.0,0.005,1734260600.0,370.51,353417598219.44
601888,2022-06-15,180.61,181.98,186.98,176.7,15404600.0,0.0079,2806344300.0,372.45,355311499497.12
601888,2022-06-16,182.3,182.0,185.0,181.36,7698100.0,0.0039000000000000003,1409520300.0,372.49,355350549008.0
601888,2022-06-17,180.0,190.39,191.89,179.51,18397700.0,0.009399999999999999,3455391200.0,389.27,371731818822.16
601888,2022-06-20,190.9,197.0,198.35,190.9,16009000.0,0.008199999999999999,3122034099.9999995,402.49,384637682168.0
601888,2022-06-21,197.01,197.43,200.99,194.8,14655300.0,0.0075,2900037700.0,403.35,385477246651.92
601888,2022-06-22,197.0,192.3,197.9,192.09,11742100.0,0.006,2281754700.0,393.09,375461047111.2
601888,2022-06-23,194.8,199.5,201.02,194.26,14920700.0,0.0076,2957993100.0,407.49,389518871028.0
601888,2022-06-24,198.69,201.12,204.23,197.44,14076400.0,0.0072,2820792700.0,410.73,392681881409.28
601888,2022-06-27,211.0,214.4,221.23,210.0,30755100.0,0.0158,6646711899.999999,437.29,418610756633.6
601888,2022-06-28,213.39,222.88,222.88,211.13,22710700.0,0.0116,4939883200.0,454.25,435167749246.72
601888,2022-06-29,225.0,219.05,231.18,218.4,19276000.0,0.009899999999999999,4299565600.0,446.59,427689767913.2
601888,2022-06-30,224.4,232.93,237.8,221.24,25013100.0,0.0128,5758900200.0,474.35,454790128463.92
601888,2022-07-01,229.1,225.11,230.63,220.2,16656600.0,0.0085,3751108300.0,458.71,439521769709.84
601888,2022-07-04,219.8,226.12,229.2,216.98,14332800.0,0.0073,3222489699.9999995,460.73,441493770009.28
601888,2022-07-05,226.3,220.91,229.12,217.96,15479400.0,0.0079,3418618100.0,450.31,431321372425.04
601888,2022-07-06,216.49,209.49,216.98,207.9,23246000.0,0.011899999999999999,4914514800.0,427.47,409024101712.56
601888,2022-07-07,208.0,209.41,210.99,204.5,15134000.0,0.0078000000000000005,3147500000.0,427.31,408867903669.04
601888,2022-07-08,214.7,211.97,218.16,211.56,12372500.0,0.0063,2653308500.0,432.43,413866241061.68
601888,2022-07-11,206.5,207.35,208.5,203.56,11361900.0,0.0058,2342840300.0,423.19,404845804048.4
601888,2022-07-12,207.33,203.54,209.38,200.87,9680400.0,0.005,1975673700.0,415.57,397406872225.76
601888,2022-07-13,204.05,205.6,207.51,203.41,9369900.0,0.0048,1925390200.0,419.69,401428971846.4
601888,2022-07-14,203.0,209.5,212.0,203.0,12526800.0,0.0064,2617031300.0,427.49,409043626468.0
601888,2022-07-15,206.0,204.36,212.89,204.0,10920200.0,0.005600000000000001,2276786900.0,420.21,399007902171.84
601888,2022-07-18,206.0,206.58,209.28,201.02,8335400.0,0.0043,1715601800.0,424.65,403342397879.52
601888,2022-07-19,211.0,209.0,211.25,205.01,9421800.0,0.0048,1962955900.0,429.49,408067388696.0
601888,2022-07-20,210.33,214.95,216.51,208.74,11554900.0,0.0059,2471578700.0,441.39,419684618182.8
601888,2022-07-21,214.56,208.95,214.56,208.7,8242900.0,0.0042,1737955500.0,429.39,407969764918.8
601888,2022-07-22,208.0,214.62,215.05,208.0,10661800.0,0.0055000000000000005,2271975700.0,440.73,419040301253.28
601888,2022-07-25,214.6,219.61,221.28,213.5,10815500.0,0.0055000000000000005,2366044800.0,450.71,428783154217.84
601888,2022-07-26,222.9,219.0,226.04,217.8,10442700.0,0.0053,2316825800.0,449.49,427592144136.0
601888,2022-07-27,217.05,214.83,219.23,214.0,8036800.0,0.0040999999999999995,1732717100.0,441.15,419450321117.52
601888,2022-07-28,222.0,219.98,226.66,217.96,14965200.0,0.0077,3328966400.0,451.45,429505570169.12
601888,2022-07-29,214.5,209.9,218.6,209.18,13520100.0,0.0069,2873555000.0,431.29,409824616685.6
601888,2022-08-01,208.0,211.7,213.5,206.33,7342800.0,0.0038,1551504700.0,434.89,413339072664.8
601888,2022-08-02,207.0,206.26,210.6,205.55,11264500.0,0.0058,2337141900.0,424.01,402717605705.44
601888,2022-08-03,206.26,200.05,209.25,199.38,15378100.0,0.0079,3109713300.0,411.59,390592732577.2
601888,2022-08-04,201.0,200.45,201.76,195.36,12557700.0,0.0064,2497859200.0,412.39,391373722794.8
601888,2022-08-05,195.08,198.9,200.47,193.08,13241400.0,0.0068000000000000005,2603945700.0,409.29,388347385701.6
601888,2022-08-08,186.0,189.59,192.9,184.0,21379900.0,0.011000000000000001,4038401000.0,390.67,370169838386.96
601888,2022-08-09,190.52,197.46,198.0,190.0,12764700.0,0.006500000000000001,2495761300.0,406.41,385535820918.24
601888,2022-08-10,196.5,196.0,198.03,193.63,6408300.0,0.0033,1255800100.0,403.49,382685206624.0
601888,2022-08-11,195.59,201.19,202.49,194.91,8896400.0,0.0046,1776783900.0000002,413.87,392818554697.36
601888,2022-08-12,198.0,195.66,199.97,194.04,11186000.0,0.005699999999999999,2189587700.0,402.81,382021364939.04
601888,2022-08-15,194.01,194.75,196.49,192.1,7431600.0,0.0038,1444213599.9999998,400.99,380244612194.0
601888,2022-08-16,195.1,190.18,195.98,190.09,11094200.0,0.005699999999999999,2123027200.0,391.85,371321798957.92
601888,2022-08-17,190.26,193.16,194.5,188.6,8158100.0,0.0042,1566842300.0,397.81,377140176079.04
601888,2022-08-18,191.64,188.62,192.99,188.0,11948400.0,0.0060999999999999995,2256266100.0,388.73,368275937109.28
601888,2022-08-19,188.8,188.0,190.78,187.0,8966000.0,0.0046,1693937600.0,387.49,367065402272.0
601888,2022-08-22,187.0,193.13,194.2,186.66,10575500.0,0.0054,2034300700.0,397.75,377081601812.72
601888,2022-08-23,194.55,192.98,195.89,189.7,8744000.0,0.0045000000000000005,1684239500.0,397.45,376788730481.12
601888,2022-08-24,193.0,189.8,195.44,189.0,7900800.0,0.004,1520581300.0,391.09,370579858251.2
601888,2022-08-25,189.7,192.82,193.7,187.73,8160800.0,0.0042,1557189000.0,397.13,396290883952.08
601888,2022-08-26,194.0,192.41,201.18,192.11,12549200.0,0.0064,2457992300.0,396.31,395448236600.04
601888,2022-08-29,189.69,192.25,193.69,189.01,5642400.0,0.0029,1081563400.0,395.99,395119398609.0
601888,2022-08-30,192.25,190.4,193.88,187.6,6646700.0,0.0034000000000000002,1260054000.0,392.29,391317209337.6
601888,2022-08-31,188.75,195.5,197.77,188.01,16707700.0,0.0086,3258767100.0,402.49,401798920302.0
601888,2022-09-01,194.01,186.8,194.96,186.06,13044300.0,0.0067,2469429500.0,385.09,383918354539.2
601888,2022-09-02,184.9,180.31,186.6,179.46,12308900.0,0.0063,2235391800.0,372.11,370579863527.64
601888,2022-09-05,179.0,180.1,180.1,175.2,10936500.0,0.005600000000000001,1939802100.0,371.69,370148263664.4
601888,2022-09-06,180.68,182.72,184.84,178.2,8240600.0,0.0042,1499029300.0,376.93,375532985767.68
601888,2022-09-07,179.1,183.95,184.39,179.1,5014400.0,0.0026,917573000.0,379.39,378060927823.8
601888,2022-09-08,184.84,186.0,189.49,184.5,7553200.0,0.0039000000000000003,1415446099.9999998,383.49,382274164584.0
601888,2022-09-09,184.5,191.09,191.6,183.55,9423000.0,0.0048,1783484700.0,393.67,392735323173.96
601888,2022-09-13,194.99,192.47,195.0,190.55,6665200.0,0.0034000000000000002,1282157200.0,396.43,395571550846.68
601888,2022-09-14,189.47,191.55,193.66,188.91,5906900.0,0.003,1129763800.0,394.59,393680732398.2
601888,2022-09-15,192.5,191.35,194.18,189.91,7069400.0,0.0036,1357898299.9999998,394.19,393269684909.4
601888,2022-09-16,190.2,188.51,193.71,188.0,7668400.0,0.0039000000000000003,1461408900.0000002,388.51,387432810568.44
601888,2022-09-19,190.0,188.45,192.2,186.8,5916800.0,0.003,1119993500.0,388.39,387309496321.8
601888,2022-09-20,190.01,194.23,195.0,187.7,8321600.0,0.0043,1600419700.0,399.95,399188768748.12
601888,2022-09-21,193.61,185.54,195.55,185.01,11528000.0,0.0059,2175096400.0,382.57,383856107023.76
601888,2022-09-22,184.0,187.1,188.15,181.05,7400100.0,0.0038,1370944600.0,385.69,387083527132.4
601888,2022-09-23,185.88,185.41,188.82,183.38,5578000.0,0.0029,1039081000.0,382.31,383587155348.04
601888,2022-09-26,185.33,194.51,198.46,185.3,17427000.0,0.0089,3385505700.0,400.51,402413772648.44
601888,2022-09-27,194.53,202.45,203.58,193.0,15671600.0,0.008,3124713700.0,416.39,418840513457.8
601888,2022-09-28,200.0,202.48,204.45,198.57,9991700.0,0.0051,2012978400.0,416.45,418902579229.12
601888,2022-09-29,203.33,197.25,203.5,196.06,9569700.0,0.0049,1900485799.9999998,405.99,408082446429.0
601888,2022-09-30,198.24,198.25,200.5,195.71,8099800.0,0.0040999999999999995,1607802900.0,407.99,410151305473.0
601888,2022-10-10,197.2,187.8,197.65,187.8,9827300.0,0.005,1880812900.0,387.09,388531728463.2
601888,2022-10-11,189.5,185.63,189.5,185.0,4797400.0,0.0025,894272300.0,382.75,384042304337.72
601888,2022-10-12,185.65,181.03,185.98,174.44,12827600.0,0.0066,2286525000.0,373.55,374525552735.32
601888,2022-10-13,179.06,180.15,182.92,178.81,6173200.0,0.0032,1118653700.0,371.79,372704956776.6
601888,2022-10-14,181.88,185.46,190.2,181.0,10558000.0,0.0054,1969901700.0000002,382.41,383690598300.24
601888,2022-10-17,184.96,186.93,188.2,183.58,7715000.0,0.004,1433788599.9999998,385.35,386731821094.92
601888,2022-10-18,190.0,189.0,192.5,187.34,5953000.0,0.003,1128654800.0,389.49,391014359316.0
601888,2022-10-19,188.01,179.6,188.88,179.6,8393500.0,0.0043,1531349700.0,370.69,371567084302.4
601888,2022-10-20,175.0,179.4,183.1,174.15,14162300.0,0.0073,2517778000.0,370.29,371153312493.6
601888,2022-10-21,176.61,175.57,179.1,174.55,8261600.0,0.0042,1456487200.0,362.63,363229582355.08
601888,2022-10-24,174.05,167.0,174.3,165.03,17073900.0,0.0087,2872709300.0,345.49,345499460348.0
601888,2022-10-25,167.8,171.39,173.8,166.23,10976200.0,0.005600000000000001,1873233800.0,354.27,354581751551.16
601888,2022-10-26,171.6,173.01,175.49,171.3,9518100.0,0.0049,1651802400.0,357.51,357933303202.44
601888,2022-10-27,172.0,169.0,178.0,168.48,11828800.0,0.0060999999999999995,2047246500.0,349.49,349637178436.0
601888,2022-10-28,168.53,167.45,172.86,167.05,9212000.0,0.004699999999999999,1564497000.0,346.39,346430446917.8
601888,2022-10-31,164.1,160.36,166.5,159.6,12901500.0,0.0066,2089352000.0,332.21,331762236295.84
601888,2022-11-01,160.18,176.4,176.4,156.51,20756400.0,0.0106,3471948700.0,364.29,364946735361.6
601888,2022-11-02,175.5,182.3,190.6,174.03,29315200.0,0.015,5330716100.0,376.09,377153003721.2
601888,2022-11-03,178.0,182.61,184.77,177.15,13365100.0,0.0068000000000000005,2431603000.0,376.71,377794350024.84
601888,2022-11-04,182.5,197.09,199.0,182.42,23056900.0,0.0118,4466993200.0,405.67,407751428981.96
601888,2022-11-07,192.0,191.3,196.9,189.57,14040100.0,0.0072,2695898000.0,394.09,395772735117.2
601888,2022-11-08,191.19,191.35,193.87,189.23,7705200.0,0.0039000000000000003,1471508900.0000002,394.19,395876178069.4
601888,2022-11-09,191.0,189.11,193.18,187.93,5810900.0,0.003,1101275700.0,389.71,391241933810.84
601888,2022-11-10,185.0,188.99,191.0,184.1,9289900.0,0.0048,1744344500.0,389.47,390993670725.56
601888,2022-11-11,199.0,195.88,201.51,190.18,26203900.0,0.0134,5133073300.0,403.25,405248109538.72
601888,2022-11-14,195.88,187.5,199.77,186.13,17557900.0,0.009000000000000001,3360435100.0,386.49,387911070750.0
601888,2022-11-15,188.94,191.0,194.5,188.37,12002400.0,0.0060999999999999995,2297702400.0,393.49,395152077404.0
601888,2022-11-16,195.0,194.2,200.87,191.68,17174300.0,0.0088,3372811300.0,399.89,401772426344.8
601888,2022-11-17,192.0,192.99,195.14,189.0,10164700.0,0.0052,1943954200.0000002,397.47,399269106901.56
601888,2022-11-18,192.7,190.8,194.06,190.51,6139200.0,0.0031,1178312400.0,393.09,394738305595.2
601888,2022-11-21,186.5,184.52,186.5,180.0,12319800.0,0.0063,2251973700.0,380.53,381745870798.88
601888,2022-11-22,184.1,183.25,186.99,181.51,7441500.0,0.0038,1365134000.0,377.99,379118419813.0
601888,2022-11-23,181.51,181.16,182.75,179.85,6679200.0,0.0034000000000000002,1208621600.0,373.81,374794504411.04
601888,2022-11-24,182.76,179.1,182.97,178.4,6052500.0,0.0031,1089599300.0,369.69,370532654780.4
601888,2022-11-25,179.95,178.66,180.5,177.01,4749000.0,0.0024,849646200.0,368.81,369622356801.04
601888,2022-11-28,173.98,183.86,184.66,172.11,12997200.0,0.0067,2323467900.0,379.21,380380423829.84
601888,2022-11-29,184.01,194.97,197.9,183.5,20490100.0,0.0105,3920238600.0,401.43,403365447808.68
601888,2022-11-30,194.8,197.48,197.6,192.51,15703900.0,0.008,3075272300.0,406.45,408558284009.12
601888,2022-12-01,211.0,204.0,213.2,200.8,24103300.0,0.0123,4952023700.0,419.49,422047244976.0
601888,2022-12-02,203.84,199.4,204.79,199.0,12884400.0,0.0066,2591707600.0,410.29,412530493373.6
601888,2022-12-05,205.0,204.92,209.82,201.77,18682900.0,0.0096,3845613900.0,421.33,423950595296.48
601888,2022-12-06,205.69,210.0,215.11,204.94,17980100.0,0.0092,3789553200.0,431.49,434460399240.0
601888,2022-12-07,213.0,214.4,218.25,209.95,21291100.0,0.0109,4556668300.0,440.29,443563379033.6
601888,2022-12-08,215.79,214.5,216.0,211.01,13829400.0,0.0070999999999999995,2956084300.0,440.49,443770264938.0
601888,2022-12-09,214.41,213.23,214.5,207.3,15082900.0,0.0077,3180358600.0,437.95,441142813952.12
601888,2022-12-12,211.0,215.77,218.84,210.57,13966600.0,0.0072,3021774500.0,443.03,446397715923.88
601888,2022-12-13,217.0,213.74,217.87,212.98,9077300.0,0.0046,1954930900.0,438.97,442197932064.56
601888,2022-12-14,214.7,218.84,220.6,214.0,13226300.0,0.0068000000000000005,2886867100.0,449.17,452749113188.96
601888,2022-12-15,222.38,219.7,224.02,216.43,11294100.0,0.0058,2492280100.0,450.89,454528331966.8
601888,2022-12-16,218.0,221.7,222.0,217.5,7697800.0,0.0039000000000000003,1692185400.0,454.89,458666050054.8
601888,2022-12-19,220.06,218.0,222.87,216.8,8216200.0,0.0042,1795762300.0,447.49,451011271592.0
601888,2022-12-20,217.05,213.2,218.4,212.3,10227300.0,0.0052,2195068200.0,437.89,441080748180.8
601888,2022-12-21,215.4,215.09,217.0,213.26,6603700.0,0.0034000000000000002,1421589600.0,441.67,444990891773.96
601888,2022-12-22,217.43,221.04,223.91,215.5,11547200.0,0.0059,2555154400.0,453.57,457300603085.76
601888,2022-12-23,220.5,223.33,226.78,218.38,8312000.0,0.0043,1859172600.0,458.15,462038290296.52
601888,2022-12-26,225.48,218.15,229.55,217.05,15509600.0,0.0079,3463131599.9999995,447.79,451321600448.6
601888,2022-12-27,220.5,218.21,220.5,214.96,10887900.0,0.005600000000000001,2379013700.0,447.91,451445731991.24
601888,2022-12-28,218.0,218.8,220.16,216.9,7616100.0,0.0039000000000000003,1665375500.0,449.09,452666358827.2
601888,2022-12-29,217.0,216.15,219.46,215.54,9585100.0,0.0049,2080115799.9999998,443.79,447183882360.6
601888,2022-12-30,217.88,216.03,218.72,213.05,8775800.0,0.0045000000000000005,1896340600.0,443.55,446935619275.32
601888,2023-01-03,217.0,214.1,218.5,212.18,8805700.0,0.0045000000000000005,1887601400.0000002,439.69,442942721320.4
601888,2023-01-04,213.8,215.11,216.91,212.84,6978500.0,0.0036,1498138400.0,441.71,445032268954.84
601888,2023-01-05,217.8,225.9,226.69,214.8,17553100.0,0.009000000000000001,3914000900.0000005,463.29,467355258039.6
601888,2023-01-06,225.73,224.67,225.84,222.86,7719500.0,0.004,1732324800.0,460.83,464810561415.48
601888,2023-01-09,225.45,225.68,226.8,223.3,8362300.0,0.0043,1881160700.0,462.85,466900109049.92
601888,2023-01-10,225.5,231.98,233.33,224.45,13193800.0,0.0068000000000000005,3050861800.0,475.45,479933921027.12
601888,2023-01-11,232.0,228.6,232.83,228.5,6182100.0,0.0032,1423463100.0,468.69,472941177458.4
601888,2023-01-12,229.69,225.02,232.68,223.4,9718000.0,0.005,2200024100.0,461.53,465534662080.88
601888,2023-01-13,225.02,228.5,228.88,224.11,9892300.0,0.0051,2246783400.0,468.49,472734291554.0
601888,2023-01-16,230.88,232.8,236.0,229.58,14809800.0,0.0076,3460836400.0,477.09,481630385443.2
601888,2023-01-17,233.06,230.99,233.71,228.14,6526200.0,0.0033,1506678400.0,473.47,477885750573.56
601888,2023-01-18,233.0,229.3,235.0,229.0,6211100.0,0.0032,1439472900.0,470.09,474389378789.2
601888,2023-01-19,230.12,231.64,232.85,224.55,10243900.0,0.0052,2340350300.0,474.77,479230508952.16
601888,2023-01-20,233.96,230.5,234.2,229.79,7191400.0,0.0037,1662370200.0,472.49,476872009642.0
601888,2023-01-30,239.5,217.49,239.99,216.4,30059600.0,0.0154,6730601800.000001,446.47,449956153479.56
601888,2023-01-31,218.2,212.3,219.9,210.98,17760700.0,0.0091,3807148900.0,436.09,439218775041.2
601888,2023-02-01,213.99,212.85,213.99,208.88,15838800.0,0.008100000000000001,3339232500.0,437.19,440356647515.4
601888,2023-02-02,213.58,215.22,215.57,210.7,12411100.0,0.0064,2651656800.0,441.93,445259843449.68
601888,2023-02-03,213.91,210.96,214.0,207.93,11167100.0,0.005699999999999999,2345878500.0,433.41,436446503922.24
601888,2023-02-06,208.0,206.16,209.0,204.03,13534700.0,0.0069,2787672300.0,423.81,426515980511.04
601888,2023-02-07,206.01,205.56,207.45,204.5,8453200.0,0.0043,1739326700.0000002,422.61,425274665084.64
601888,2023-02-08,206.01,204.31,206.99,204.04,6214600.0,0.0032,1276909200.0,420.11,422688591279.64
601888,2023-02-09,204.0,205.69,207.99,203.81,11106800.0,0.005699999999999999,2283160800.0,422.87,425543616760.36
601888,2023-02-10,205.0,204.42,205.2,202.01,9431800.0,0.0048,1920875100.0,420.33,422916165774.48
601888,2023-02-13,203.33,208.0,208.68,202.21,14974000.0,0.0077,3088843600.0,427.49,430322681152.0
601888,2023-02-14,207.2,205.45,207.8,203.08,13846800.0,0.0070999999999999995,2828032700.0,422.39,425047090589.8
601888,2023-02-15,205.0,200.5,205.45,200.39,14055500.0,0.0072,2833275700.0,412.49,414806238322.0
601888,2023-02-16,200.65,204.18,207.0,200.65,16511000.0,0.0085,3384291599.9999995,419.85,422419639603.92
601888,2023-02-17,203.11,200.54,206.8,200.51,10298600.0,0.0053,2090272700.0,412.57,414888992683.76
601888,2023-02-20,201.07,205.97,206.0,198.77,11759600.0,0.006,2389184800.0,423.43,426122897292.68
601888,2023-02-21,205.0,203.5,205.9,201.3,9653400.0,0.0049,1957352300.0,418.49,421012815454.0
601888,2023-02-22,201.57,200.54,203.0,200.11,7875000.0,0.004,1582361700.0000002,412.57,414888992683.76
601888,2023-02-23,200.2,199.99,201.88,199.2,6454400.0,0.0033,1290616600.0,411.47,413751120209.56
601888,2023-02-24,200.67,197.51,200.88,197.01,8652100.0,0.0044,1713111200.0,406.51,408620349780.44
601888,2023-02-27,195.7,197.31,198.58,194.85,8000900.0,0.0040999999999999995,1574683299.9999998,406.11,408206577971.64
601888,2023-02-28,198.3,197.58,199.29,194.91,8848900.0,0.0045000000000000005,1739191800.0,406.65,408765169913.52
601888,2023-03-01,197.1,196.85,198.7,195.77,9984800.0,0.0051,1965451700.0000002,405.19,407254902811.4
601888,2023-03-02,196.86,195.52,197.8,195.1,7339200.0,0.0038,1439004800.0,402.53,404503320282.88
601888,2023-03-03,196.29,196.06,197.2,194.55,7619300.0,0.0039000000000000003,1493622500.0,403.61,405620504166.64
601888,2023-03-06,196.96,191.93,197.49,189.88,19025500.0,0.0097,3654944800.0,395.35,397076116314.92
601888,2023-03-07,191.84,188.6,192.7,188.57,11536500.0,0.0059,2196986700.0,388.69,390186815698.4
601888,2023-03-08,187.42,187.65,188.45,186.68,6929700.0,0.0034999999999999996,1299084800.0,386.79,388221399606.6
601888,2023-03-09,187.78,184.49,188.33,183.48,12328700.0,0.0063,2281501600.0,380.47,381683805027.56
601888,2023-03-10,182.0,181.73,183.89,181.66,9158300.0,0.004699999999999999,1670820100.0,374.95,375973754066.12
601888,2023-03-13,181.53,186.81,188.39,181.5,15024400.0,0.0077,2801211300.0,385.11,386483558009.64
601888,2023-03-14,186.1,186.35,186.91,183.72,8075000.0,0.0040999999999999995,1499754100.0,384.19,385531882849.4
601888,2023-03-15,189.61,182.95,190.2,182.55,12377600.0,0.0063,2296215400.0,377.39,378497762099.8
601888,2023-03-16,181.0,184.26,185.99,180.0,11033600.0,0.005699999999999999,2029892400.0,380.01,381207967447.44
601888,2023-03-17,186.14,185.3,188.8,184.5,12235100.0,0.0063,2283431500.0,382.09,383359580853.2
601888,2023-03-20,185.8,182.67,185.8,180.5,9050400.0,0.0046,1652859000.0,376.83,377918481567.48
601888,2023-03-21,183.5,188.0,188.23,183.11,11562000.0,0.0059,2155499200.0,387.49,388945500272.0
601888,2023-03-22,189.0,184.69,189.74,184.04,12359500.0,0.0063,2298382200.0,380.87,382097576836.36
601888,2023-03-23,183.5,184.56,185.1,182.0,7724600.0,0.004,1418145400.0,380.61,381828625160.64
601888,2023-03-24,183.7,186.32,187.5,183.61,8183800.0,0.0042,1523835500.0,384.13,385469817078.08
601888,2023-03-27,186.33,184.75,186.33,183.8,7008000.0,0.0036,1293425300.0,380.99,382221708379.0
601888,2023-03-28,185.6,182.61,185.87,181.67,9844300.0,0.005,1799425500.0,376.71,377794350024.84
601888,2023-03-29,183.4,182.54,185.49,181.89,8070400.0,0.0040999999999999995,1479806700.0000002,376.57,377649529891.76
601888,2023-03-30,182.59,187.47,187.57,182.57,13150200.0,0.0067,2436582500.0,386.43,387849004978.68
601888,2023-03-31,187.52,183.24,187.99,182.78,14372200.0,0.0074,2654025700.0,377.97,379097731222.56
601888,2023-04-03,183.0,184.39,187.0,181.01,15742200.0,0.008100000000000001,2899838000.0,380.27,381476919123.16
601888,2023-04-04,184.1,178.04,184.3,175.9,25928000.0,0.013300000000000001,4657942500.0,367.57,368339664193.76
601888,2023-04-06,175.01,176.82,180.48,173.64,14394800.0,0.0074,2546608800.0,365.13,365815656160.08
601888,2023-04-07,177.0,181.82,183.43,176.87,15165800.0,0.0078000000000000005,2754444099.9999995,375.13,376159951380.08
601888,2023-04-10,181.16,179.85,181.8,178.69,8841700.0,0.0045000000000000005,1591044600.0,371.19,372084299063.4
601888,2023-04-11,179.87,179.27,182.82,178.21,11063000.0,0.005699999999999999,1995413299.9999998,370.03,370884360817.88
601888,2023-04-12,179.27,176.0,180.0,175.79,13040400.0,0.0067,2306412800.0,363.49,364119191744.0
601888,2023-04-13,175.95,176.65,177.32,174.46,11046000.0,0.005699999999999999,1938712900.0,364.79,365463950122.6
601888,2023-04-14,176.78,174.78,177.5,174.34,11148500.0,0.005699999999999999,1957030900.0,361.05,361595183710.32
601888,2023-04-17,176.06,179.81,180.32,175.15,18201600.0,0.009300000000000001,3255067300.0,371.11,372001544701.64
601888,2023-04-18,180.32,180.3,181.24,178.28,9949800.0,0.0051,1787537900.0,372.09,373015285633.2
601888,2023-04-19,180.4,176.96,180.4,175.31,12075300.0,0.0062,2137285300.0,365.41,366105296426.24
601888,2023-04-20,176.6,171.0,176.96,170.2,18343600.0,0.009399999999999999,3170302199.9999995,353.49,353774896524.0
601888,2023-04-21,171.0,167.17,171.48,166.66,16686100.0,0.0085,2809562400.0,345.83,345851166385.48
601888,2023-04-24,167.1,163.89,167.11,163.01,14055600.0,0.0072,2312850100.0,339.27,339065308721.16
601888,2023-04-25,162.11,161.95,162.78,159.12,14728800.0,0.0075,2372490200.0,335.39,335051722175.8
601888,2023-04-26,161.67,162.0,165.08,161.51,12045000.0,0.0062,1959599400.0,335.49,335155165128.0
601888,2023-04-27,162.1,161.6,162.95,160.72,11345900.0,0.0058,1833217800.0,334.69,334327621510.4
601888,2023-04-28,164.77,160.98,166.38,157.61,22747300.0,0.011699999999999999,3660437100.0,333.45,333044928903.12
601888,2023-05-04,158.0,153.32,158.98,151.8,30936600.0,0.0158,4768652400.0,318.13,317197468626.08
601888,2023-05-05,153.25,152.88,154.5,150.99,13228800.0,0.0068000000000000005,2020904500.0,317.25,316287170646.72
601888,2023-05-08,152.5,149.86,152.5,148.11,18878400.0,0.0097,2823446700.0,311.21,310039216333.84
601888,2023-05-09,149.0,147.61,150.95,147.6,16012700.0,0.008199999999999999,2388177900.0,306.71,305384283484.84
601888,2023-05-10,146.99,144.98,147.75,144.72,16777400.0,0.0086,2444882600.0,301.45,299943184199.12
601888,2023-05-11,145.53,144.05,146.2,143.8,12093700.0,0.0062,1755092100.0,299.59,298019145288.2
601888,2023-05-12,144.35,139.7,145.15,139.69,18728600.0,0.0096,2652235500.0,290.89,289019608446.8
601888,2023-05-15,139.0,142.0,142.14,138.72,14840200.0,0.0076,2084065600.0,295.49,293777984248.0
601888,2023-05-16,142.0,138.78,142.0,137.88,16725400.0,0.0086,2325536100.0,289.05,287116258126.32
601888,2023-05-17,138.5,136.44,139.1,135.67,13599600.0,0.006999999999999999,1861414200.0000002,284.37,282275127963.36
601888,2023-05-18,136.0,133.88,136.9,133.07,14681300.0,0.0075,1981037100.0,279.25,276978848810.72
601888,2023-05-19,134.35,135.16,135.82,131.51,19495800.0,0.01,2605367400.0,281.81,279626988387.04
601888,2023-05-22,134.0,138.87,140.57,132.53,22506500.0,0.0115,3096653100.0,289.23,287302455440.28
601888,2023-05-23,137.29,136.51,138.8,136.5,11388100.0,0.0058,1567829800.0,284.51,282419948096.44
601888,2023-05-24,136.0,133.51,136.0,133.51,10495000.0,0.0054,1412311800.0,278.51,276213370964.44
601888,2023-05-25,132.23,131.4,133.5,130.67,12688600.0,0.006500000000000001,1672087700.0,274.29,271848078381.6
601888,2023-05-26,131.65,130.7,132.25,128.88,10900200.0,0.005600000000000001,1420327000.0,272.89,270399877050.8
601888,2023-05-29,130.7,127.44,131.14,127.39,13493300.0,0.0069,1733127300.0,266.37,263655396567.36
601888,2023-05-30,127.87,127.8,129.23,125.21,12189200.0,0.0062,1551244100.0,267.09,264400185823.2
601888,2023-05-31,126.0,123.1,126.44,122.08,24103400.0,0.0123,2974548600.0,257.69,254676548316.4
601888,2023-06-01,123.48,120.95,124.02,120.8,19716000.0,0.0101,2409214400.0,253.39,250228501371.8
601888,2023-06-02,122.0,122.81,123.94,120.86,18707300.0,0.0096,2293208500.0,257.11,254076579193.64
601888,2023-06-05,122.92,119.55,122.92,119.54,14523000.0,0.0074,1747528299.9999998,250.59,247332098710.2
601888,2023-06-06,120.19,117.71,121.3,116.87,18870200.0,0.0097,2245338600.0,246.91,243525398069.24
601888,2023-06-07,118.44,116.58,118.97,116.11,15271400.0,0.0078000000000000005,1790341300.0,244.65,241187587349.52
601888,2023-06-08,116.78,117.58,118.88,115.6,15578900.0,0.008,1821551000.0,246.65,243256446393.52
601888,2023-06-09,117.99,116.8,119.37,115.96,16062700.0,0.008199999999999999,1886286099.9999998,245.09,241642736339.2
601888,2023-06-12,116.0,120.01,121.8,115.0,22628400.0,0.0116,2689565900.0000005,251.51,248283773870.44
601888,2023-06-13,119.5,120.8,121.2,118.6,14271100.0,0.0073,1711753000.0,253.09,249918172515.2
601888,2023-06-14,121.47,121.13,124.31,120.33,25145200.0,0.0129,3076538900.0,253.75,250600895999.72
601888,2023-06-15,121.38,130.0,130.9,120.2,45750000.0,0.023399999999999997,5788862200.0,271.49,268951675720.0
601888,2023-06-16,130.5,130.16,131.0,127.28,27568600.0,0.0141,3558988200.0,271.81,269282693167.04
601888,2023-06-19,129.5,127.3,129.73,126.76,16994600.0,0.0087,2172702900.0,266.09,263365756301.2
601888,2023-06-20,126.87,126.28,128.6,126.02,12671800.0,0.006500000000000001,1607250300.0,264.05,261255520076.32
601888,2023-06-21,126.01,122.15,127.2,122.02,18153000.0,0.009300000000000001,2252640000.0,255.79,252711132224.6
601888,2023-06-26,120.0,117.44,121.66,117.23,20562100.0,0.0105,2441275300.0,246.37,242966806127.36
601888,2023-06-27,119.22,116.69,119.36,115.81,19022700.0,0.0097,2226383500.0,244.87,241415161844.36
601888,2023-06-28,116.7,115.79,117.17,115.2,13169000.0,0.0067,1526198299.9999998,243.07,239553188704.76
601888,2023-06-29,115.83,110.89,115.94,110.63,30764500.0,0.0158,3449145000.0,233.27,229415779389.16
601888,2023-06-30,110.76,110.53,111.85,108.91,21889900.0,0.011200000000000002,2420874700.0,232.55,228670990133.32
601888,2023-07-03,110.48,115.23,116.34,109.6,28855300.0,0.0148,3290570500.0,241.95,238394627640.12
601888,2023-07-04,114.9,115.29,116.45,113.67,16356300.0,0.0084,1883111700.0000002,242.07,238518759182.76
601888,2023-07-05,115.45,112.82,115.66,112.65,13919000.0,0.0070999999999999995,1580213500.0,237.13,233408677344.08
601888,2023-07-06,112.99,111.01,114.5,110.58,17401300.0,0.0089,1950276400.0000002,233.51,229664042474.44
601888,2023-07-07,110.59,109.66,111.53,109.6,12240500.0,0.0063,1349143599.9999998,230.81,226871082765.04
601888,2023-07-10,112.99,117.56,120.63,112.35,51171600.0,0.0262,6025865900.0,246.61,243215069212.64
601888,2023-07-11,117.16,115.87,117.87,115.41,22077900.0,0.0113,2568927800.0,243.23,239718697428.28
601888,2023-07-12,116.46,116.15,118.53,115.33,19720300.0,0.0101,2298415800.0,243.79,240297977960.6
601888,2023-07-13,118.22,119.1,120.48,117.36,27147100.0,0.0139,3234590200.0,249.69,246401112140.4
601888,2023-07-14,120.14,117.05,120.14,116.81,16915000.0,0.0087,1990368599.9999998,245.59,242159951100.2
601888,2023-07-17,116.0,115.4,116.2,114.6,10137800.0,0.0052,1167331200.0,242.29,238746333677.6
601888,2023-07-18,115.96,114.51,115.97,113.6,10804800.0,0.0055000000000000005,1234838400.0,240.51,236905049128.44
601888,2023-07-19,113.94,114.23,115.3,113.8,9777900.0,0.005,1118318100.0,239.95,236325768596.12
601888,2023-07-20,115.0,113.15,116.66,113.0,14835100.0,0.0076,1699699100.0,237.79,234091400828.6
601888,2023-07-21,112.13,113.72,116.2,111.81,18229700.0,0.009300000000000001,2079053700.0,240.53,235270650483.68
601888,2023-07-24,112.02,111.27,112.78,110.89,12650200.0,0.006500000000000001,1412564400.0,235.63,230201945825.88
601888,2023-07-25,115.0,118.21,118.45,114.51,34082100.0,0.0175,3990373800.0,249.51,244559827591.24
601888,2023-07-26,118.22,118.3,118.9,117.22,15078800.0,0.0077,1781658700.0,249.69,244746024905.2
601888,2023-07-27,118.3,120.99,123.39,117.56,31297900.0,0.016,3791316100.0,255.07,250311255733.56
601888,2023-07-28,120.02,125.97,126.57,119.53,32601500.0,0.0167,4036739099.9999995,265.03,260614173772.68
601888,2023-07-31,128.24,125.77,130.26,124.47,38327000.0,0.0196,4873303000.0,264.63,260200401963.88
601888,2023-08-01,125.15,123.64,127.5,122.78,22492400.0,0.0115,2804135000.0,260.37,255793732200.16
601888,2023-08-02,122.7,122.94,125.5,122.31,16328500.0,0.0084,2014579900.0,258.97,254345530869.36
601888,2023-08-03,122.35,124.13,124.8,121.0,16564200.0,0.0085,2037613800.0,261.35,256807473131.72
601888,2023-08-04,125.5,125.86,128.1,125.21,27954900.0,0.0143,3537292900.0,264.81,260386599277.84
601888,2023-08-07,124.7,124.96,126.08,123.98,13956900.0,0.0070999999999999995,1746705000.0,263.01,258524626138.24
601888,2023-08-08,124.8,123.85,124.96,122.18,12829500.0,0.0066,1584242500.0,260.79,256228192599.4
601888,2023-08-09,123.0,123.47,125.25,123.0,9069600.0,0.0046,1125324000.0,260.03,255442026162.68
601888,2023-08-10,123.55,122.62,124.4,121.08,13577300.0,0.006999999999999999,1662367600.0,258.33,253683495975.28
601888,2023-08-11,122.78,120.5,123.66,120.5,12513800.0,0.0064,1524215200.0,254.09,249297514802.0
601888,2023-08-14,118.0,118.28,119.12,116.78,14698700.0,0.0075,1734374500.0,249.65,244704647724.32
601888,2023-08-15,118.28,116.1,118.77,114.66,15300300.0,0.0078000000000000005,1775147700.0,245.29,240194535008.4
601888,2023-08-16,115.5,116.81,117.44,115.19,12374500.0,0.0063,1440469600.0,246.71,241663424929.64
601888,2023-08-17,115.57,120.03,120.32,115.56,18004300.0,0.0092,2131408599.9999998,253.15,248325151051.32
601888,2023-08-18,119.8,114.09,119.96,114.09,18241200.0,0.009300000000000001,2123208599.9999998,241.27,236036128329.96
601888,2023-08-21,115.45,116.0,118.57,113.76,17386000.0,0.0089,2020375799.9999998,245.09,239987649104.0
601888,2023-08-22,116.0,113.09,116.36,110.66,19944900.0,0.0102,2240016000.0,239.27,233967269285.96
601888,2023-08-23,112.95,110.34,113.55,110.17,11830600.0,0.0060999999999999995,1317694100.0,233.77,228277906914.96
601888,2023-08-24,111.1,111.95,112.81,110.34,9606100.0,0.0049,1074431200.0,236.99,231608769975.8
601888,2023-08-25,110.99,107.5,110.99,106.89,17732600.0,0.0091,1921733500.0,228.09,222402347230.0
601888,2023-08-28,114.48,109.78,114.49,109.43,20012200.0,0.0102,2241077500.0,232.65,227119345850.32
601888,2023-08-29,110.76,112.15,112.8,109.34,15114000.0,0.0077,1684221099.9999998,237.39,232022541784.6
601888,2023-08-30,112.18,111.4,112.71,111.18,10111000.0,0.0052,1130826600.0,235.89,230470897501.6
601888,2023-08-31,111.4,108.92,111.66,108.82,11474000.0,0.0059,1255728300.0,230.93,225340127072.48
601888,2023-09-01,109.9,109.35,111.33,109.08,9259300.0,0.004699999999999999,1019951900.0,231.79,226229736461.4
601888,2023-09-04,110.62,115.92,115.96,110.11,25302400.0,0.013000000000000001,2879859600.0,244.93,239822140380.48
601888,2023-09-05,115.01,114.5,116.0,114.21,11472100.0,0.0059,1318657800.0,242.09,236884360538.0
601888,2023-09-06,113.99,113.0,114.0,112.38,9089800.0,0.004699999999999999,1026967000.0,239.09,233781071972.0
601888,2023-09-07,112.9,110.24,112.9,110.15,10564700.0,0.0054,1172375700.0,233.57,228071021010.56
601888,2023-09-08,109.8,108.4,109.8,108.0,9337200.0,0.0048,1014276300.0,229.89,224264320369.6
601888,2023-09-11,108.42,110.23,111.38,107.13,13042600.0,0.0067,1425777700.0,233.55,228050332420.12
601888,2023-09-12,109.49,109.0,110.23,108.52,8425000.0,0.0043,921106700.0,231.09,225505635796.0
601888,2023-09-13,108.99,107.52,109.96,106.9,11460600.0,0.0059,1238383900.0,228.13,222443724410.88
601888,2023-09-14,107.52,105.45,107.95,104.85,14127800.0,0.0072,1493888900.0000002,223.99,218161186189.8
601888,2023-09-15,106.05,106.06,107.28,104.14,13573100.0,0.006999999999999999,1437397800.0,225.21,219423190206.64
601888,2023-09-18,105.9,111.78,112.22,105.28,27753900.0,0.014199999999999999,3065327300.0,236.65,231257063938.32
601888,2023-09-19,111.35,109.68,111.6,109.18,11137800.0,0.005699999999999999,1224812200.0,232.45,226912459945.92
601888,2023-09-20,109.02,109.6,110.26,108.53,9247600.0,0.004699999999999999,1011651799.9999999,232.29,226746951222.4
601888,2023-09-21,108.8,105.95,108.8,105.8,14970900.0,0.0077,1595893299.9999998,224.99,219195615711.8
601888,2023-09-22,105.5,109.3,109.35,104.92,16268100.0,0.0083,1751380100.0,231.69,226126293509.2
601888,2023-09-25,108.7,107.72,109.85,107.65,12513000.0,0.0064,1358306500.0,228.53,222857496219.68
601888,2023-09-26,107.3,106.83,108.48,106.5,9709400.0,0.005,1039940500.0,226.75,221016211670.52
601888,2023-09-27,106.89,107.5,109.59,106.28,12854400.0,0.0066,1385295200.0,228.09,222402347230.0
601888,2023-09-28,108.15,105.97,108.15,105.51,16475700.0,0.0084,1749292500.0,225.03,219236992892.68
601888,2023-10-09,104.31,100.4,104.5,100.38,26257900.0,0.0134,2664825000.0,213.89,207713448017.6
601888,2023-10-10,101.0,100.87,103.39,100.4,20499700.0,0.0105,2089652400.0,214.83,208685811768.28
601888,2023-10-11,101.3,100.23,102.0,99.81,16324700.0,0.0084,1641792500.0,213.55,207361741980.12
601888,2023-10-12,100.3,101.06,102.0,100.0,16176500.0,0.0083,1633552500.0,215.21,209078894986.64
601888,2023-10-13,99.74,97.18,99.74,96.77,23580900.0,0.0121,2304705800.0,207.45,201051721895.92
601888,2023-10-16,96.3,94.88,97.49,94.44,18162900.0,0.009300000000000001,1735716700.0000002,202.85,196293346094.72
601888,2023-10-17,94.88,95.93,97.3,94.71,15296700.0,0.0078000000000000005,1470314000.0,204.95,198465648090.92
601888,2023-10-18,95.4,94.25,95.57,94.21,11336600.0,0.0058,1073304900.0,201.59,194989964897.0
601888,2023-10-19,93.82,92.83,94.36,92.78,13672300.0,0.006999999999999999,1276236000.0,198.75,192052185054.52
601888,2023-10-20,92.19,92.36,93.55,92.06,13241400.0,0.0068000000000000005,1226649000.0,197.81,191079821303.84
601888,2023-10-23,91.91,90.07,92.65,89.58,12400200.0,0.0064,1125175400.0,193.23,186342134093.08
601888,2023-10-24,91.0,90.2,91.43,89.51,13923800.0,0.0070999999999999995,1257807800.0,193.49,186611085768.8
601888,2023-10-25,91.5,90.21,92.79,90.14,16743100.0,0.0086,1528682600.0,193.51,186631774359.24
601888,2023-10-26,88.7,89.62,89.85,87.61,16528700.0,0.0085,1466893200.0,192.33,185411147523.28
601888,2023-10-27,89.99,93.9,94.7,89.28,31863500.0,0.0163,2953637199.9999995,200.89,194265864231.6
601888,2023-10-30,93.3,95.42,95.88,93.2,17832200.0,0.0091,1692941200.0,203.93,197410529978.48
601888,2023-10-31,94.9,94.6,95.3,93.6,10562200.0,0.0054,996405000.0,202.29,195714065562.4
601888,2023-11-01,96.0,93.84,96.51,93.25,11271700.0,0.0058,1062515100.0,200.77,194141732688.96
601888,2023-11-02,94.95,92.73,95.24,92.7,10805300.0,0.0055000000000000005,1014138600.0,198.55,191845299150.12
601888,2023-11-03,93.41,94.58,95.05,92.9,10898100.0,0.005600000000000001,1027122800.0,202.25,195672688381.52
601888,2023-11-06,95.5,96.19,97.14,95.2,14275400.0,0.0073,1372815500.0,205.47,199003551442.36
601888,2023-11-07,95.58,95.61,95.98,94.74,10791200.0,0.0055000000000000005,1027891700.0,204.31,197803613196.84
601888,2023-11-08,95.59,96.3,97.5,95.11,14923200.0,0.0076,1438183400.0,205.69,199231125937.2
601888,2023-11-09,96.26,95.98,96.92,95.68,9373000.0,0.0048,901424800.0,205.05,198569091043.12
601888,2023-11-10,95.02,94.4,95.5,94.3,8234400.0,0.0042,779243300.0,201.89,195300293753.6
601888,2023-11-13,95.18,95.12,97.1,94.92,12641100.0,0.006500000000000001,1208319700.0,203.33,196789872265.28
601888,2023-11-14,95.32,95.24,96.58,94.73,8612000.0,0.0044,822097500.0,203.57,197038135350.56
601888,2023-11-15,96.9,96.15,97.22,95.67,11218200.0,0.005699999999999999,1081021100.0,205.39,198920797080.6
601888,2023-11-16,96.17,94.36,96.2,94.24,9877400.0,0.0051,936796300.0,201.81,195217539391.84
601888,2023-11-17,93.9,93.58,94.65,92.6,11833600.0,0.0060999999999999995,1103349400.0,200.25,193603829337.52
601888,2023-11-20,94.15,94.46,95.32,92.62,11464700.0,0.0059,1077679500.0,202.01,195424425296.24
601888,2023-11-21,95.5,95.03,97.0,94.8,16004500.0,0.008199999999999999,1536015700.0,203.15,196603674951.32
601888,2023-11-22,94.47,93.27,94.88,93.13,10082400.0,0.0052,944309000.0,199.63,192962483033.88
601888,2023-11-23,93.03,93.84,94.0,91.87,9005700.0,0.0046,836765000.0,200.77,194141732688.96
601888,2023-11-24,93.71,92.0,93.71,91.8,8966100.0,0.0046,828948100.0,197.09,190335032048.0
601888,2023-11-27,92.01,90.89,92.5,89.89,11555600.0,0.0059,1045962000.0,194.87,188038598509.16
601888,2023-11-28,90.76,91.0,91.43,90.35,6302600.0,0.0032,572676900.0,195.09,188266173004.0
601888,2023-11-29,90.71,89.5,91.13,88.9,9437800.0,0.0048,846422300.0,192.09,185162884438.0
601888,2023-11-30,89.66,89.15,90.19,88.51,10015000.0,0.0051,894126000.0,191.39,184438783772.6
601888,2023-12-01,88.6,87.9,88.89,86.52,14810400.0,0.0076,1296529500.0,188.89,181852709967.6
601888,2023-12-04,87.9,86.6,88.22,86.59,9608800.0,0.0049,837780500.0,186.29,179163193210.4
601888,2023-12-05,86.24,84.0,86.37,83.99,12463100.0,0.0064,1062860500.0,181.09,173784159696.0
601888,2023-12-06,83.7,84.48,85.53,83.3,11021400.0,0.005600000000000001,931502200.0,182.05,174777212037.12
601888,2023-12-07,84.45,82.88,84.45,82.42,12827500.0,0.0066,1065515800.0,178.85,171467037566.72
601888,2023-12-08,82.88,82.3,83.72,81.8,12055000.0,0.0062,995600100.0,177.69,170267099321.2
601888,2023-12-11,81.6,82.4,82.69,80.5,14762500.0,0.0076,1201456800.0,177.89,170473985225.6
601888,2023-12-12,82.2,82.14,83.43,81.85,10258800.0,0.0053,845941799.9999999,177.37,169936081874.16
601888,2023-12-13,81.51,78.9,81.76,78.88,19737400.0,0.0101,1574488000.0,170.89,163232978571.6
601888,2023-12-14,79.58,78.5,80.96,78.32,13960300.0,0.0072,1109577200.0,170.09,162405434954.0
601888,2023-12-15,78.91,78.19,80.3,78.11,18760400.0,0.0096,1483050600.0,169.47,161764088650.36
601888,2023-12-18,77.4,76.46,78.15,76.0,15434200.0,0.0079,1186711100.0,166.01,158184962504.24
601888,2023-12-19,76.25,76.89,77.44,76.14,12236300.0,0.0063,938028200.0000001,166.87,159074571893.16
601888,2023-12-20,76.9,75.83,77.15,75.82,10192700.0,0.0052,778608100.0,164.75,156881581306.52
601888,2023-12-21,75.42,79.75,80.66,75.42,34598600.0,0.0177,2728211800.0,172.59,164991508759.0
601888,2023-12-22,79.08,79.1,80.18,77.8,21807400.0,0.011200000000000002,1720085200.0,171.29,163646750380.4
601888,2023-12-25,78.88,79.61,79.64,78.28,12443200.0,0.0064,982978700.0,172.31,164701868492.84
601888,2023-12-26,79.61,78.85,79.64,78.06,11620100.0,0.006,913774800.0,170.79,163129535619.4
601888,2023-12-27,80.5,78.37,80.98,78.07,20564200.0,0.0105,1624235300.0,169.83,162136483278.28
601888,2023-12-28,77.42,85.02,85.85,77.41,44653900.0,0.0229,3690013400.0000005,183.13,175894395920.88
601888,2023-12-29,84.25,83.69,85.18,83.27,22271500.0,0.011399999999999999,1869988299.9999998,180.47,173142813392.36
601888,2024-01-02,83.69,80.6,83.88,80.55,21099900.0,0.0108,1717472600.0,174.29,166750038946.4
601888,2024-01-03,80.21,80.43,81.12,79.96,13361900.0,0.0068000000000000005,1073653600.0,173.95,166398332908.92
601888,2024-01-04,80.43,78.6,80.63,77.81,16343100.0,0.0084,1284656200.0,170.29,162612320858.4
601888,2024-01-05,78.49,77.02,79.28,76.71,17111400.0,0.0088,1333555400.0,167.13,159343523568.88
601888,2024-01-08,77.01,75.4,77.79,75.12,15387200.0,0.0079,1171150700.0,163.89,155991971917.6
601888,2024-01-09,77.18,80.22,82.94,76.91,54925900.0,0.0281,4428099200.0,173.53,165963872509.68
601888,2024-01-10,79.25,81.7,83.5,78.66,40597500.0,0.0208,3314620900.0000005,176.49,169025783894.8
601888,2024-01-11,81.27,82.07,83.0,80.59,27692700.0,0.014199999999999999,2262394500.0,177.23,169791261741.08
601888,2024-01-12,81.49,80.81,82.38,80.71,15696100.0,0.008,1277274300.0,174.71,167184499345.64
601888,2024-01-15,80.03,82.25,84.9,80.03,29934200.0,0.015300000000000001,2478036200.0,177.59,170163656369.0
601888,2024-01-16,81.49,82.4,82.61,80.6,22165400.0,0.011399999999999999,1809395200.0,177.89,170473985225.6
601888,2024-01-17,81.98,79.0,82.0,79.0,20950500.0,0.010700000000000001,1681219900.0,171.09,163439864476.0
601888,2024-01-18,78.38,84.0,84.25,78.38,44014400.0,0.0225,3607700200.0,181.09,173784159696.0
601888,2024-01-19,83.4,84.01,85.21,83.4,29591400.0,0.0152,2493718300.0,181.11,173804848286.44
601888,2024-01-22,84.0,81.97,84.5,81.13,29260100.0,0.015,2424025100.0,177.03,169584375836.68
601888,2024-01-23,82.02,81.15,82.68,79.69,24205600.0,0.0124,1969292400.0,175.39,167887911420.6
601888,2024-01-24,81.99,81.93,82.68,78.72,28257500.0,0.014499999999999999,2279521200.0,176.95,169501621474.92
601888,2024-01-25,81.0,86.9,87.96,80.39,49023300.0,0.025099999999999997,4149042600.0,186.89,179783850923.6
601888,2024-01-26,86.18,85.62,87.06,84.8,30642000.0,0.015700000000000002,2627853900.0,184.33,177135711347.28
601888,2024-01-29,85.2,84.92,88.98,84.68,36257400.0,0.018600000000000002,3148120800.0,182.93,175687510016.48
601888,2024-01-30,84.0,82.25,84.9,82.03,23795600.0,0.012199999999999999,1980112100.0,177.59,170163656369.0
601888,2024-01-31,81.52,79.81,82.5,79.47,25120600.0,0.0129,2021930500.0,172.71,165115640301.64
601888,2024-02-01,79.39,80.95,82.3,77.28,27732500.0,0.014199999999999999,2217138500.0,174.99,167474139611.8
601888,2024-02-02,80.42,78.52,81.15,75.83,29862300.0,0.015300000000000001,2353281000.0,170.13,162446812134.88
601888,2024-02-05,77.49,77.87,79.53,76.23,26872200.0,0.0138,2098572300.0,168.83,161102053756.28
601888,2024-02-06,77.8,82.7,82.71,77.17,27803900.0,0.014199999999999999,2247951200.0,178.49,171094642938.8
601888,2024-02-07,82.9,84.0,84.85,82.14,27701800.0,0.014199999999999999,2318914500.0,181.09,173784159696.0
601888,2024-02-08,84.93,84.45,85.65,83.38,25693600.0,0.0132,2168764200.0,181.99,174715146265.8
601888,2024-02-19,89.68,85.29,89.68,84.66,38074500.0,0.0195,3296938400.0000005,183.67,176452987862.76
601888,2024-02-20,85.5,84.53,85.93,83.66,20282000.0,0.0104,1713284800.0,182.15,174880654989.32
601888,2024-02-21,83.8,86.86,88.44,83.43,37038900.0,0.019,3208821200.0,186.81,179701096561.84
601888,2024-02-22,86.0,87.51,87.59,85.92,20299500.0,0.0104,1762153700.0,188.11,181045854940.44
601888,2024-02-23,87.51,87.58,88.13,86.66,18680100.0,0.0096,1630565100.0,188.25,181190675073.52
601888,2024-02-26,87.4,85.64,87.4,84.9,23174200.0,0.011899999999999999,1987052700.0,184.37,177177088528.16
601888,2024-02-27,84.75,86.19,86.2,84.75,20322400.0,0.0104,1734810700.0,185.47,178314961002.36
601888,2024-02-28,85.8,85.23,88.88,85.19,31796100.0,0.0163,2764692400.0,183.55,176328856320.12
601888,2024-02-29,84.5,87.1,87.1,84.48,25807500.0,0.0132,2217392200.0,187.29,180197622732.4
601888,2024-03-01,86.8,86.65,87.05,85.81,19967700.0,0.0102,1725717200.0,186.39,179266636162.6
601888,2024-03-04,86.06,85.13,86.55,84.83,20093000.0,0.0103,1714596900.0,183.35,176121970415.72
601888,2024-03-05,84.9,85.0,85.94,84.22,18183900.0,0.009300000000000001,1544729300.0,183.09,175853018740.0
601888,2024-03-06,84.8,84.85,85.59,84.4,14807400.0,0.0076,1257272700.0,182.79,175542689883.4
601888,2024-03-07,84.81,82.3,85.09,82.2,23339300.0,0.012,1947501500.0,177.69,170267099321.2
601888,2024-03-08,81.7,81.37,82.62,80.99,17497000.0,0.009000000000000001,1428795200.0,175.83,168343060410.28
601888,2024-03-11,81.21,84.89,84.93,81.13,28295500.0,0.014499999999999999,2363887100.0,182.87,175625444245.16
601888,2024-03-12,84.9,87.62,87.88,84.41,34435900.0,0.0176,2986414200.0,188.33,181273429435.28
601888,2024-03-13,87.5,87.34,88.49,86.4,24172500.0,0.0124,2116945100.0,187.77,180694148902.96
601888,2024-03-14,87.04,88.05,89.67,87.04,25214400.0,0.0129,2228141500.0,189.19,182163038824.2
601888,2024-03-15,87.89,89.35,91.48,87.65,30252800.0,0.0155,2722857800.0000005,191.79,184852555581.4
601888,2024-03-18,89.0,89.68,90.74,88.17,21774100.0,0.011200000000000002,1950530100.0,192.45,185535279065.92
601888,2024-03-19,89.3,87.5,89.41,87.46,17707300.0,0.0091,1564031200.0,188.09,181025166350.0
601888,2024-03-20,87.61,87.53,88.13,86.79,11427700.0,0.0059,998229000.0,188.15,181087232121.32
601888,2024-03-21,87.59,86.55,88.39,86.51,14215100.0,0.0073,1240309500.0,186.19,179059750258.2
601888,2024-03-22,86.01,84.31,86.19,83.94,19804000.0,0.0101,1675848800.0,181.71,174425505999.64
601888,2024-03-25,84.06,84.81,85.99,83.51,15921000.0,0.008199999999999999,1347584900.0,182.71,175459935521.64
601888,2024-03-26,84.95,85.06,85.66,83.96,15133300.0,0.0078000000000000005,1284913500.0,183.21,175977150282.64
601888,2024-03-27,84.95,83.18,84.95,83.18,14487800.0,0.0074,1213468800.0,179.45,172087695279.92
601888,2024-03-28,83.6,86.18,87.29,83.6,28205000.0,0.0144,2423314700.0,185.45,178294272411.92
601888,2024-03-29,86.28,85.42,86.29,84.71,13951300.0,0.0070999999999999995,1189844700.0,183.93,176721939538.48
601888,2024-04-01,85.7,87.5,87.5,85.7,19212800.0,0.0098,1668678200.0,188.09,181025166350.0
601888,2024-04-02,87.07,85.69,87.28,85.36,18950600.0,0.0097,1631957800.0,184.47,177280531480.36
601888,2024-04-03,85.1,84.5,85.49,84.23,14406800.0,0.0074,1219085400.0,182.09,174818589218.0
601888,2024-04-08,84.36,81.87,84.36,81.73,21917500.0,0.011200000000000002,1815785600.0,176.83,169377489932.28
601888,2024-04-09,81.9,82.01,84.25,81.86,20065200.0,0.0103,1656033200.0,177.11,169667130198.44
601888,2024-04-10,82.0,79.03,82.0,78.48,29791200.0,0.015300000000000001,2363692700.0,171.15,163501930247.32
601888,2024-04-11,78.08,78.24,78.69,77.43,21857600.0,0.011200000000000002,1704935300.0,169.57,161867531602.56
601888,2024-04-12,78.1,75.98,78.2,75.82,24632900.0,0.0126,1884604900.0,165.05,157191910163.12
601888,2024-04-15,75.54,77.33,77.97,75.23,25450000.0,0.013000000000000001,1958697800.0,167.75,159984869872.52
601888,2024-04-16,76.68,75.85,77.31,75.78,18075900.0,0.009300000000000001,1381812100.0,164.79,156922958487.4
601888,2024-04-17,75.94,77.17,77.2,75.74,21910200.0,0.011200000000000002,1676257500.0,167.43,159653852425.48
601888,2024-04-18,76.62,76.41,77.24,76.01,20123900.0,0.0103,1541310100.0,165.91,158081519552.04
601888,2024-04-19,75.31,72.35,75.47,72.16,40369300.0,0.0207,2951060400.0,157.79,149681951833.4
601888,2024-04-22,71.39,72.54,73.27,71.2,21185800.0,0.0109,1533412700.0,158.17,150075035051.76
601888,2024-04-23,72.02,71.72,72.8,70.82,19681000.0,0.0101,1411177500.0,156.53,148378570635.68
601888,2024-04-24,72.44,72.29,72.66,71.31,15810300.0,0.008100000000000001,1139113300.0,157.67,149557820290.76
601888,2024-04-25,71.9,71.93,72.69,71.33,17052000.0,0.0087,1226597000.0,156.95,148813031034.92
601888,2024-04-26,72.1,74.26,74.33,71.97,28553900.0,0.0146,2096392400.0,161.61,153633472607.44
601888,2024-04-29,74.27,76.42,77.1,73.89,30257900.0,0.0155,2294529800.0,165.93,158102208142.48
601888,2024-04-30,76.18,74.9,76.4,74.9,21280800.0,0.0109,1603781800.0,162.89,154957542395.6
601888,2024-05-06,74.87,76.26,77.47,74.7,31676400.0,0.016200000000000003,2409702500.0,165.61,157771190695.44
601888,2024-05-07,75.7,75.72,75.92,75.22,17791200.0,0.0091,1344500600.0,164.53,156654006811.68
601888,2024-05-08,75.4,73.36,75.4,73.34,23194000.0,0.011899999999999999,1716995100.0,159.81,151771499467.84
601888,2024-05-09,73.31,74.38,74.87,73.25,16637500.0,0.0085,1236270300.0,161.85,153881735692.72
601888,2024-05-10,74.41,74.03,75.14,73.13,16371600.0,0.0084,1209975900.0,161.15,153157635027.32
601888,2024-05-13,73.66,73.47,73.66,72.58,14324000.0,0.0073,1047895000.0,160.03,151999073962.68
601888,2024-05-14,73.55,73.68,74.58,73.5,13466200.0,0.0069,994592700.0,160.45,152433534361.92
601888,2024-05-15,73.47,73.43,74.3,72.93,11349700.0,0.0058,834310800.0,159.95,151916319600.92
601888,2024-05-16,73.48,73.79,74.8,72.82,20503800.0,0.0105,1517717600.0,160.67,152661108856.76
601888,2024-05-17,74.21,76.49,76.63,73.44,38508200.0,0.0197,2909867300.0,166.07,158247028275.56
601888,2024-05-20,77.56,78.22,78.95,76.78,40785700.0,0.0209,3178601300.0,169.53,161826154421.68
601888,2024-05-21,77.5,77.41,78.4,77.01,22545800.0,0.0115,1750178599.9999998,167.91,160150378596.04
601888,2024-05-22,77.41,78.01,78.68,77.07,20152800.0,0.0103,1569746500.0,169.11,161391694022.44
601888,2024-05-23,77.6,75.81,77.74,75.74,19939200.0,0.0102,1523716400.0000002,164.71,156840204125.64
601888,2024-05-24,75.5,73.66,75.6,73.61,19878200.0,0.0102,1479075000.0,160.41,152392157181.04
601888,2024-05-27,73.78,73.41,74.15,71.91,19699500.0,0.0101,1432867400.0,159.91,151874942420.04
601888,2024-05-28,72.89,72.48,73.4,72.4,12179200.0,0.0062,886942100.0000001,158.05,149950903509.12
601888,2024-05-29,72.5,72.75,73.55,72.33,11022200.0,0.005600000000000001,802094100.0,158.59,150509495451.0
601888,2024-05-30,72.33,71.39,72.35,71.1,18527900.0,0.0095,1326586200.0,155.87,147695847151.16
601888,2024-05-31,71.66,71.0,72.09,71.0,16688900.0,0.0085,1191278000.0,155.09,146888992124.0
601888,2024-06-03,71.03,70.47,71.28,70.0,15486400.0,0.0079,1091008200.0,154.03,145792496830.68
601888,2024-06-04,70.3,73.41,73.47,70.18,29486400.0,0.0151,2133527600.0,159.91,151874942420.04
601888,2024-06-05,73.0,73.34,74.38,72.72,21755700.0,0.0111,1602846800.0,159.77,151730122286.96
601888,2024-06-06,73.84,72.41,74.16,72.41,18703400.0,0.0096,1369365799.9999998,157.91,149806083376.04
601888,2024-06-07,72.89,72.6,73.38,72.03,15449100.0,0.0079,1121858500.0,158.29,150199166594.4
601888,2024-06-11,72.15,71.05,72.15,70.8,17045200.0,0.0087,1213550400.0,155.19,146992435076.2
601888,2024-06-12,70.75,71.23,71.63,70.3,16605900.0,0.0085,1178658600.0,155.55,147364829704.12
601888,2024-06-13,71.16,70.8,71.41,70.64,11778600.0,0.006,836203300.0,154.69,146475220315.2
601888,2024-06-14,69.58,69.28,69.58,67.62,17688400.0,0.0091,1212897900.0,154.95,143330554568.32
601888,2024-06-17,68.5,68.78,69.07,68.38,11352500.0,0.0058,779581300.0,153.95,142296125046.32
601888,2024-06-18,68.95,69.29,70.51,68.92,15338200.0,0.0079,1069120100.0,154.97,143351243158.76
601888,2024-06-19,69.05,67.51,69.16,67.5,16829700.0,0.0086,1145134300.0,151.41,139668674060.44
601888,2024-06-20,67.1,65.36,67.26,65.05,23615500.0,0.0121,1551473900.0000002,147.11,135220627115.84
601888,2024-06-21,65.0,64.66,65.55,64.3,13733400.0,0.006999999999999999,889821600.0,145.71,133772425785.04
601888,2024-06-24,64.06,64.48,65.2,63.33,16364200.0,0.0084,1050105600.0,145.35,133400031157.12
601888,2024-06-25,64.48,63.0,65.38,62.85,17341200.0,0.0089,1108657900.0,142.39,130338119772.0
601888,2024-06-26,62.81,64.41,64.58,62.53,14751300.0,0.0076,939185300.0,145.21,133255211024.04
601888,2024-06-27,64.0,62.95,64.33,62.92,12693900.0,0.006500000000000001,805905300.0,142.29,130234676819.8
601888,2024-06-28,62.5,62.49,63.35,62.13,14501700.0,0.0074,910629500.0,141.37,129283001659.56
601888,2024-07-01,62.42,62.5,62.75,61.75,11613600.0,0.0059,721378400.0,141.39,129303690250.0
601888,2024-07-02,62.48,61.81,63.19,61.78,13740700.0,0.006999999999999999,856714100.0,140.01,127876177509.64
601888,2024-07-03,62.03,67.98,67.99,62.03,66386900.0,0.034,4405745000.0,152.35,140641037811.12
601888,2024-07-04,66.32,64.75,66.88,64.65,41976300.0,0.0215,2749103800.0,145.89,133958623099.0
601888,2024-07-05,64.65,65.73,67.8,64.65,40332400.0,0.0207,2676115800.0,147.85,135986104962.12
601888,2024-07-08,65.1,63.1,65.88,63.0,28446600.0,0.0146,1814418100.0,142.59,130545005676.4
601888,2024-07-09,63.07,63.15,63.4,62.02,24287900.0,0.0124,1523087100.0,142.69,130648448628.6
601888,2024-07-10,62.86,63.35,64.77,62.27,19768400.0,0.0101,1256752300.0,143.09,131062220437.4
601888,2024-07-11,64.69,67.33,67.86,63.83,38625500.0,0.019799999999999998,2555574000.0,151.05,139296279432.52
601888,2024-07-12,67.15,67.75,69.78,67.0,38030700.0,0.0195,2604574100.0,151.89,140165200231.0
601888,2024-07-15,66.0,66.88,67.55,65.97,19430100.0,0.01,1298898800.0,150.15,138365292862.72
601888,2024-07-16,66.9,67.47,68.52,66.9,25258200.0,0.0129,1711514300.0,151.33,139585919698.68
601888,2024-07-17,67.0,70.51,71.9,66.51,45270100.0,0.0232,3153992400.0,157.41,145875251192.44
601888,2024-07-18,70.3,70.17,71.1,69.4,26544600.0,0.013600000000000001,1859823599.9999998,156.73,145171839117.48
601888,2024-07-19,69.49,69.83,70.03,68.59,22848000.0,0.011699999999999999,1586063299.9999998,156.05,144468427042.52
601888,2024-07-22,69.84,68.68,69.93,68.18,20996000.0,0.0108,1444288299.9999998,153.75,142089239141.92
601888,2024-07-23,68.7,66.73,69.38,66.68,19494600.0,0.01,1325071900.0,149.85,138054964006.12
601888,2024-07-24,66.5,65.19,67.38,64.81,19778500.0,0.0101,1301672900.0,146.77,134868921078.36
601888,2024-07-25,64.83,66.75,67.7,64.75,23237200.0,0.011899999999999999,1553923000.0,149.89,138096341187.0
601888,2024-07-26,66.77,67.12,67.75,66.28,14355200.0,0.0074,960700900.0,150.63,138861819033.28
601888,2024-07-29,67.12,64.89,67.12,64.85,18020600.0,0.0092,1180100000.0,146.17,134248263365.16
601888,2024-07-30,64.58,64.94,65.63,64.36,12595700.0,0.006500000000000001,817391000.0,146.27,134351706317.36
601888,2024-07-31,65.12,68.61,69.02,65.1,31182400.0,0.016,2104693599.9999998,153.61,141944419008.84
601888,2024-08-01,68.37,67.2,68.48,67.1,19098200.0,0.0098,1289705100.0,150.79,139027327756.8
601888,2024-08-02,66.77,66.6,67.93,66.4,15166100.0,0.0078000000000000005,1017647300.0,149.59,137786012330.4
601888,2024-08-05,67.29,66.43,68.53,66.42,21852100.0,0.011200000000000002,1473460100.0,149.25,137434306292.92
601888,2024-08-06,67.2,68.04,68.35,66.48,20551500.0,0.0105,1385243400.0,152.47,140765169353.76
601888,2024-08-07,67.6,66.63,67.6,66.4,15611400.0,0.008,1043856700.0,149.65,137848078101.72
601888,2024-08-08,66.34,66.02,66.83,65.4,12292600.0,0.0063,811797000.0,148.43,136586074084.88
601888,2024-08-09,66.35,64.83,66.5,64.81,13934200.0,0.0070999999999999995,911809299.9999999,146.05,134124131822.52
601888,2024-08-12,64.51,63.95,64.77,63.54,10891800.0,0.005600000000000001,695732100.0000001,144.29,132303535863.8
601888,2024-08-13,64.01,64.17,64.18,63.11,8864200.0,0.0045000000000000005,563467200.0,144.73,132758684853.48
601888,2024-08-14,64.3,63.24,64.3,63.21,7623700.0,0.0039000000000000003,483973300.0,142.87,130834645942.56
601888,2024-08-15,63.1,63.9,64.58,63.01,11386600.0,0.0058,726616000.0,144.19,132200092911.6
601888,2024-08-16,63.64,63.49,63.88,63.32,6571500.0,0.0034000000000000002,417335199.99999994,143.37,131351860703.56
601888,2024-08-19,63.12,63.4,64.21,63.02,7521400.0,0.0039000000000000003,478270600.0,143.19,131165663389.6
601888,2024-08-20,63.12,62.18,63.22,62.03,10508500.0,0.0054,655383700.0,140.75,128641655355.92
601888,2024-08-21,61.99,61.34,62.3,61.29,9751700.0,0.005,600174800.0,139.07,126903813758.96
601888,2024-08-22,61.67,60.27,61.79,60.17,11074900.0,0.005699999999999999,671672200.0,136.93,124690134581.88
601888,2024-08-23,60.25,60.95,61.44,59.7,9444200.0,0.0048,572907700.0,138.29,126096958731.8
601888,2024-08-26,60.95,60.8,61.54,60.35,7290400.0,0.0037,443520100.0,137.99,125786629875.2
601888,2024-08-27,60.56,59.68,60.6,59.51,9906600.0,0.0051,593989200.0,135.75,123469507745.92
601888,2024-08-28,62.0,60.41,62.4,60.32,18703400.0,0.0096,1145054400.0,137.21,124979774848.04
601888,2024-08-29,59.23,59.48,59.55,58.25,17868000.0,0.0092,1053738500.0,135.35,123055735937.12
601888,2024-08-30,59.03,61.01,62.0,58.8,23315900.0,0.011899999999999999,1415121900.0,138.41,126221090274.44
601888,2024-09-02,60.0,58.93,60.31,58.89,14473700.0,0.0074,860555600.0,134.25,121917863462.92
601888,2024-09-03,58.92,59.14,59.49,58.65,8749400.0,0.0045000000000000005,516957500.0,134.67,122352323862.16
601888,2024-09-04,58.6,58.55,59.39,58.35,9680600.0,0.005,567709200.0,133.49,121131697026.2
601888,2024-09-05,58.55,58.73,58.95,58.46,10299600.0,0.0053,604128200.0,133.85,121504091654.12
601888,2024-09-06,58.68,56.82,58.68,56.8,18567200.0,0.0095,1066413800.0,130.03,117552570880.08
601888,2024-09-09,56.29,55.59,56.59,55.43,14890800.0,0.0076,832706700.0,127.57,115007874255.96
601888,2024-09-10,55.58,55.08,55.71,54.0,15529000.0,0.008,849867400.0,126.55,113952756143.52
601888,2024-09-11,54.58,55.18,55.5,54.49,8760400.0,0.0045000000000000005,482374500.0,126.75,114159642047.92
601888,2024-09-12,55.2,54.79,55.8,54.77,9531100.0,0.0049,526467100.0,125.97,113352787020.76
601888,2024-09-13,54.7,54.84,55.7,54.54,12706100.0,0.006500000000000001,700952300.0,126.07,113456229972.96
601888,2024-09-18,54.58,53.76,54.73,53.52,11453900.0,0.0059,617122400.0,123.91,111221862205.44
601888,2024-09-19,54.17,55.14,56.15,54.03,19320500.0,0.009899999999999999,1066497800.0,126.67,114076887686.16
601888,2024-09-20,54.73,54.31,54.9,53.68,17154700.0,0.0088,930543900.0,125.01,112359734679.64
601888,2024-09-23,54.28,54.3,54.78,53.72,9268700.0,0.004699999999999999,503887900.0,124.99,112339046089.2
601888,2024-09-24,55.18,57.32,57.33,54.66,29297300.0,0.015,1646281400.0000002,131.03,118587000402.08
601888,2024-09-25,58.15,58.01,59.69,57.9,32140500.0,0.0165,1885960900.0,132.41,120014513142.44
601888,2024-09-26,57.73,63.81,63.81,57.55,52629800.0,0.027000000000000003,3230709300.0,144.01,132013895597.64
601888,2024-09-27,66.9,70.18,70.18,66.5,48820100.0,0.025,3307102199.9999995,156.75,145192527707.92
601888,2024-09-30,77.18,77.2,77.2,74.41,59678200.0,0.030600000000000002,4568816100.0,170.79,159715918196.8
601888,2024-10-08,84.92,84.89,84.92,78.01,121400200.0,0.0622,10050112500.0,186.17,175625444245.16
601888,2024-10-09,80.0,76.4,81.19,76.4,69084200.0,0.0354,5430920200.0,169.19,158060830961.6
601888,2024-10-10,74.6,74.55,78.02,72.42,48888800.0,0.025,3684213400.0000005,165.49,154233441730.2
601888,2024-10-11,73.39,71.63,74.33,70.83,31877200.0,0.0163,2303430500.0,159.65,148192373321.72
601888,2024-10-14,71.6,71.36,72.51,68.81,34410500.0,0.0176,2421839200.0,159.11,147633781379.84
601888,2024-10-15,70.6,69.03,71.0,69.0,25363300.0,0.013000000000000001,1776954700.0,154.45,142813339807.32
601888,2024-10-16,66.81,66.1,67.52,65.56,36980600.0,0.0189,2457505400.0,148.59,136751582808.4
601888,2024-10-17,66.2,65.44,67.32,65.29,23020600.0,0.0118,1528812700.0,147.27,135386135839.36
601888,2024-10-18,65.45,68.02,70.0,64.89,41532500.0,0.0213,2794104099.9999995,152.43,140723792172.88
601888,2024-10-21,68.65,68.19,68.86,66.88,33393300.0,0.0171,2267489700.0,152.77,141075498210.36
601888,2024-10-22,67.77,69.14,69.57,67.6,26408000.0,0.013500000000000002,1818461700.0000002,154.67,143040914302.16
601888,2024-10-23,69.49,69.5,70.58,68.5,31536200.0,0.016200000000000003,2183682800.0,155.39,143785703558.0
601888,2024-10-24,68.78,67.8,69.07,67.57,20178700.0,0.0103,1376512200.0,151.99,140268643183.2
601888,2024-10-25,67.8,68.99,70.0,67.12,25906500.0,0.013300000000000001,1784729000.0,154.37,142730585445.56
601888,2024-10-28,69.0,70.3,70.52,68.62,27078100.0,0.0139,1889784000.0,156.99,145440790793.2
601888,2024-10-29,70.97,68.83,71.02,68.47,28670200.0,0.0147,1991783599.9999998,154.05,142399567998.52
601888,2024-10-30,67.8,67.9,68.8,67.45,17119300.0,0.0088,1164114900.0,152.19,140475529087.6
601888,2024-10-31,67.55,67.83,68.83,67.0,19514700.0,0.01,1322527300.0,152.05,140330708954.52
601888,2024-11-01,67.83,68.32,69.98,67.3,30367600.0,0.015600000000000001,2085816700.0000002,153.03,141344449886.08
601888,2024-11-04,68.88,70.21,70.5,68.33,30003200.0,0.0154,2080836300.0,156.81,145254593479.24
601888,2024-11-05,70.0,72.9,73.52,69.27,41309600.0,0.0212,2984308900.0,162.19,150819824307.6
601888,2024-11-06,72.86,72.65,73.7,71.66,35805800.0,0.0183,2601916800.0,161.69,150302609546.6
601888,2024-11-07,71.71,76.92,76.96,71.65,55135600.0,0.0282,4152258200.0,170.23,159136637664.48
601888,2024-11-08,78.0,75.8,78.51,75.0,45575300.0,0.0233,3467246700.0,167.99,156819515535.2
601888,2024-11-11,74.42,74.43,74.58,72.86,37677400.0,0.019299999999999998,2780059500.0,165.25,153985178644.92
601888,2024-11-12,74.43,74.2,76.42,73.77,32148800.0,0.0165,2417154100.0,164.79,153509341064.8
601888,2024-11-13,73.72,74.16,75.96,73.5,20839700.0,0.010700000000000001,1545215400.0,164.71,153426586703.04
601888,2024-11-14,74.17,72.09,74.31,71.89,19687500.0,0.0101,1436893800.0,160.57,149144048481.96
601888,2024-11-15,72.02,70.72,72.5,70.71,21290000.0,0.0109,1523964900.0,157.83,146309711591.68
601888,2024-11-18,70.75,69.77,71.53,69.28,19119800.0,0.0098,1346254600.0,155.93,144344295499.88
601888,2024-11-19,70.0,70.31,70.4,68.47,16876000.0,0.0086,1175245600.0,157.01,145461479383.64
601888,2024-11-20,70.19,70.4,70.79,69.8,13658800.0,0.006999999999999999,959384500.0,157.19,145647676697.6
601888,2024-11-21,70.19,70.01,70.37,69.54,12105300.0,0.0062,846281900.0,156.41,144840821670.44
601888,2024-11-22,69.95,67.4,70.44,67.4,17907900.0,0.0092,1233493600.0,151.19,139441099565.6
601888,2024-11-25,67.6,68.0,68.65,67.45,14871600.0,0.0076,1012194600.0000001,152.39,140682414992.0
601888,2024-11-26,67.7,67.84,68.75,67.59,10690800.0,0.0055000000000000005,727803200.0000001,152.07,140351397544.96
601888,2024-11-27,67.6,68.68,68.69,67.07,12504000.0,0.0064,849260200.0,153.75,142089239141.92
601888,2024-11-28,68.68,68.28,69.2,68.08,13656400.0,0.006999999999999999,936430399.9999999,152.95,141261695524.32
601888,2024-11-29,68.25,69.55,70.34,68.1,18911400.0,0.0097,1309933900.0,155.49,143889146510.2
601888,2024-12-02,69.55,72.62,73.17,69.23,34046300.0,0.0174,2455608800.0,161.63,150240543775.28
601888,2024-12-03,72.62,71.63,72.63,71.05,19915400.0,0.0102,1427191800.0,159.65,148192373321.72
601888,2024-12-04,71.24,70.07,71.24,69.82,14858700.0,0.0076,1048667600.0,156.53,144964953213.08
601888,2024-12-05,69.83,69.9,70.3,69.5,11809600.0,0.006,824569299.9999999,156.19,144613247175.6
601888,2024-12-06,69.9,70.56,70.98,69.5,14843700.0,0.0076,1044767700.0,157.51,145978694144.64
601888,2024-12-09,70.2,69.29,70.39,69.0,14097900.0,0.0072,982222400.0,154.97,143351243158.76
601888,2024-12-10,73.0,70.65,73.5,70.5,35683000.0,0.0183,2577118800.0,157.69,146164891458.6
601888,2024-12-11,70.33,71.85,72.65,70.33,21161500.0,0.0108,1516908900.0000002,160.09,148647522311.4
601888,2024-12-12,71.55,73.81,74.17,71.28,38737500.0,0.019799999999999998,2827569200.0,164.01,152702486037.64
601888,2024-12-13,72.99,71.3,73.0,71.3,29593500.0,0.0152,2130633700.0,158.99,147509649837.2
601888,2024-12-16,71.35,71.8,73.35,70.5,27358500.0,0.013999999999999999,1970005200.0,159.99,148544079359.2
601888,2024-12-17,71.3,70.97,71.78,70.05,19088500.0,0.0098,1352470500.0,158.33,146826926352.68
601888,2024-12-18,71.71,70.63,71.86,70.51,16081300.0,0.008199999999999999,1141694300.0,157.65,146123514277.72
601888,2024-12-19,69.6,70.03,70.25,69.14,16861000.0,0.0086,1173752700.0,156.45,144882198851.32
601888,2024-12-20,70.0,69.42,70.38,69.25,13588000.0,0.006999999999999999,948867400.0,155.23,143620194834.48
601888,2024-12-23,69.48,68.7,69.49,68.69,13463300.0,0.0069,928452100.0000001,153.79,142130616322.8
601888,2024-12-24,68.66,69.43,69.53,68.52,10033600.0,0.0051,693604000.0,155.25,143640883424.92
601888,2024-12-25,69.58,69.2,69.58,68.53,9521000.0,0.0049,656942000.0,154.79,143165045844.8
601888,2024-12-26,69.2,69.07,69.4,68.73,9394100.0,0.0048,648303300.0,154.53,142896094169.08
601888,2024-12-27,68.91,68.88,69.6,68.6,11869600.0,0.0060999999999999995,819745700.0000001,154.15,142503010950.72
601888,2024-12-30,68.87,68.26,68.87,67.58,15486900.0,0.0079,1055263800.0,152.91,141220318343.44
601888,2024-12-31,68.0,67.01,68.6,67.0,13690000.0,0.006999999999999999,926572100.0000001,150.41,138634244538.44
601888,2025-01-02,67.03,64.7,67.19,64.33,18671200.0,0.0096,1227701200.0,145.79,133855180146.8
601888,2025-01-03,64.99,62.83,65.2,62.76,15383800.0,0.0079,979895100.0,142.05,129986413734.52
601888,2025-01-06,62.83,62.54,63.29,62.15,9595600.0,0.0049,601081000.0,141.47,129386444611.76
601888,2025-01-07,62.54,62.47,62.71,61.86,9616500.0,0.0049,599735300.0,141.33,129241624478.68
601888,2025-01-08,62.47,61.79,62.47,60.66,13764800.0,0.006999999999999999,846538800.0,139.97,127834800328.76
601888,2025-01-09,61.6,61.01,61.99,60.82,12824000.0,0.0066,786839000.0,138.41,126221090274.44
601888,2025-01-10,60.8,59.98,61.0,59.93,11265100.0,0.0058,680046799.9999999,136.35,124090165459.12
601888,2025-01-13,59.5,60.17,60.65,59.37,9198900.0,0.004699999999999999,552403600.0,136.73,124483248677.48
601888,2025-01-14,60.2,61.87,61.98,60.2,16542600.0,0.0085,1012419500.0,140.13,128000309052.28
601888,2025-01-15,61.79,61.29,61.79,61.05,9372500.0,0.0048,574830500.0,138.97,126800370806.76
601888,2025-01-16,61.37,61.6,62.38,61.11,10309300.0,0.0053,636356300.0,139.59,127441717110.4
601888,2025-01-17,60.43,61.02,61.38,60.0,10755600.0,0.0055000000000000005,654759300.0,138.43,126241778864.88
601888,2025-01-20,61.28,61.88,62.48,61.28,13210000.0,0.0068000000000000005,818951700.0,140.15,128020997642.72
601888,2025-01-21,62.49,61.53,62.6,61.34,8708500.0,0.0045000000000000005,537580700.0,139.45,127296896977.32
601888,2025-01-22,61.22,60.38,61.32,60.03,11612000.0,0.0059,701639100.0,137.15,124917709076.72
601888,2025-01-23,61.2,60.52,61.89,60.52,11341300.0,0.0058,693549000.0,137.43,125207349342.88
601888,2025-01-24,60.18,61.25,61.26,60.11,9598100.0,0.0049,584040900.0,138.89,126717616445.0
601888,2025-01-27,61.4,60.7,62.17,60.68,10053900.0,0.0051,616498500.0,137.79,125579743970.8
601888,2025-02-05,61.2,60.22,61.36,60.18,11013600.0,0.005600000000000001,667079299.9999999,136.83,124586691629.68
601888,2025-02-06,60.13,60.95,60.96,59.15,14338400.0,0.0073,863950600.0,138.29,126096958731.8
601888,2025-02-07,60.76,61.64,62.23,60.61,19426000.0,0.009899999999999999,1197663700.0,139.67,127524471472.16
601888,2025-02-10,61.65,62.05,62.33,61.32,14677900.0,0.0075,907967200.0,140.49,128372703680.2
601888,2025-02-11,62.1,60.97,62.33,60.89,13430300.0,0.0069,822547100.0000001,138.33,126138335912.68
601888,2025-02-12,60.87,61.48,61.5,60.4,14934300.0,0.0076,908759800.0,139.35,127193454025.12
601888,2025-02-13,61.2,61.99,62.44,61.12,21522800.0,0.011000000000000001,1332058100.0,140.37,128248572137.56
601888,2025-02-14,61.8,62.09,62.6,61.68,15681500.0,0.008,973622400.0,140.57,128455458041.96
601888,2025-02-17,62.2,61.75,62.99,61.51,17180500.0,0.0088,1067313000.0,139.89,127752045967.0
601888,2025-02-18,61.55,60.31,61.69,60.27,15767200.0,0.008100000000000001,960338500.0,137.01,124772888943.64
601888,2025-02-19,60.16,60.86,60.95,59.91,12202300.0,0.0062,738797700.0,138.11,125910761417.84
601888,2025-02-20,60.6,60.47,61.24,60.34,11435900.0,0.0059,693701500.0,137.33,125103906390.68
601888,2025-02-21,60.57,61.05,62.11,60.56,20924500.0,0.010700000000000001,1282888600.0,138.49,126303844636.2
601888,2025-02-24,61.05,60.72,61.37,60.46,15098500.0,0.0077,919090100.0,137.83,125621121151.68
601888,2025-02-25,60.22,60.05,60.49,60.0,13322400.0,0.0068000000000000005,801946100.0,136.49,124234985592.2
601888,2025-02-26,60.11,61.04,61.08,59.86,17975500.0,0.0092,1085365100.0,138.47,126283156045.76
601888,2025-02-27,61.0,62.67,63.5,60.85,36356200.0,0.018600000000000002,2275773600.0,141.73,129655396287.48
601888,2025-02-28,62.8,61.17,63.8,61.09,28209600.0,0.0144,1757179600.0,138.73,126552107721.48
601888,2025-03-03,61.19,61.11,62.26,60.68,16177700.0,0.0083,994564600.0000001,138.61,126427976178.84
601888,2025-03-04,60.67,61.13,61.15,60.22,12572500.0,0.0064,763144800.0,138.65,126469353359.72
601888,2025-03-05,61.43,61.23,61.69,60.59,12528400.0,0.0064,765570399.9999999,138.85,126676239264.12
601888,2025-03-06,61.58,62.34,63.37,61.2,24183000.0,0.0124,1503671000.0,141.07,128972672802.96
601888,2025-03-07,61.85,61.92,62.84,61.41,16734700.0,0.0086,1036326000.0,140.23,128103752004.48
601888,2025-03-10,61.84,61.27,62.03,60.99,13587800.0,0.006999999999999999,833254800.0,138.93,126758993625.88
601888,2025-03-11,60.5,62.2,62.2,60.48,16391500.0,0.0084,1007476000.0,140.79,128683032536.8
601888,2025-03-12,62.4,61.72,63.11,61.67,12895600.0,0.0066,800329600.0000001,139.83,127689980195.68
601888,2025-03-13,61.61,62.12,63.12,61.52,21780900.0,0.011200000000000002,1356653599.9999998,140.63,128517523813.28
601888,2025-03-14,62.6,64.08,64.77,62.44,42883300.0,0.022000000000000002,2731161400.0,144.55,132572487539.52
601888,2025-03-17,65.22,64.12,65.22,64.05,30862200.0,0.0158,1990813900.0000002,144.63,132655241901.28
601888,2025-03-18,64.32,63.59,64.49,63.42,17651200.0,0.009000000000000001,1124539500.0,143.57,131558746607.96
601888,2025-03-19,63.39,63.34,63.98,63.14,14512100.0,0.0074,919821500.0,143.07,131041531846.96
601888,2025-03-20,63.3,62.72,63.4,62.65,12440100.0,0.0064,782607100.0000001,141.83,129758839239.68
601888,2025-03-21,62.52,61.82,62.98,61.41,18430100.0,0.009399999999999999,1144253200.0,140.03,127896866100.08
601888,2025-03-24,61.85,62.02,62.39,61.46,13967200.0,0.0072,865585000.0,140.43,128310637908.88
601888,2025-03-25,62.03,62.15,62.21,61.37,10083800.0,0.0052,624126300.0,140.69,128579589584.6
601888,2025-03-26,62.62,62.38,62.7,62.17,11285700.0,0.0058,704261000.0,141.15,129055427164.72
601888,2025-03-27,62.9,62.39,63.2,62.33,11918200.0,0.0060999999999999995,746208100.0,141.17,129076115755.16
601888,2025-03-28,62.03,61.61,62.25,61.52,11601000.0,0.0059,717575500.0,139.61,127462405700.84
601888,2025-03-31,61.0,60.2,61.0,60.06,17280300.0,0.0089,1044687200.0,136.79,124545314448.8
601888,2025-04-01,60.22,60.43,60.69,60.09,8813300.0,0.0045000000000000005,532371200.0,137.25,125021152028.92
601888,2025-04-02,60.4,60.42,60.52,60.18,5646400.0,0.0029,340993200.0,137.23,125000463438.48
601888,2025-04-03,60.0,60.6,60.81,59.8,9364500.0,0.0048,566519200.0,137.59,125372858066.4
601888,2025-04-07,59.0,56.57,59.0,54.75,31385400.0,0.0161,1784184600.0,129.53,117035356119.08
601888,2025-04-08,56.57,60.79,61.35,56.56,34491600.0,0.0177,2029881099.9999998,137.97,125765941284.76
601888,2025-04-09,60.8,66.87,66.87,59.6,68709300.0,0.0352,4408998900.0,150.13,138344604272.28
601888,2025-04-10,69.0,70.21,73.46,67.89,112535400.0,0.0576,7933717200.0,156.81,145254593479.24
601888,2025-04-11,69.89,67.95,70.55,67.39,64846400.0,0.0332,4433433700.0,152.29,140578972039.8
601888,2025-04-14,67.61,67.98,69.55,67.08,46445500.0,0.023799999999999998,3178628000.0,152.35,140641037811.12
601888,2025-04-15,67.21,65.68,67.94,65.24,39823900.0,0.0204,2631925100.0,147.75,135882662009.92
601888,2025-04-16,65.75,67.4,67.89,64.31,54163100.0,0.0277,3584633100.0,151.19,139441099565.6
601888,2025-04-17,66.66,66.02,66.77,65.79,26558500.0,0.013600000000000001,1758044300.0,148.43,136586074084.88
601888,2025-04-18,66.25,64.87,66.25,64.35,20750400.0,0.0106,1347617300.0,146.13,134206886184.28
601888,2025-04-21,64.45,64.65,65.19,64.01,16019100.0,0.008199999999999999,1036625500.0,145.69,133751737194.6
601888,2025-04-22,64.6,64.32,65.17,64.21,17855400.0,0.0091,1152708500.0,145.03,133069013710.08
601888,2025-04-23,64.34,62.96,64.57,62.89,26723000.0,0.0137,1693523299.9999998,142.31,130255365410.24
601888,2025-04-24,62.97,62.66,63.2,62.41,15617100.0,0.008,980497400.0,141.71,129634707697.04
601888,2025-04-25,62.68,63.0,63.38,62.68,14101300.0,0.0072,889342400.0,142.39,130338119772.0
601888,2025-04-28,64.9,63.05,64.9,63.05,22479500.0,0.0115,1436847800.0,142.49,130441562724.2
601888,2025-04-29,62.87,62.32,62.88,62.06,14379900.0,0.0074,896771600.0,141.03,128931295622.08
601888,2025-04-30,62.2,63.4,63.5,62.2,15787100.0,0.008100000000000001,994341500.0,143.19,131165663389.6
601888,2025-05-06,63.48,63.56,63.6,62.68,17332300.0,0.0089,1094066300.0,143.51,131496680836.64
601888,2025-05-07,64.28,63.4,64.36,62.9,17771900.0,0.0091,1126718300.0,143.19,131165663389.6
601888,2025-05-08,63.0,63.27,63.42,62.78,10494600.0,0.0054,663408500.0,142.93,130896711713.88
601888,2025-05-09,63.0,62.72,63.15,62.63,9973500.0,0.0051,626272400.0,141.83,129758839239.68
601888,2025-05-12,62.75,62.57,62.9,62.36,14044100.0,0.0072,879134900.0,141.53,129448510383.08
601888,2025-05-13,62.9,62.51,63.1,62.48,12242100.0,0.0063,768088900.0,141.41,129324378840.44
601888,2025-05-14,62.55,62.58,62.96,61.44,19612200.0,0.01,1217459900.0,141.55,129469198973.52
601888,2025-05-15,62.34,61.73,62.57,61.73,10947800.0,0.005600000000000001,678878700.0,139.85,127710668786.12
601888,2025-05-16,61.73,62.87,63.1,61.5,19078900.0,0.0098,1191031600.0,142.13,130069168096.28
601888,2025-05-19,62.38,61.88,62.47,61.84,11054500.0,0.005699999999999999,685087600.0,140.15,128020997642.72
601888,2025-05-20,61.9,61.91,62.12,61.76,7979600.0,0.0040999999999999995,494391600.00000006,140.21,128083063414.04
601888,2025-05-21,61.78,61.9,62.2,61.7,8418000.0,0.0043,521574500.0,140.19,128062374823.6
601888,2025-05-22,61.8,61.24,62.0,61.24,9568400.0,0.0049,588990600.0,138.87,126696927854.56
601888,2025-05-23,61.24,60.88,61.63,60.81,8985000.0,0.0046,549771000.0,138.15,125952138598.72
601888,2025-05-26,60.81,61.15,61.16,60.74,5845000.0,0.003,356523100.0,138.69,126510730540.6
601888,2025-05-27,61.0,61.18,61.33,60.95,4767400.0,0.0024,291629300.0,138.75,126572796311.92
601888,2025-05-28,61.18,61.23,61.45,60.88,5421800.0,0.0028000000000000004,332096900.0,138.85,126676239264.12
601888,2025-05-29,61.1,61.63,61.7,60.95,8509400.0,0.0044,522912000.0,139.65,127503782881.72
601888,2025-05-30,61.56,60.59,61.56,60.59,7905200.0,0.004,482983600.0,137.57,125352169475.96
601888,2025-06-03,60.2,60.92,61.09,60.2,5958100.0,0.0031,361991900.0,138.23,126034892960.48
601888,2025-06-04,60.93,61.64,61.78,60.72,9554100.0,0.0049,585971400.0,139.67,127524471472.16
601888,2025-06-05,61.47,61.35,61.62,61.25,7129500.0,0.0037,437361900.0,139.09,126924502349.4
601888,2025-06-06,61.3,61.61,61.95,61.03,8813300.0,0.0045000000000000005,541589700.0,139.61,127462405700.84
601888,2025-06-09,61.61,61.66,61.88,61.33,7652700.0,0.0039000000000000003,471774100.00000006,139.71,127565848653.04
601888,2025-06-10,61.66,61.16,61.69,60.65,9840800.0,0.005,601824600.0,138.71,126531419131.04
601888,2025-06-11,61.02,61.38,61.77,61.02,7855700.0,0.004,482934900.0,139.15,126986568120.72
601888,2025-06-12,61.4,61.18,61.45,61.06,6098800.0,0.0031,373093700.0,138.75,126572796311.92
601888,2025-06-13,61.2,60.4,61.44,60.35,11822600.0,0.0060999999999999995,717435500.0,137.19,124959086257.6
601888,2025-06-16,60.23,60.45,60.6,60.11,6012800.0,0.0031,363209900.0,137.29,125062529209.8
601888,2025-06-17,60.51,60.63,60.95,60.5,6249700.0,0.0032,379208300.0,137.65,125434923837.72
601888,2025-06-18,60.61,60.66,60.84,60.35,5981100.0,0.0031,362741600.00000006,137.71,125496989609.04
601888,2025-06-19,60.46,60.81,61.15,60.46,10571300.0,0.0054,643408500.0,138.01,125807318465.64
601888,2025-06-20,59.78,60.18,61.09,59.5,15392300.0,0.0079,930636799.9999999,138.85,124503937267.92
601888,2025-06-23,59.87,59.71,59.87,58.79,11036600.0,0.005699999999999999,655031500.0,137.91,123531573517.24
601888,2025-06-24,59.94,60.88,60.89,59.93,13407500.0,0.0069,812431799.9999999,140.25,125952138598.72
601888,2025-06-25,60.9,61.3,61.35,60.51,13118600.0,0.0067,799601200.0,141.09,126821059397.2
601888,2025-06-26,61.0,61.1,61.62,60.82,11960100.0,0.0060999999999999995,731347899.9999999,140.69,126407287588.4
601888,2025-06-27,61.02,60.59,61.32,60.58,11539500.0,0.0059,702066900.0,139.67,125352169475.96
601888,2025-06-30,60.59,60.97,61.07,60.57,9607000.0,0.0049,584505800.0,140.43,126138335912.68
601888,2025-07-01,60.96,60.61,61.06,60.56,7504700.0,0.0038,455519100.00000006,139.71,125393546656.84
601888,2025-07-02,60.65,60.68,60.92,60.4,8183700.0,0.0042,496314200.0,139.85,125538366789.92
601888,2025-07-03,60.63,60.73,60.92,60.47,7833400.0,0.004,475569100.00000006,139.95,125641809742.12
601888,2025-07-04,60.75,61.03,61.55,60.69,14378100.0,0.0074,879630900.0,140.55,126262467455.32
601888,2025-07-07,60.86,60.8,61.03,60.64,6682700.0,0.0034000000000000002,406454700.0,140.09,125786629875.2
601888,2025-07-08,60.8,61.34,61.4,60.66,11709000.0,0.006,715155300.0,141.17,126903813758.96
601888,2025-07-09,61.25,61.18,61.91,61.13,12918200.0,0.0066,794590000.0,140.85,126572796311.92
601888,2025-07-10,61.18,61.86,62.5,61.1,17622400.0,0.009000000000000001,1089416700.0,142.21,127979620461.84
601888,2025-07-11,61.92,62.25,62.63,61.74,18195200.0,0.009300000000000001,1132345700.0,142.99,128786475489.0
601888,2025-07-14,61.99,61.6,62.16,61.6,11374300.0,0.0058,702827000.0,141.69,127441717110.4
601888,2025-07-15,61.58,61.08,61.66,60.8,11331400.0,0.0058,693210399.9999999,140.65,126365910407.52
601888,2025-07-16,61.1,61.15,61.55,61.0,7107600.0,0.0036,435452000.0,140.79,126510730540.6
601888,2025-07-17,61.22,61.65,62.14,61.22,10385000.0,0.0053,639523300.0,141.79,127545160062.6
601888,2025-07-18,61.72,62.77,63.2,61.71,22248400.0,0.011399999999999999,1391731800.0,144.03,129862282191.88
601888,2025-07-21,62.67,63.78,64.24,62.41,21926400.0,0.011200000000000002,1387580600.0,146.05,131951829826.32
601888,2025-07-22,65.0,65.43,65.49,63.63,42648500.0,0.0218,2759863200.0,149.35,135365447248.92
601888,2025-07-23,66.0,64.4,66.68,64.4,45718400.0,0.023399999999999997,2982712600.0,147.29,133234522433.6
601888,2025-07-24,64.89,70.84,70.84,64.89,71488100.0,0.0366,4932577400.0,160.17,146557974676.96
601888,2025-07-25,72.22,68.05,72.22,67.7,77990200.0,0.039900000000000005,5399088500.0,154.59,140785857944.2
601888,2025-07-28,67.2,66.37,68.45,66.1,43049700.0,0.022000000000000002,2878510800.0,151.23,137310174750.28
601888,2025-07-29,66.37,66.23,67.09,65.75,24278000.0,0.0124,1606357000.0,150.95,137020534484.12
601888,2025-07-30,66.18,66.28,67.02,65.75,26787000.0,0.0137,1779647100.0,151.05,137123977436.32
601888,2025-07-31,66.19,64.96,66.2,64.66,25486900.0,0.0131,1661247200.0,148.41,134393083498.24
601888,2025-08-01,64.75,64.59,65.4,64.41,12211700.0,0.0063,791343900.0,147.67,133627605651.96
601888,2025-08-04,64.43,64.63,64.95,64.15,13896300.0,0.0070999999999999995,896943800.0,147.75,133710360013.72
601888,2025-08-05,64.68,64.88,64.97,64.45,11678900.0,0.006,756488900.0,148.25,134227574774.72
601888,2025-08-06,64.91,64.86,64.91,64.42,11336200.0,0.0058,733128600.0,148.21,134186197593.84
601888,2025-08-07,64.89,64.89,65.3,64.71,14537500.0,0.0074,944337000.0,148.27,134248263365.16
601888,2025-08-08,64.8,65.04,65.34,64.36,13444200.0,0.0069,871832500.0,148.57,134558592221.76
601888,2025-08-11,65.04,65.64,65.8,64.8,18618700.0,0.0095,1218766700.0,149.77,135799907648.16
601888,2025-08-12,65.54,65.65,66.18,65.32,15837500.0,0.008100000000000001,1039689500.0,149.79,135820596238.6
601888,2025-08-13,66.15,65.63,66.8,65.5,24482800.0,0.0125,1616940900.0,149.75,135779219057.72
601888,2025-08-14,65.4,64.43,65.84,64.4,21816900.0,0.011200000000000002,1421561700.0000002,147.35,133296588204.92
601888,2025-08-15,64.37,64.66,64.98,64.02,19466400.0,0.01,1258267500.0,147.81,133772425785.04
601888,2025-08-18,64.66,65.41,66.28,64.61,32558900.0,0.0167,2139907800.0,149.31,135324070068.04
601888,2025-08-19,65.68,65.73,66.52,65.5,22619500.0,0.0116,1491233400.0,149.95,135986104962.12
601888,2025-08-20,65.73,66.65,66.7,65.2,27730800.0,0.014199999999999999,1836826600.0,151.79,137889455282.6
601888,2025-08-21,66.68,67.13,68.26,66.4,33303100.0,0.0171,2240773700.0,152.75,138882507623.72
601888,2025-08-22,67.0,67.48,67.48,66.66,25382100.0,0.013000000000000001,1701682900.0,153.45,139606608289.12
601888,2025-08-25,68.0,69.24,69.27,67.66,39056500.0,0.02,2681487100.0,156.97,143247800206.56
601888,2025-08-26,69.01,71.41,73.3,68.5,56700500.0,0.028999999999999998,4024706900.0,161.31,147737224332.04
601888,2025-08-27,70.26,68.69,70.92,68.68,49129200.0,0.0252,3433772400.0,155.87,142109927732.36
601888,2025-08-28,68.66,68.92,69.83,67.5,36837700.0,0.0189,2527774200.0,156.33,142585765312.48
601888,2025-08-29,68.92,69.29,70.94,68.7,40155500.0,0.0206,2806559400.0,157.07,143351243158.76
601888,2025-09-01,69.0,69.31,70.65,68.72,35979100.0,0.0184,2504697300.0,157.11,143392620339.64
601888,2025-09-02,69.12,68.79,70.26,68.21,31768900.0,0.0163,2195143400.0,156.07,142316813636.76
601888,2025-09-03,69.0,67.45,69.5,67.2,27110500.0,0.0139,1841326800.0,153.39,139544542517.8
601888,2025-09-04,67.2,67.75,68.62,66.93,29950400.0,0.015300000000000001,2030172800.0,153.99,140165200231.0
601888,2025-09-05,68.0,70.49,70.69,67.11,48645100.0,0.024900000000000002,3377644300.0,159.47,145833874011.56
601888,2025-09-08,70.45,71.5,72.35,70.1,43034000.0,0.022000000000000002,3072591400.0,161.49,147923421646.0
601888,2025-09-09,71.2,71.02,71.63,70.34,26878700.0,0.0138,1906281300.0,160.53,146930369304.88
601888,2025-09-10,70.78,70.68,71.58,70.41,22454000.0,0.0115,1590896000.0,159.85,146226957229.92
601888,2025-09-11,70.31,71.35,71.35,69.63,29876300.0,0.015300000000000001,2105688000.0,161.19,147613092789.4
601888,2025-09-12,71.4,70.4,73.56,70.24,45600900.0,0.023399999999999997,3258045000.0,159.29,145647676697.6
601888,2025-09-15,70.28,69.94,70.81,69.8,24630800.0,0.0126,1727584000.0,158.37,144696001537.36
601888,2025-09-16,70.5,71.54,72.0,70.35,34870100.0,0.0179,2479170100.0,161.57,148006176007.76
601888,2025-09-17,72.11,71.15,72.11,70.51,28303400.0,0.014499999999999999,2011370200.0,160.79,147199320980.6
601888,2025-09-18,71.17,71.68,74.0,71.17,71375900.0,0.0366,5176956900.0,161.85,148295816273.92
601888,2025-09-19,71.69,73.97,74.29,70.29,69840300.0,0.0358,5060856100.0,166.43,153033503484.68
601888,2025-09-22,73.96,73.04,73.97,72.52,39935100.0,0.020499999999999997,2916041300.0,164.57,151109464573.76
601888,2025-09-23,72.52,70.01,72.64,69.69,45311000.0,0.0232,3203215400.0,158.51,144840821670.44
601888,2025-09-24,69.57,70.26,70.37,69.47,24075900.0,0.0123,1686083200.0,159.01,145358036431.44
601888,2025-09-25,70.24,70.15,70.58,69.6,24472800.0,0.0125,1712050000.0,158.79,145130461936.6
601888,2025-09-26,69.9,70.2,71.23,68.94,28466300.0,0.0146,1994616800.0,158.89,145233904888.8
601888,2025-09-29,69.81,70.7,70.9,69.18,25380700.0,0.013000000000000001,1778942200.0,159.89,146268334410.8
601888,2025-09-30,70.71,71.57,71.76,70.4,27584300.0,0.0141,1965318000.0,161.63,148068241779.08
601888,2025-10-09,70.7,69.66,70.7,69.55,35588700.0,0.0182,2486217600.0,157.81,144116721005.04
601888,2025-10-10,69.51,68.6,70.15,68.23,26418400.0,0.013500000000000002,1832211200.0,155.69,141923730418.4
601888,2025-10-13,66.9,68.07,68.17,66.66,21178600.0,0.0108,1431545000.0,154.63,140827235125.08
601888,2025-10-14,68.19,68.46,69.37,68.17,20552900.0,0.0105,1410658299.9999998,155.41,141634090152.24
601888,2025-10-15,68.94,69.49,70.0,68.8,21508400.0,0.011000000000000001,1493780300.0,157.47,143765014967.56
601888,2025-10-16,69.2,69.96,71.18,69.1,24714000.0,0.0127,1737971600.0,158.41,144737378718.24
601888,2025-10-17,70.01,70.02,71.29,69.39,34532600.0,0.0177,2428476200.0,158.53,144861510260.88
601888,2025-10-20,70.65,70.32,71.8,69.98,27741800.0,0.014199999999999999,1965895600.0,159.13,145482167974.08
601888,2025-10-21,70.45,70.71,70.95,69.11,23624100.0,0.0121,1656513900.0000002,159.91,146289023001.24
601888,2025-10-22,70.38,69.67,70.69,69.5,17309800.0,0.0089,1209239000.0,157.83,144137409595.48
601888,2025-10-23,69.29,70.1,70.2,69.07,14737900.0,0.0075,1026247100.0000001,158.69,145027018984.4
601888,2025-10-24,70.02,70.52,71.97,69.88,24300600.0,0.0124,1719601400.0000002,159.53,145895939782.88
601888,2025-10-27,70.53,69.93,70.77,69.9,17907000.0,0.0092,1256065800.0,158.35,144675312946.92
601888,2025-10-28,69.93,69.46,70.33,69.41,15129600.0,0.0077,1056324400.0,157.41,143702949196.24
601888,2025-10-29,69.28,71.37,72.19,69.27,35696000.0,0.0183,2531722200.0,161.23,147654469970.28
601888,2025-10-30,71.38,73.1,75.5,71.17,66343200.0,0.034,4906873600.0,164.69,151233596116.4
601888,2025-10-31,74.9,76.07,77.39,73.93,82775100.0,0.0424,6265608000.0,170.63,157378107477.08
601888,2025-11-03,76.0,76.67,77.3,75.0,48062800.0,0.0246,3657155200.0,171.83,158619422903.48
601888,2025-11-04,76.1,75.45,77.27,74.84,36112700.0,0.018500000000000003,2736932900.0,169.39,156095414869.8
601888,2025-11-05,74.61,77.6,79.94,74.39,64801200.0,0.0332,5043850000.0,173.69,160543461814.4
601888,2025-11-06,77.47,75.34,77.54,75.2,42517900.0,0.0218,3228687700.0,169.17,155867840374.96
601888,2025-11-07,76.51,78.99,80.8,76.13,76439800.0,0.0392,6029437500.0,176.47,163419175885.56
601888,2025-11-10,79.3,86.89,86.89,78.98,91381500.0,0.046799999999999994,7686644200.0,192.27,179763162333.16
601888,2025-11-11,88.65,90.53,93.39,86.5,138266300.0,0.0708,12320088300.0,199.55,187293809253.32
601888,2025-11-12,89.94,89.21,93.8,88.52,106388200.0,0.0545,9695093600.0,196.91,184562915315.24
601888,2025-11-13,88.27,90.52,91.44,87.51,85396200.0,0.0437,7623733000.0,199.53,187273120662.88
601888,2025-11-14,90.0,88.28,92.27,88.22,66716400.0,0.0342,5983442300.0,195.05,182638876404.32
601888,2025-11-17,87.6,87.8,90.2,86.61,55250700.0,0.028300000000000002,4854304400.0,194.09,181645824063.2
601888,2025-11-18,87.4,85.04,87.89,84.26,56999800.0,0.0292,4880233600.0,188.57,175935773101.76
601888,2025-11-19,84.59,82.4,85.82,81.77,52516300.0,0.0269,4353125300.0,183.29,170473985225.6
601888,2025-11-20,82.8,81.73,83.88,81.66,40535700.0,0.0208,3346967100.0,181.95,169087849666.12
601888,2025-11-21,80.54,79.05,82.48,79.05,45408800.0,0.0233,3656913100.0,176.59,163543307428.2
601888,2025-11-24,79.5,78.53,80.08,77.76,36008200.0,0.0184,2833888400.0000005,175.55,162467500725.32
601888,2025-11-25,79.2,79.69,80.05,78.9,30537800.0,0.015600000000000001,2427729500.0,177.87,164867377216.36
601888,2025-11-26,79.71,80.34,80.79,79.18,39365500.0,0.0202,3151195100.0,179.17,166212135594.96
601888,2025-11-27,80.9,78.5,80.91,78.42,36764500.0,0.018799999999999997,2914795700.0,175.49,162405434954.0
601888,2025-11-28,78.52,79.03,79.15,77.1,31696400.0,0.016200000000000003,2475411000.0,176.55,163501930247.32
601888,2025-12-01,79.02,84.46,85.73,78.98,73627200.0,0.0377,6093773800.0,187.41,174735834856.24
601888,2025-12-02,84.0,83.42,84.42,82.4,35677000.0,0.0183,2970633400.0000005,185.33,172584221450.48
601888,2025-12-03,83.0,81.83,84.3,81.7,29842800.0,0.015300000000000001,2468607700.0,182.15,169294735570.52
601888,2025-12-04,81.15,81.22,81.8,80.3,20812200.0,0.010700000000000001,1685400799.9999998,180.93,168032731553.68
601888,2025-12-05,81.17,81.02,81.77,80.16,22278100.0,0.011399999999999999,1802652100.0,180.53,167618959744.88
601888,2025-12-08,81.11,82.11,82.95,81.11,31270600.0,0.016,2564195800.0,182.71,169874016102.84
601888,2025-12-09,81.58,80.24,82.09,79.91,28835800.0,0.0148,2329500100.0,178.97,166005249690.56
601888,2025-12-10,79.9,82.83,83.76,79.84,51785300.0,0.0265,4249257300.0,184.15,171363594614.52
601888,2025-12-11,82.6,79.48,82.6,79.41,37150000.0,0.019,2991723400.0000005,177.45,164432916817.12
601888,2025-12-12,79.5,79.2,80.06,77.91,28028200.0,0.0144,2214801800.0,176.89,163853636284.8
601888,2025-12-15,79.22,79.42,80.47,78.44,22052600.0,0.0113,1752136099.9999998,177.33,164308785274.48
601888,2025-12-16,79.36,80.1,80.95,79.0,31532900.0,0.016200000000000003,2526386600.0,179.19,165715609424.4
601888,2025-12-17,80.5,79.72,80.88,76.92,33410400.0,0.0171,2623197700.0,178.43,164929442987.68
601888,2025-12-18,78.8,76.5,79.52,76.5,32515500.0,0.0167,2523787000.0,171.99,158267716866.0
601888,2025-12-19,76.5,82.81,84.15,76.5,77956000.0,0.039900000000000005,6330492600.0,184.61,171322217433.64
601888,2025-12-22,84.0,91.09,91.09,83.4,88745800.0,0.0455,7833995900.0,201.17,188452370317.96
601888,2025-12-23,92.67,88.91,95.64,88.87,134030000.0,0.06860000000000001,12272913000.0,196.81,183942257602.04
601888,2025-12-24,87.26,87.86,88.66,86.15,71431000.0,0.0366,6244445900.0,194.71,181769955605.84
601888,2025-12-25,87.0,85.21,87.26,85.01,51523600.0,0.0264,4417559300.0,189.41,176287479139.24
601888,2025-12-26,84.84,92.3,92.88,84.53,100830300.0,0.0516,9084441300.0,203.59,190955689761.2
601888,2025-12-29,93.0,91.48,95.1,90.1,67085900.0,0.0344,6185787200.0,201.95,189259225345.12
601888,2025-12-30,91.38,90.21,91.38,88.88,46653200.0,0.0239,4194057100.0,199.41,186631774359.24
601888,2025-12-31,90.57,94.56,95.66,88.88,83146200.0,0.0426,7700568700.0,208.11,195631311200.64
601888,2026-01-05,92.97,90.29,93.3,89.5,78449300.0,0.04019999999999999,7105066800.000001,199.57,186797283082.76
601888,2026-01-06,89.97,90.59,91.3,89.0,57830500.0,0.0296,5208861300.0,200.17,187417940795.96
601888,2026-01-07,90.6,93.41,94.79,90.1,69224300.0,0.0355,6453766899.999999,205.81,193252123300.04
601888,2026-01-08,92.46,92.95,96.41,92.16,56929400.0,0.0292,5356620300.0,204.89,192300448139.8
601888,2026-01-09,93.84,95.78,97.48,93.46,68204900.0,0.0349,6554581100.0,210.55,198155319234.32
601888,2026-01-12,95.79,95.4,97.5,93.93,59171200.0,0.030299999999999997,5640929500.0,209.79,197369152797.6
601888,2026-01-13,95.4,91.91,95.82,91.81,55861000.0,0.0286,5219205400.0,202.81,190148834734.04
601888,2026-01-14,92.0,90.05,93.09,89.93,58599000.0,0.03,5347525500.0,199.09,186300756912.2
601888,2026-01-15,89.71,89.61,91.75,89.3,38141100.0,0.0195,3438573600.0,198.21,185390458932.84
601888,2026-01-16,90.15,88.43,90.88,88.0,41008000.0,0.021,3643538200.0,195.85,182949205260.92
601888,2026-01-19,88.77,93.4,94.0,88.77,71518900.0,0.0366,6578229100.0,205.79,193231434709.6
601888,2026-01-20,94.9,96.09,99.81,94.0,84885600.0,0.0435,8238635500.0,211.17,198796665537.96
601888,2026-01-21,96.09,95.09,97.5,94.18,44680200.0,0.0229,4258496300.0,209.17,196727806493.96
601888,2026-01-22,97.0,93.61,97.45,92.91,43923500.0,0.0225,4147289400.0,206.21,193665895108.84
601888,2026-01-23,93.62,93.32,97.5,92.81,73605200.0,0.0377,6998827500.0,205.63,193065925986.08
601888,2026-01-26,93.14,92.66,95.5,92.62,57672600.0,0.029500000000000002,5411887700.0,204.31,191700479017.04
601888,2026-01-27,92.67,90.8,93.16,90.01,45868200.0,0.0235,4161538100.0,200.59,187852401195.2
601888,2026-01-28,90.75,89.84,91.5,89.8,45146100.0,0.0231,4075335000.0,198.67,185866296512.96
601888,2026-01-29,89.13,92.3,92.3,87.17,66275000.0,0.0339,5986716300.0,203.59,190955689761.2
601888,2026-01-30,92.39,89.37,92.39,89.0,46444600.0,0.023799999999999998,4182028900.0,197.73,184893932762.28
601888,2026-02-02,88.27,88.95,91.79,88.22,33111200.0,0.017,2980272500.0,196.89,184025011963.8
601888,2026-02-03,89.0,91.6,91.88,89.0,45942300.0,0.0235,4163725300.0000005,202.19,189507488430.4
601888,2026-02-04,91.1,91.49,91.77,90.25,26532200.0,0.013600000000000001,2417532600.0,201.97,189279913935.56
601888,2026-02-05,90.91,92.47,93.3,90.72,50981400.0,0.026099999999999998,4697761100.0,203.93,191307395798.68
601888,2026-02-06,91.5,92.35,93.45,89.5,39841700.0,0.0204,3643115400.0,203.69,191059132713.4
601888,2026-02-09,92.99,97.1,97.88,92.99,71660700.0,0.036699999999999997,6895475100.0,213.19,200886213172.4
601888,2026-02-10,96.75,95.1,96.75,93.71,43542100.0,0.0223,4122756700.0,209.19,196748495084.4
601888,2026-02-11,94.45,97.0,98.72,94.3,50123800.0,0.025699999999999997,4854012100.0,212.99,200679327268.0
601888,2026-02-12,96.78,94.17,97.07,93.9,43302800.0,0.0222,4100219800.0,207.33,194824456173.48
601888,2026-02-13,94.47,94.64,95.59,93.42,36714600.0,0.018799999999999997,3473124200.0,208.27,195796819924.16
601888,2026-02-24,88.0,85.18,88.96,85.18,48629400.0,0.024900000000000002,4180062199.9999995,189.35,176225413367.92
601888,2026-02-25,83.0,82.1,83.94,80.61,68228200.0,0.0349,5605710699.999999,183.19,169853327512.4
601888,2026-02-26,81.22,80.1,82.0,80.01,51961700.0,0.026600000000000002,4186762500.0,179.19,165715609424.4
601888,2026-02-27,79.88,80.58,81.34,79.85,28587500.0,0.0146,2307044100.0,180.15,166708661765.52
601888,2026-03-02,77.82,78.1,79.41,77.14,42695400.0,0.0219,3325599800.0,175.19,161577891336.4
601888,2026-03-03,77.9,75.73,78.55,75.45,46517500.0,0.023799999999999998,3559379500.0,170.45,156674695402.12
601888,2026-03-04,75.06,76.76,76.98,75.02,32655000.0,0.0167,2484792500.0,172.51,158805620217.44
601888,2026-03-05,77.5,76.45,77.7,76.16,23906800.0,0.012199999999999999,1840674800.0,171.89,158164273913.8
601888,2026-03-06,75.98,76.62,77.1,75.64,17714800.0,0.0091,1356833800.0,172.23,158515979951.28
601888,2026-03-09,75.0,75.1,75.5,74.17,29131300.0,0.0149,2177251000.0,169.19,155371314204.4
601888,2026-03-10,75.81,75.4,76.58,75.08,17923600.0,0.0092,1355162900.0,169.79,155991971917.6
601888,2026-03-11,75.41,74.33,75.65,74.06,21958800.0,0.011200000000000002,1636698100.0,167.65,153778292740.52
601888,2026-03-12,74.21,73.74,74.5,73.01,23670400.0,0.0121,1743452200.0,166.47,152557665904.56
601888,2026-03-13,73.22,73.29,74.2,73.2,17800900.0,0.0091,1310670500.0,165.57,151626679334.76
601888,2026-03-16,73.2,75.17,75.86,72.9,33312000.0,0.0171,2489599500.0,169.33,155516134337.48
601888,2026-03-17,75.0,75.35,76.5,74.63,26377000.0,0.013500000000000002,2000710799.9999998,169.69,155888528965.4
601888,2026-03-18,75.0,74.96,75.5,74.27,14458900.0,0.0074,1081035700.0,168.91,155081673938.24
601888,2026-03-19,74.0,72.56,74.2,72.36,20031400.0,0.0103,1462559400.0,164.11,150764924488.64
601888,2026-03-20,73.0,72.2,73.86,72.15,16554100.0,0.0085,1207999400.0,163.39,150016917696.8
601888,2026-03-23,71.8,70.77,72.15,70.2,24495700.0,0.0125,1743720200.0,160.53,147045668495.88
601888,2026-03-24,71.51,70.82,71.6,69.53,19492100.0,0.01,1370159600.0,160.63,147149558328.08
601888,2026-03-25,71.13,71.82,71.96,70.7,17356800.0,0.0089,1240622200.0,162.63,149227354972.08
601888,2026-03-26,71.52,70.69,72.12,70.41,15324000.0,0.0078000000000000005,1089117500.0,160.37,146879444764.36
601888,2026-03-27,70.0,71.65,71.85,69.9,14464500.0,0.0074,1031218700.0,162.29,148874129542.6
601888,2026-03-30,70.51,70.86,71.16,70.07,13439200.0,0.0069,949102899.9999999,160.71,147232670193.84
601888,2026-03-31,71.35,70.38,73.24,70.38,21218800.0,0.0109,1522296700.0000002,159.75,146235327804.72
601888,2026-04-01,71.58,71.4,71.91,70.5,18418900.0,0.009399999999999999,1311907600.0,161.79,148354680381.6
601888,2026-04-02,71.1,70.0,71.34,69.6,17126200.0,0.0088,1204523400.0,158.99,145445765080.0
601888,2026-04-03,70.16,68.92,70.33,68.41,13350600.0,0.0068000000000000005,921883000.0,156.83,143201744704.48
601888,2026-04-07,69.03,67.98,69.2,67.79,15149700.0,0.0078000000000000005,1034648800.0,154.95,141248615859.12
601888,2026-04-08,69.29,69.99,70.33,68.82,29083200.0,0.0149,2021409200.0000002,158.97,145424987113.56
601888,2026-04-09,69.27,67.89,69.28,67.79,22063500.0,0.0113,1504743599.9999998,154.77,141061614161.16
601888,2026-04-10,68.18,69.04,69.65,68.01,21635800.0,0.0111,1492343000.0,157.07,143451080301.76
601888,2026-04-13,68.55,68.9,68.99,68.01,15778900.0,0.008100000000000001,1081519500.0,156.79,143160188771.6
601888,2026-04-14,69.6,69.08,70.18,67.9,26329000.0,0.013500000000000002,1808366300.0,157.15,143534192167.52
601888,2026-04-15,69.32,68.38,69.77,68.26,20236500.0,0.0104,1395859700.0,155.75,142079734516.72
601888,2026-04-16,68.38,68.49,68.8,68.2,18271100.0,0.009399999999999999,1250392800.0,155.97,142308292147.56
601888,2026-04-17,68.34,66.79,68.34,66.12,38710700.0,0.019799999999999998,2582299000.0,152.57,138776037852.76
601888,2026-04-20,66.73,67.69,68.86,66.01,29268900.0,0.015,1970772200.0,154.37,140646054832.36
601888,2026-04-21,67.69,67.27,68.65,67.01,19276100.0,0.009899999999999999,1302249100.0,153.53,139773380241.88
601888,2026-04-22,67.12,66.63,67.27,66.48,18555900.0,0.0095,1236673700.0,152.25,138443590389.72
601888,2026-04-23,66.64,66.28,67.27,66.0,20900600.0,0.010700000000000001,1389990799.9999998,151.55,137716361564.32
601888,2026-04-24,66.01,65.42,66.16,65.41,18674900.0,0.0096,1226322200.0,149.83,135929456450.48
601888,2026-04-27,65.3,65.62,65.73,64.87,17131600.0,0.0088,1118922900.0,150.23,136345015779.28
601888,2026-04-28,65.42,64.56,65.42,64.34,19699100.0,0.0101,1274921700.0,148.11,134142551336.64
601888,2026-04-29,64.21,65.95,66.1,64.2,25114300.0,0.0129,1647090799.9999998,150.89,137030688671.8
601888,2026-04-30,66.99,65.62,67.0,65.0,33912500.0,0.0174,2231151200.0,150.23,136345015779.28
601888,2026-05-06,63.7,63.03,63.73,62.29,49419800.0,0.0253,3113357700.0,145.05,130963522471.32
601888,2026-05-07,63.05,63.05,63.7,62.78,29285900.0,0.015,1846397700.0,145.09,131005078404.2
601888,2026-05-08,62.95,62.68,63.18,62.65,22175700.0,0.011399999999999999,1393078800.0,144.35,130236293645.92
601888,2026-05-11,62.48,62.69,63.1,61.76,35591000.0,0.0182,2221639600.0,144.37,130257071612.36
601888,2026-05-12,62.63,61.55,62.68,61.2,34470300.0,0.0177,2127460799.9999998,142.09,127888383438.2
601888,2026-05-13,61.55,61.38,61.9,60.7,31238800.0,0.016,1911595400.0,141.75,127535158008.72
601888,2026-05-14,61.39,60.8,62.68,60.05,46043500.0,0.0236,2823191500.0,140.59,126330035955.2
601888,2026-05-15,60.66,59.0,60.7,58.92,41537100.0,0.0213,2472711000.0,136.99,122590001996.0
601888,2026-05-18,59.06,58.11,59.2,57.88,28467600.0,0.0146,1660403200.0,135.21,120740762982.84
601888,2026-05-19,58.09,58.36,59.27,57.88,29065100.0,0.0149,1702196600.0,135.71,121260212143.84
601888,2026-05-20,58.04,57.81,58.15,57.27,24775100.0,0.0127,1430260900.0,134.61,120117423989.64
601888,2026-05-21,57.99,57.1,58.98,57.03,32625200.0,0.0167,1899235000.0,133.19,118642188372.4
601888,2026-05-22,57.5,56.65,57.55,56.33,25678200.0,0.0132,1454778400.0,132.29,117707179882.6
601888,2026-05-25,56.53,56.8,57.56,56.5,24987700.0,0.0128,1423216300.0,132.59,118018849379.2
601888,2026-05-26,56.55,56.53,57.58,55.55,35326300.0,0.0181,1990874000.0,132.05,117457844285.32
601888,2026-05-27,56.36,56.23,57.4,55.16,48099200.0,0.0246,2701681800.0,131.45,116834505292.12
601888,2026-05-28,55.8,54.76,56.0,54.56,35929400.0,0.0184,1979080000.0,128.51,113780144225.44
601888,2026-05-29,55.2,59.58,60.24,54.83,128034700.0,0.06559999999999999,7531532800.0,138.15,123795124049.52
601888,2026-06-01,57.0,58.68,58.81,56.82,76633500.0,0.0392,4422905900.0,136.35,121925107069.92
601888,2026-06-02,58.6,56.94,58.6,56.5,53129400.0,0.027200000000000002,3033284000.0,132.87,118309740909.36
601888,2026-06-03,56.48,57.05,57.5,55.58,44004900.0,0.0225,2491505100.0,133.09,118538298540.2
601888,2026-06-04,56.99,55.59,57.59,55.2,40362500.0,0.0207,2259048800.0,130.17,115504715439.96
601888,2026-06-05,56.46,57.2,60.26,56.46,69005000.0,0.0353,4011514200.0,133.39,118849968036.8
601888,2026-06-08,59.0,57.45,59.8,57.27,74742600.0,0.0383,4370877300.0,133.89,119369417197.8
601888,2026-06-09,56.88,57.38,57.58,55.85,51077200.0,0.0262,2891153900.0,133.75,119223971432.72
601888,2026-06-10,57.43,58.05,58.85,56.36,55376200.0,0.028399999999999998,3198451700.0,135.09,120616095184.2
601888,2026-06-11,57.52,57.01,58.67,56.91,44489900.0,0.022799999999999997,2564579100.0,133.01,118455186674.44
601888,2026-06-12,56.5,58.49,59.49,56.18,55405200.0,0.028399999999999998,3216002900.0,135.97,121530325707.56
601888,2026-06-15,58.7,59.08,59.49,58.2,42647900.0,0.0218,2509396600.0,137.15,122756225727.52
601888,2026-06-16,59.08,58.4,59.08,58.01,33816700.0,0.0173,1973691200.0,135.79,121343324009.6
601888,2026-06-17,58.4,56.83,58.6,55.93,52165600.0,0.026699999999999998,2962958900.0,132.65,118081183278.52
601888,2026-06-18,56.2,55.33,56.5,55.11,41109600.0,0.021099999999999997,2283206700.0,129.65,114964488312.52
601888,2026-06-22,54.85,56.79,56.85,52.38,59862200.0,0.030699999999999998,3260170700.0,132.57,117998071412.76
601888,2026-06-23,56.0,56.0,57.98,55.66,45344000.0,0.0232,2569005200.0,130.99,116356612064.0
601888,2026-06-24,55.7,54.62,56.12,54.57,31715800.0,0.016200000000000003,1744086099.9999998,128.23,113489252695.28
601888,2026-06-25,54.08,55.66,56.99,54.07,42024500.0,0.0215,2338705600.0,130.31,115650161205.04
601888,2026-06-26,55.26,53.32,56.89,53.31,38482200.0,0.0197,2101418200.0,125.63,110788117058.08
601888,2026-06-29,52.58,53.6,54.37,50.7,51145500.0,0.0262,2695964300.0,126.19,111369900118.4
601888,2026-06-30,53.0,53.71,54.05,52.3,30906200.0,0.0158,1646799700.0,126.41,111598457749.24
601888,2026-07-01,53.65,55.0,55.72,52.74,45826800.0,0.0235,2500120900.0,128.99,114278815420.0
601888,2026-07-02,54.8,53.69,55.78,53.68,36795100.0,0.018799999999999997,1999367500.0,126.37,111556901816.36
601888,2026-07-03,53.68,53.11,54.34,52.9,30720600.0,0.015700000000000002,1640849500.0,125.21,110351779762.84
601888,2026-07-06,52.74,53.02,53.78,52.74,27507600.0,0.0141,1464005400.0,125.03,110164778064.88
601888,2026-07-07,52.51,50.97,52.85,50.95,33931900.0,0.0174,1750665900.0,120.93,105905294944.68
601888,2026-07-08,51.2,51.53,52.2,51.03,29688400.0,0.0152,1533206000.0,122.05,107068861065.32
601888,2026-07-09,51.26,50.99,51.58,50.3,27454900.0,0.0141,1395078299.9999998,120.97,105946850877.56
601888,2026-07-10,51.0,52.73,53.16,50.32,43252800.0,0.0222,2261932800.0,124.45,109562217038.12
601888,2026-07-13,52.4,50.91,52.72,50.9,30841300.0,0.0158,1581786000.0,120.81,105780627146.04
601888,2026-07-14,50.9,50.92,51.34,50.21,20197400.0,0.0103,1023512100.0000001,121.73,105801405112.48
601888,2026-07-15,50.6,54.41,55.3,50.5,71404200.0,0.0366,3836715200.0,128.71,113052915400.04
601888,2026-07-16,53.7,54.52,55.32,53.33,42567000.0,0.0218,2314569700.0,128.93,113281473030.88
601888,2026-07-17,54.11,52.9,55.74,52.59,42019200.0,0.0215,2252922700.0,125.69,109915442467.6
601888,2026-07-20,52.5,54.67,55.14,52.4,50134400.0,0.025699999999999997,2718260800.0,129.23,113593142527.48
601888,2026-07-21,54.7,54.08,54.96,53.65,42228500.0,0.0216,2285640800.0,128.05,112367242507.52
601888,2026-07-22,53.8,55.7,55.96,53.28,54497100.0,0.0279,3008316300.0,131.29,115733273070.8
601888,2026-07-23,55.42,55.24,55.57,54.33,31531900.0,0.0161,1731777300.0,130.37,114777486614.56
601888,2026-07-24,54.9,53.2,55.21,53.02,32369100.0,0.0166,1744791600.0,126.29,110538781460.8
601888,2026-07-27,53.75,54.44,55.17,53.16,28464800.0,0.0146,1542192200.0,128.77,113115249299.36
601888,2026-07-28,53.98,55.51,55.7,53.92,40248900.0,0.0206,2223628800.0,130.91,115338491708.44
601888,2026-07-29,55.92,57.38,57.96,55.52,57859600.0,0.0296,3310409900.0,134.65,119223971432.72
601888,2026-07-30,56.99,58.08,59.5,56.99,59956500.0,0.030699999999999998,3496907300.0,136.05,120678429083.52
601888,2026-07-31,56.2,58.01,58.06,56.2,40284100.0,0.0206,2313764200.0,135.91,120532983318.44
601888,2026-08-03,58.02,57.97,58.7,57.32,30332800.0,0.0155,1758229700.0,135.83,120449871452.68
601888,2026-08-04,57.76,56.82,57.96,56.62,37283100.0,0.0191,2124765200.0,133.53,118060405312.08
601888,2026-08-05,56.68,56.39,56.93,55.91,38003600.0,0.0195,2139395799.9999998,132.67,117166952755.16
601888,2026-08-06,56.51,55.56,56.66,55.31,34607100.0,0.0177,1928175500.0,131.01,115442381540.64
601888,2026-08-07,55.26,55.82,55.95,54.9,33263800.0,0.017,1843455799.9999998,131.53,115982608668.08
601888,2026-08-10,55.56,56.24,56.68,55.5,30119800.0,0.0154,1695255000.0,132.37,116855283258.56
601888,2026-08-11,56.1,55.45,56.16,55.41,25272800.0,0.0129,1408175700.0,130.79,115213823909.8
601888,2026-08-12,55.25,55.59,55.92,55.1,24202500.0,0.0124,1343560700.0,131.07,115504715439.96
601888,2026-08-13,55.3,54.97,55.87,54.92,26011400.0,0.013300000000000001,1440264000.0,129.83,114216481520.68
601888,2026-08-14,55.0,54.06,55.01,53.86,27260100.0,0.013999999999999999,1478277700.0,128.01,112325686574.64
601888,2026-08-17,53.77,54.03,54.05,53.26,21952600.0,0.011200000000000002,1177155000.0,127.95,112263352675.32
601888,2026-08-18,53.85,53.88,54.29,53.62,17746600.0,0.0091,956775600.0,127.65,111951683178.72
601888,2026-08-19,53.9,52.88,54.18,52.59,23753500.0,0.012199999999999999,1258829200.0,125.65,109873886534.72
601888,2026-08-20,52.72,53.1,53.58,52.71,18209400.0,0.009300000000000001,968014200.0,126.09,110331001796.4
601888,2026-08-21,52.92,52.29,52.98,52.02,17242800.0,0.0088,901540600.0,124.47,108647986514.76
601888,2026-08-24,52.35,52.06,52.49,51.81,15294000.0,0.0078000000000000005,796637800.0,124.01,108170093286.64
601888,2026-08-25,51.93,52.61,52.86,51.93,19247100.0,0.009899999999999999,1010235100.0,125.11,109312881440.84
601888,2026-08-26,52.35,53.08,53.17,52.31,18296300.0,0.009399999999999999,969483100.0,126.05,110289445863.52
601888,2026-08-27,52.9,53.15,53.18,52.6,15666300.0,0.008,829199700.0,126.19,110434891628.6
601888,2026-08-28,53.1,53.35,53.59,52.86,17962600.0,0.0092,956708600.0,126.59,110850450957.4
601888,2026-08-31,53.37,52.48,53.59,52.34,20229200.0,0.0104,1063890300.0,124.85,109042767877.12
601888,2026-09-01,52.5,53.51,53.8,52.49,26400600.0,0.013500000000000002,1409922000.0,126.91,111182898420.44
601888,2026-09-02,53.3,52.68,53.51,52.6,17669600.0,0.009000000000000001,934001100.0,125.25,109458327205.92
601888,2026-09-03,52.68,53.72,54.44,52.68,33090900.0,0.0169,1780825000.0,127.33,111619235715.68
601888,2026-09-04,53.77,54.6,54.99,53.34,35909400.0,0.0184,1958101500.0,129.09,113447696762.4
601888,2026-09-07,54.55,54.83,55.15,54.06,27389500.0,0.013999999999999999,1499250700.0,129.55,113925589990.52
601888,2026-09-08,54.8,54.59,55.4,54.3,24256100.0,0.0124,1326723100.0,129.07,113426918795.96
601888,2026-09-09,54.3,53.74,54.3,53.4,21003300.0,0.0108,1128285900.0,127.37,111660791648.56
601888,2026-09-10,53.52,52.58,53.71,52.56,20796900.0,0.010700000000000001,1098501800.0,125.05,109250547541.52
601888,2026-09-11,52.21,51.67,52.3,51.16,21063600.0,0.0108,1087059300.0,123.23,107359752595.48
601888,2026-09-14,51.6,51.71,52.12,51.16,14167000.0,0.0073,730467600.0,123.31,107442864461.24
601888,2026-09-15,51.62,51.05,51.64,50.98,12646000.0,0.006500000000000001,647859700.0,121.99,106071518676.2
601888,2026-09-16,50.96,51.2,51.26,50.61,12199000.0,0.0062,621906100.0,122.29,106383188172.8
